
/*!40101 SET @OLD_CHARACTER_SET_CLIENT=@@CHARACTER_SET_CLIENT */;
/*!40101 SET @OLD_CHARACTER_SET_RESULTS=@@CHARACTER_SET_RESULTS */;
/*!40101 SET @OLD_COLLATION_CONNECTION=@@COLLATION_CONNECTION */;
/*!40101 SET NAMES utf8mb4 */;
/*!40103 SET @OLD_TIME_ZONE=@@TIME_ZONE */;
/*!40103 SET TIME_ZONE='+00:00' */;
/*!40014 SET @OLD_UNIQUE_CHECKS=@@UNIQUE_CHECKS, UNIQUE_CHECKS=0 */;
/*!40014 SET @OLD_FOREIGN_KEY_CHECKS=@@FOREIGN_KEY_CHECKS, FOREIGN_KEY_CHECKS=0 */;
/*!40101 SET @OLD_SQL_MODE=@@SQL_MODE, SQL_MODE='NO_AUTO_VALUE_ON_ZERO' */;
/*!40111 SET @OLD_SQL_NOTES=@@SQL_NOTES, SQL_NOTES=0 */;
DROP TABLE IF EXISTS `actions`;
/*!40101 SET @saved_cs_client     = @@character_set_client */;
/*!40101 SET character_set_client = utf8 */;
CREATE TABLE `actions` (
  `id` bigint(20) unsigned NOT NULL AUTO_INCREMENT,
  `action` varchar(255) COLLATE utf8mb4_unicode_ci NOT NULL,
  PRIMARY KEY (`id`)
) ENGINE=InnoDB AUTO_INCREMENT=6 DEFAULT CHARSET=utf8mb4 COLLATE=utf8mb4_unicode_ci;
/*!40101 SET character_set_client = @saved_cs_client */;

LOCK TABLES `actions` WRITE;
/*!40000 ALTER TABLE `actions` DISABLE KEYS */;
INSERT INTO `actions` VALUES (1,'Registro de Entrada de una Visita'),(2,'Registro de Salida de una Visita'),(3,'Modificacion a su Perfil'),(4,'Visualizo los Reportes de Visita'),(5,'Descarga de Reportes de Visita');
/*!40000 ALTER TABLE `actions` ENABLE KEYS */;
UNLOCK TABLES;
DROP TABLE IF EXISTS `bitacores`;
/*!40101 SET @saved_cs_client     = @@character_set_client */;
/*!40101 SET character_set_client = utf8 */;
CREATE TABLE `bitacores` (
  `id` bigint(20) unsigned NOT NULL AUTO_INCREMENT,
  `user_id` bigint(20) unsigned DEFAULT NULL,
  `action_id` bigint(20) unsigned DEFAULT NULL,
  `details` text COLLATE utf8mb4_unicode_ci NOT NULL,
  `input` timestamp NULL DEFAULT NULL,
  PRIMARY KEY (`id`),
  KEY `bitacores_user_id_foreign` (`user_id`),
  KEY `bitacores_action_id_foreign` (`action_id`),
  CONSTRAINT `bitacores_action_id_foreign` FOREIGN KEY (`action_id`) REFERENCES `actions` (`id`) ON DELETE CASCADE,
  CONSTRAINT `bitacores_user_id_foreign` FOREIGN KEY (`user_id`) REFERENCES `users` (`id`) ON DELETE CASCADE
) ENGINE=InnoDB AUTO_INCREMENT=3 DEFAULT CHARSET=utf8mb4 COLLATE=utf8mb4_unicode_ci;
/*!40101 SET character_set_client = @saved_cs_client */;

LOCK TABLES `bitacores` WRITE;
/*!40000 ALTER TABLE `bitacores` DISABLE KEYS */;
INSERT INTO `bitacores` VALUES (1,2,1,'hizo un registro de entrada del visitante Carlos Francisco a la zona de FUNDABIT','2020-07-02 06:49:04'),(2,1,4,'El usuario visualizo los registros de visitas en el edificio','2020-07-02 06:52:47');
/*!40000 ALTER TABLE `bitacores` ENABLE KEYS */;
UNLOCK TABLES;
DROP TABLE IF EXISTS `direction_tickets`;
/*!40101 SET @saved_cs_client     = @@character_set_client */;
/*!40101 SET character_set_client = utf8 */;
CREATE TABLE `direction_tickets` (
  `id` bigint(20) unsigned NOT NULL AUTO_INCREMENT,
  `direction_id` bigint(20) unsigned DEFAULT NULL,
  `ticket_id` bigint(20) unsigned DEFAULT NULL,
  `code` varchar(255) COLLATE utf8mb4_unicode_ci NOT NULL,
  PRIMARY KEY (`id`),
  KEY `direction_tickets_direction_id_foreign` (`direction_id`),
  KEY `direction_tickets_ticket_id_foreign` (`ticket_id`),
  CONSTRAINT `direction_tickets_direction_id_foreign` FOREIGN KEY (`direction_id`) REFERENCES `directions` (`id`) ON DELETE CASCADE,
  CONSTRAINT `direction_tickets_ticket_id_foreign` FOREIGN KEY (`ticket_id`) REFERENCES `tickets` (`id`) ON DELETE CASCADE
) ENGINE=InnoDB AUTO_INCREMENT=136 DEFAULT CHARSET=utf8mb4 COLLATE=utf8mb4_unicode_ci;
/*!40101 SET character_set_client = @saved_cs_client */;

LOCK TABLES `direction_tickets` WRITE;
/*!40000 ALTER TABLE `direction_tickets` DISABLE KEYS */;
INSERT INTO `direction_tickets` VALUES (1,1,1,'jaepozxstht6n0ifijjd'),(2,1,2,'axgkzsk2mb2auzsp806c'),(3,1,3,'u64mbfn4tkxyczexsx2b'),(4,2,1,'gagkolhkc5n38dj9dnt9'),(5,2,2,'vqsb35m2rlpw57fe2v8e'),(6,2,3,'06hxa1l38iiu04d0ych3'),(7,3,1,'73ttu05f4srx7r6hnfyp'),(8,3,2,'li3ijt8vxte9qgn15qfb'),(9,3,3,'mk4u4hhebt7ge3v38zrd'),(10,4,1,'705frbbdkyk7ak4hba25'),(11,4,2,'796gp2dg5tqgedm1g7er'),(12,4,3,'jaintq5h2xw7u4oqlbzv'),(13,5,1,'h2uyjywor2n0w5n445sj'),(14,5,2,'rdh952smuj5k2av47uju'),(15,5,3,'81b6j916bkqnpep4ktiv'),(16,6,1,'6cobjw9xu0fvhaxgxpz7'),(17,6,2,'83vevxhj3e44yekwnrkl'),(18,6,3,'fj0cct892zfz8dgrdm6p'),(19,7,1,'fl50b39b4pziwgsbcorj'),(20,7,2,'79bjjflai3mxcdi4cobx'),(21,7,3,'fq0wqa08y69l3z8ninfp'),(22,8,1,'caaiuonuihp1mctfqwlo'),(23,8,2,'l351w0pcxkataoli2ng3'),(24,8,3,'onb0063irg8zsx4hdvwl'),(25,9,1,'ytw3ogyv73b01m33w3wo'),(26,9,2,'86s8iqagw784t32ym64z'),(27,9,3,'0v1yp2x5uza965zoqutg'),(28,10,1,'nhofb1iv5lls5kuzyu3w'),(29,10,2,'qfwl6y28uaqi9gbn20l4'),(30,10,3,'rjokid0d6995vnf4xos4'),(31,11,1,'gjbqdx8nyz1eriruurn3'),(32,11,2,'t9r3p8ub3l4d25mpzlck'),(33,11,3,'q877eo5d5r7v9dc7xkgn'),(34,12,1,'a6ned1ermwwc7o532ait'),(35,12,2,'ki1fad1bdzdb2ct351fu'),(36,12,3,'7nf7in00bi8015xzuvlf'),(37,13,1,'p6i7d4vmdx5gkzrip442'),(38,13,2,'eutdz7a4fure52arzpdk'),(39,13,3,'c752irlm15ev1uzd7hmo'),(40,14,1,'gvzj823gl2g7hifhn6ij'),(41,14,2,'7hqg6l6pxxnmoybhxmu3'),(42,14,3,'9b8v0486cm7sflz18jw5'),(43,15,1,'b9cf1t32x70gl593q96b'),(44,15,2,'hp6zdu1mvykaf6752rno'),(45,15,3,'i9pl3ep65oga67psc78n'),(46,16,1,'swp1u5jx9hbeun1al6f6'),(47,16,2,'fy0prbos3lse4a7koznk'),(48,16,3,'ahbn86adquyb7gec3wpa'),(49,17,1,'2ygl0xtxfmqu18vwm5yh'),(50,17,2,'7vl5q0deh65ghqeangaa'),(51,17,3,'1y0cy7ggt48dw56ll2ep'),(52,18,1,'icpzklp07f4carzvm52r'),(53,18,2,'ypxah422a29z82clb33l'),(54,18,3,'ybk1gtyu4ef8kik75kxg'),(55,19,1,'w64j8p993r11uqlcq1oc'),(56,19,2,'0ykr6texlrif5fmxk1ej'),(57,19,3,'b92vldi7g9r2pmbro9i6'),(58,20,1,'8dmo6ybwacbl69nw7tvi'),(59,20,2,'rxgtno3cjqdzhkjscbdw'),(60,20,3,'29jtgby4q6ilg6vbzu25'),(61,21,1,'dp6tq15brkjd446j1id2'),(62,21,2,'7adfkhnhkr9vls5z9z59'),(63,21,3,'be7v64agcona5w7to20m'),(64,22,1,'hyvwldriivthq6ievc0g'),(65,22,2,'hjut8vaevy3y15l0il33'),(66,22,3,'9m1uqb1bga6xohmf052p'),(67,23,1,'egl5gwtlaweozm8oozxj'),(68,23,2,'ka9jklbhbrxelxvvoq28'),(69,23,3,'zxpfepbqdd8mdh1s94qy'),(70,24,1,'hkhdszxdptq62tu6g0tt'),(71,24,2,'9uejr6b9tuw3i9tl3try'),(72,24,3,'j32ugz1mc07jll4nsbzq'),(73,25,1,'khgseszmh23rfc2lc7cm'),(74,25,2,'nfcgdq4b3rwx41lnsf1m'),(75,25,3,'p99ojjot7zzducn71ypk'),(76,26,1,'5u8qsu29j3g2rxmom6jk'),(77,26,2,'kpubr0gfsk8rbttwblcc'),(78,26,3,'ak9o3oc0qgsl1wps7iz8'),(79,27,1,'qdpqztodizoa9ga7mi2t'),(80,27,2,'m6jxe4743zjoklhmitzk'),(81,27,3,'nlq20wkk221lgiridf0f'),(82,28,1,'40hjqqf4293gtp1c5igf'),(83,28,2,'7p1g80oivqyrbjrcu6qb'),(84,28,3,'vj7cfhh5km9digjrh2uq'),(85,29,1,'000q6zgyldxjgibsb5i7'),(86,29,2,'oyxrin26bzja52ebp3dz'),(87,29,3,'u4m1il2qulstb91kzwow'),(88,30,1,'a2uwvxmqms4ctw69o8iq'),(89,30,2,'dl37au410t043ez1l2hn'),(90,30,3,'3qjuwxqngt6encbuy9pl'),(91,31,1,'plxitpjwqldmwfcprbz0'),(92,31,2,'1tx0uyx6lwfx8kjhi0fv'),(93,31,3,'plbhir6zajdqdbqcafqq'),(94,32,1,'sut4qpzass2xtfkdwb3m'),(95,32,2,'a90lnyiwelfsfhirrh0n'),(96,32,3,'4vo55dacebbzp1trru37'),(97,33,1,'iv0ym187rla3qki2hbne'),(98,33,2,'azdrfyvr6jggjpbhe4i7'),(99,33,3,'kzy0b8ysar5r4wap43e6'),(100,34,1,'xjrgjg4y93kegokbma3p'),(101,34,2,'j6cxvcaj9kp17n3oy67p'),(102,34,3,'2457s4pmvvv8pxvtkmbu'),(103,35,1,'xmki03vc5xvtfn6hvku1'),(104,35,2,'iuf3sc3kl67b99x1mqt1'),(105,35,3,'97rsnkzgp84um7hdnq4l'),(106,36,1,'o59xt4x1qg56jukoa2jn'),(107,36,2,'8hjmi4tyl59v9apo3ptp'),(108,36,3,'7f5m458v7gdi4o5nlwvn'),(109,37,1,'ienxsb1ecfvy470cqgah'),(110,37,2,'fak19fzp5i9vy08wct0r'),(111,37,3,'vbu3l0mibwbg3o0fkarw'),(112,38,1,'7fnbyfciquc1yncci2n2'),(113,38,2,'3dhpcdp4kdyfkkbes0tq'),(114,38,3,'9lstdfln6kpczi8i96sc'),(115,39,1,'kjzv7og3ixnx09ihb42n'),(116,39,2,'j35k1q992fvt3rq0k7td'),(117,39,3,'y6u9i32w5887yg5ytht1'),(118,40,1,'q3yygbobzy08vokct1a0'),(119,40,2,'oth5m2vtzgdmr18rym5p'),(120,40,3,'y8rh509ugd59jiuuf8zq'),(121,41,1,'ryj8amzntz0v744r0p29'),(122,41,2,'11qmb8yp27yypdr4qj6m'),(123,41,3,'q3marxhr8detf3hbjida'),(124,42,1,'10ufbqfzhncisvph2jh8'),(125,42,2,'dl8x2wadl093esqk9pf0'),(126,42,3,'q0yntlpknbfdtev6fw8w'),(127,43,1,'9xktjoe9izaz9jejmz69'),(128,43,2,'ztf48u2qn6p5mxs7f8qy'),(129,43,3,'ou99c9mcwtihxdgtcfsn'),(130,44,1,'42zjvb6jknwiqe3r28wv'),(131,44,2,'0ybp22uos362mn3lnrer'),(132,44,3,'qklkrv4v08lwhvohe18t'),(133,45,1,'geczlgx5lxrfep7w2kpr'),(134,45,2,'vu8fzi7655u4via65fho'),(135,45,3,'378osarhc9dzywym1wb6');
/*!40000 ALTER TABLE `direction_tickets` ENABLE KEYS */;
UNLOCK TABLES;
DROP TABLE IF EXISTS `directions`;
/*!40101 SET @saved_cs_client     = @@character_set_client */;
/*!40101 SET character_set_client = utf8 */;
CREATE TABLE `directions` (
  `id` bigint(20) unsigned NOT NULL AUTO_INCREMENT,
  `floor_id` bigint(20) unsigned DEFAULT NULL,
  `zone_id` bigint(20) unsigned DEFAULT NULL,
  `sector_id` bigint(20) unsigned DEFAULT NULL,
  `dependence` tinyint(1) NOT NULL,
  PRIMARY KEY (`id`),
  KEY `directions_floor_id_foreign` (`floor_id`),
  KEY `directions_zone_id_foreign` (`zone_id`),
  KEY `directions_sector_id_foreign` (`sector_id`),
  CONSTRAINT `directions_floor_id_foreign` FOREIGN KEY (`floor_id`) REFERENCES `floors` (`id`) ON DELETE CASCADE,
  CONSTRAINT `directions_sector_id_foreign` FOREIGN KEY (`sector_id`) REFERENCES `sectors` (`id`) ON DELETE CASCADE,
  CONSTRAINT `directions_zone_id_foreign` FOREIGN KEY (`zone_id`) REFERENCES `zones` (`id`) ON DELETE CASCADE
) ENGINE=InnoDB AUTO_INCREMENT=46 DEFAULT CHARSET=utf8mb4 COLLATE=utf8mb4_unicode_ci;
/*!40101 SET character_set_client = @saved_cs_client */;

LOCK TABLES `directions` WRITE;
/*!40000 ALTER TABLE `directions` DISABLE KEYS */;
INSERT INTO `directions` VALUES (1,1,1,1,1),(2,1,1,2,1),(3,1,1,3,1),(4,1,2,4,1),(5,1,2,5,1),(6,1,2,6,1),(7,1,2,7,1),(8,1,2,8,1),(9,2,3,9,1),(10,2,3,10,1),(11,2,3,11,1),(12,2,3,12,1),(13,2,3,13,1),(14,2,4,14,1),(15,2,4,15,1),(16,2,4,16,1),(17,2,4,17,1),(18,2,4,18,1),(19,2,4,19,1),(20,2,5,20,1),(21,2,5,21,1),(22,2,5,22,1),(23,2,5,23,1),(24,2,5,24,1),(25,2,5,25,1),(26,2,5,26,1),(27,2,5,27,1),(28,3,6,28,1),(29,3,6,29,1),(30,3,6,30,1),(31,3,3,31,1),(32,3,3,32,1),(33,3,3,33,1),(34,3,3,34,1),(35,3,4,35,1),(36,3,4,36,1),(37,3,4,37,1),(38,3,4,38,1),(39,3,4,39,1),(40,3,4,40,1),(41,4,3,41,1),(42,4,4,42,1),(43,4,4,43,1),(44,4,5,44,1),(45,4,5,45,1);
/*!40000 ALTER TABLE `directions` ENABLE KEYS */;
UNLOCK TABLES;
DROP TABLE IF EXISTS `floors`;
/*!40101 SET @saved_cs_client     = @@character_set_client */;
/*!40101 SET character_set_client = utf8 */;
CREATE TABLE `floors` (
  `id` bigint(20) unsigned NOT NULL AUTO_INCREMENT,
  `floor` varchar(255) COLLATE utf8mb4_unicode_ci NOT NULL,
  `letter_code` varchar(255) COLLATE utf8mb4_unicode_ci NOT NULL,
  PRIMARY KEY (`id`)
) ENGINE=InnoDB AUTO_INCREMENT=5 DEFAULT CHARSET=utf8mb4 COLLATE=utf8mb4_unicode_ci;
/*!40101 SET character_set_client = @saved_cs_client */;

LOCK TABLES `floors` WRITE;
/*!40000 ALTER TABLE `floors` DISABLE KEYS */;
INSERT INTO `floors` VALUES (1,'planta baja','a'),(2,'piso 1','b'),(3,'piso 2','c'),(4,'piso 3','d');
/*!40000 ALTER TABLE `floors` ENABLE KEYS */;
UNLOCK TABLES;
DROP TABLE IF EXISTS `handling_times`;
/*!40101 SET @saved_cs_client     = @@character_set_client */;
/*!40101 SET character_set_client = utf8 */;
CREATE TABLE `handling_times` (
  `id` bigint(20) unsigned NOT NULL AUTO_INCREMENT,
  `input` timestamp NULL DEFAULT NULL,
  `output` timestamp NULL DEFAULT NULL,
  PRIMARY KEY (`id`)
) ENGINE=InnoDB AUTO_INCREMENT=1001 DEFAULT CHARSET=utf8mb4 COLLATE=utf8mb4_unicode_ci;
/*!40101 SET character_set_client = @saved_cs_client */;

LOCK TABLES `handling_times` WRITE;
/*!40000 ALTER TABLE `handling_times` DISABLE KEYS */;
INSERT INTO `handling_times` VALUES (1,'2020-07-02 06:45:00',NULL),(2,'2020-07-02 06:45:00',NULL),(3,'2020-07-02 06:45:00',NULL),(4,'2020-07-02 06:45:00',NULL),(5,'2020-07-02 06:45:00',NULL),(6,'2020-07-02 06:45:00',NULL),(7,'2020-07-02 06:45:00',NULL),(8,'2020-07-02 06:45:00',NULL),(9,'2020-07-02 06:45:00',NULL),(10,'2020-07-02 06:45:00',NULL),(11,'2020-07-02 06:45:00',NULL),(12,'2020-07-02 06:45:00',NULL),(13,'2020-07-02 06:45:00',NULL),(14,'2020-07-02 06:45:00',NULL),(15,'2020-07-02 06:45:00',NULL),(16,'2020-07-02 06:45:00',NULL),(17,'2020-07-02 06:45:00',NULL),(18,'2020-07-02 06:45:00',NULL),(19,'2020-07-02 06:45:00',NULL),(20,'2020-07-02 06:45:01',NULL),(21,'2020-07-02 06:45:01',NULL),(22,'2020-07-02 06:45:01',NULL),(23,'2020-07-02 06:45:01',NULL),(24,'2020-07-02 06:45:01',NULL),(25,'2020-07-02 06:45:01',NULL),(26,'2020-07-02 06:45:01',NULL),(27,'2020-07-02 06:45:01',NULL),(28,'2020-07-02 06:45:01',NULL),(29,'2020-07-02 06:45:01',NULL),(30,'2020-07-02 06:45:01',NULL),(31,'2020-07-02 06:45:01',NULL),(32,'2020-07-02 06:45:01',NULL),(33,'2020-07-02 06:45:01',NULL),(34,'2020-07-02 06:45:01',NULL),(35,'2020-07-02 06:45:01',NULL),(36,'2020-07-02 06:45:01',NULL),(37,'2020-07-02 06:45:01',NULL),(38,'2020-07-02 06:45:01',NULL),(39,'2020-07-02 06:45:01',NULL),(40,'2020-07-02 06:45:01',NULL),(41,'2020-07-02 06:45:01',NULL),(42,'2020-07-02 06:45:01',NULL),(43,'2020-07-02 06:45:01',NULL),(44,'2020-07-02 06:45:01',NULL),(45,'2020-07-02 06:45:01',NULL),(46,'2020-07-02 06:45:01',NULL),(47,'2020-07-02 06:45:01',NULL),(48,'2020-07-02 06:45:01',NULL),(49,'2020-07-02 06:45:01',NULL),(50,'2020-07-02 06:45:02',NULL),(51,'2020-07-02 06:45:02',NULL),(52,'2020-07-02 06:45:02',NULL),(53,'2020-07-02 06:45:02',NULL),(54,'2020-07-02 06:45:02',NULL),(55,'2020-07-02 06:45:02',NULL),(56,'2020-07-02 06:45:02',NULL),(57,'2020-07-02 06:45:02',NULL),(58,'2020-07-02 06:45:02',NULL),(59,'2020-07-02 06:45:02',NULL),(60,'2020-07-02 06:45:02',NULL),(61,'2020-07-02 06:45:02',NULL),(62,'2020-07-02 06:45:02',NULL),(63,'2020-07-02 06:45:02',NULL),(64,'2020-07-02 06:45:02',NULL),(65,'2020-07-02 06:45:02',NULL),(66,'2020-07-02 06:45:02',NULL),(67,'2020-07-02 06:45:02',NULL),(68,'2020-07-02 06:45:02',NULL),(69,'2020-07-02 06:45:02',NULL),(70,'2020-07-02 06:45:02',NULL),(71,'2020-07-02 06:45:02',NULL),(72,'2020-07-02 06:45:02',NULL),(73,'2020-07-02 06:45:02',NULL),(74,'2020-07-02 06:45:02',NULL),(75,'2020-07-02 06:45:02',NULL),(76,'2020-07-02 06:45:03',NULL),(77,'2020-07-02 06:45:03',NULL),(78,'2020-07-02 06:45:03',NULL),(79,'2020-07-02 06:45:03',NULL),(80,'2020-07-02 06:45:03',NULL),(81,'2020-07-02 06:45:03',NULL),(82,'2020-07-02 06:45:03',NULL),(83,'2020-07-02 06:45:03',NULL),(84,'2020-07-02 06:45:03',NULL),(85,'2020-07-02 06:45:03',NULL),(86,'2020-07-02 06:45:03',NULL),(87,'2020-07-02 06:45:03',NULL),(88,'2020-07-02 06:45:03',NULL),(89,'2020-07-02 06:45:03',NULL),(90,'2020-07-02 06:45:03',NULL),(91,'2020-07-02 06:45:03',NULL),(92,'2020-07-02 06:45:03',NULL),(93,'2020-07-02 06:45:03',NULL),(94,'2020-07-02 06:45:03',NULL),(95,'2020-07-02 06:45:03',NULL),(96,'2020-07-02 06:45:03',NULL),(97,'2020-07-02 06:45:03',NULL),(98,'2020-07-02 06:45:03',NULL),(99,'2020-07-02 06:45:03',NULL),(100,'2020-07-02 06:45:03',NULL),(101,'2020-07-02 06:45:03',NULL),(102,'2020-07-02 06:45:03',NULL),(103,'2020-07-02 06:45:03',NULL),(104,'2020-07-02 06:45:03',NULL),(105,'2020-07-02 06:45:04',NULL),(106,'2020-07-02 06:45:04',NULL),(107,'2020-07-02 06:45:04',NULL),(108,'2020-07-02 06:45:04',NULL),(109,'2020-07-02 06:45:04',NULL),(110,'2020-07-02 06:45:04',NULL),(111,'2020-07-02 06:45:04',NULL),(112,'2020-07-02 06:45:04',NULL),(113,'2020-07-02 06:45:04',NULL),(114,'2020-07-02 06:45:04',NULL),(115,'2020-07-02 06:45:04',NULL),(116,'2020-07-02 06:45:04',NULL),(117,'2020-07-02 06:45:04',NULL),(118,'2020-07-02 06:45:04',NULL),(119,'2020-07-02 06:45:04',NULL),(120,'2020-07-02 06:45:04',NULL),(121,'2020-07-02 06:45:04',NULL),(122,'2020-07-02 06:45:04',NULL),(123,'2020-07-02 06:45:04',NULL),(124,'2020-07-02 06:45:04',NULL),(125,'2020-07-02 06:45:04',NULL),(126,'2020-07-02 06:45:04',NULL),(127,'2020-07-02 06:45:04',NULL),(128,'2020-07-02 06:45:04',NULL),(129,'2020-07-02 06:45:04',NULL),(130,'2020-07-02 06:45:04',NULL),(131,'2020-07-02 06:45:04',NULL),(132,'2020-07-02 06:45:04',NULL),(133,'2020-07-02 06:45:05',NULL),(134,'2020-07-02 06:45:05',NULL),(135,'2020-07-02 06:45:05',NULL),(136,'2020-07-02 06:45:05',NULL),(137,'2020-07-02 06:45:05',NULL),(138,'2020-07-02 06:45:05',NULL),(139,'2020-07-02 06:45:05',NULL),(140,'2020-07-02 06:45:05',NULL),(141,'2020-07-02 06:45:05',NULL),(142,'2020-07-02 06:45:05',NULL),(143,'2020-07-02 06:45:05',NULL),(144,'2020-07-02 06:45:05',NULL),(145,'2020-07-02 06:45:05',NULL),(146,'2020-07-02 06:45:05',NULL),(147,'2020-07-02 06:45:05',NULL),(148,'2020-07-02 06:45:05',NULL),(149,'2020-07-02 06:45:05',NULL),(150,'2020-07-02 06:45:05',NULL),(151,'2020-07-02 06:45:05',NULL),(152,'2020-07-02 06:45:05',NULL),(153,'2020-07-02 06:45:05',NULL),(154,'2020-07-02 06:45:05',NULL),(155,'2020-07-02 06:45:05',NULL),(156,'2020-07-02 06:45:05',NULL),(157,'2020-07-02 06:45:05',NULL),(158,'2020-07-02 06:45:05',NULL),(159,'2020-07-02 06:45:06',NULL),(160,'2020-07-02 06:45:06',NULL),(161,'2020-07-02 06:45:06',NULL),(162,'2020-07-02 06:45:06',NULL),(163,'2020-07-02 06:45:06',NULL),(164,'2020-07-02 06:45:06',NULL),(165,'2020-07-02 06:45:06',NULL),(166,'2020-07-02 06:45:06',NULL),(167,'2020-07-02 06:45:06',NULL),(168,'2020-07-02 06:45:06',NULL),(169,'2020-07-02 06:45:06',NULL),(170,'2020-07-02 06:45:06',NULL),(171,'2020-07-02 06:45:06',NULL),(172,'2020-07-02 06:45:06',NULL),(173,'2020-07-02 06:45:06',NULL),(174,'2020-07-02 06:45:06',NULL),(175,'2020-07-02 06:45:06',NULL),(176,'2020-07-02 06:45:06',NULL),(177,'2020-07-02 06:45:06',NULL),(178,'2020-07-02 06:45:06',NULL),(179,'2020-07-02 06:45:06',NULL),(180,'2020-07-02 06:45:06',NULL),(181,'2020-07-02 06:45:06',NULL),(182,'2020-07-02 06:45:06',NULL),(183,'2020-07-02 06:45:06',NULL),(184,'2020-07-02 06:45:06',NULL),(185,'2020-07-02 06:45:06',NULL),(186,'2020-07-02 06:45:06',NULL),(187,'2020-07-02 06:45:06',NULL),(188,'2020-07-02 06:45:06',NULL),(189,'2020-07-02 06:45:07',NULL),(190,'2020-07-02 06:45:07',NULL),(191,'2020-07-02 06:45:07',NULL),(192,'2020-07-02 06:45:07',NULL),(193,'2020-07-02 06:45:07',NULL),(194,'2020-07-02 06:45:07',NULL),(195,'2020-07-02 06:45:07',NULL),(196,'2020-07-02 06:45:07',NULL),(197,'2020-07-02 06:45:07',NULL),(198,'2020-07-02 06:45:07',NULL),(199,'2020-07-02 06:45:07',NULL),(200,'2020-07-02 06:45:07',NULL),(201,'2020-07-02 06:45:07',NULL),(202,'2020-07-02 06:45:07',NULL),(203,'2020-07-02 06:45:07',NULL),(204,'2020-07-02 06:45:07',NULL),(205,'2020-07-02 06:45:07',NULL),(206,'2020-07-02 06:45:07',NULL),(207,'2020-07-02 06:45:07',NULL),(208,'2020-07-02 06:45:07',NULL),(209,'2020-07-02 06:45:07',NULL),(210,'2020-07-02 06:45:07',NULL),(211,'2020-07-02 06:45:07',NULL),(212,'2020-07-02 06:45:07',NULL),(213,'2020-07-02 06:45:07',NULL),(214,'2020-07-02 06:45:07',NULL),(215,'2020-07-02 06:45:07',NULL),(216,'2020-07-02 06:45:08',NULL),(217,'2020-07-02 06:45:08',NULL),(218,'2020-07-02 06:45:08',NULL),(219,'2020-07-02 06:45:08',NULL),(220,'2020-07-02 06:45:08',NULL),(221,'2020-07-02 06:45:08',NULL),(222,'2020-07-02 06:45:08',NULL),(223,'2020-07-02 06:45:08',NULL),(224,'2020-07-02 06:45:08',NULL),(225,'2020-07-02 06:45:08',NULL),(226,'2020-07-02 06:45:08',NULL),(227,'2020-07-02 06:45:08',NULL),(228,'2020-07-02 06:45:08',NULL),(229,'2020-07-02 06:45:08',NULL),(230,'2020-07-02 06:45:08',NULL),(231,'2020-07-02 06:45:08',NULL),(232,'2020-07-02 06:45:08',NULL),(233,'2020-07-02 06:45:08',NULL),(234,'2020-07-02 06:45:08',NULL),(235,'2020-07-02 06:45:08',NULL),(236,'2020-07-02 06:45:08',NULL),(237,'2020-07-02 06:45:08',NULL),(238,'2020-07-02 06:45:08',NULL),(239,'2020-07-02 06:45:08',NULL),(240,'2020-07-02 06:45:08',NULL),(241,'2020-07-02 06:45:08',NULL),(242,'2020-07-02 06:45:08',NULL),(243,'2020-07-02 06:45:08',NULL),(244,'2020-07-02 06:45:08',NULL),(245,'2020-07-02 06:45:08',NULL),(246,'2020-07-02 06:45:08',NULL),(247,'2020-07-02 06:45:08',NULL),(248,'2020-07-02 06:45:08',NULL),(249,'2020-07-02 06:45:08',NULL),(250,'2020-07-02 06:45:08',NULL),(251,'2020-07-02 06:45:09',NULL),(252,'2020-07-02 06:45:09',NULL),(253,'2020-07-02 06:45:09',NULL),(254,'2020-07-02 06:45:09',NULL),(255,'2020-07-02 06:45:09',NULL),(256,'2020-07-02 06:45:09',NULL),(257,'2020-07-02 06:45:09',NULL),(258,'2020-07-02 06:45:09',NULL),(259,'2020-07-02 06:45:09',NULL),(260,'2020-07-02 06:45:09',NULL),(261,'2020-07-02 06:45:09',NULL),(262,'2020-07-02 06:45:09',NULL),(263,'2020-07-02 06:45:09',NULL),(264,'2020-07-02 06:45:09',NULL),(265,'2020-07-02 06:45:09',NULL),(266,'2020-07-02 06:45:09',NULL),(267,'2020-07-02 06:45:09',NULL),(268,'2020-07-02 06:45:09',NULL),(269,'2020-07-02 06:45:09',NULL),(270,'2020-07-02 06:45:09',NULL),(271,'2020-07-02 06:45:09',NULL),(272,'2020-07-02 06:45:09',NULL),(273,'2020-07-02 06:45:09',NULL),(274,'2020-07-02 06:45:09',NULL),(275,'2020-07-02 06:45:09',NULL),(276,'2020-07-02 06:45:09',NULL),(277,'2020-07-02 06:45:09',NULL),(278,'2020-07-02 06:45:09',NULL),(279,'2020-07-02 06:45:09',NULL),(280,'2020-07-02 06:45:10',NULL),(281,'2020-07-02 06:45:10',NULL),(282,'2020-07-02 06:45:10',NULL),(283,'2020-07-02 06:45:10',NULL),(284,'2020-07-02 06:45:10',NULL),(285,'2020-07-02 06:45:10',NULL),(286,'2020-07-02 06:45:10',NULL),(287,'2020-07-02 06:45:10',NULL),(288,'2020-07-02 06:45:10',NULL),(289,'2020-07-02 06:45:10',NULL),(290,'2020-07-02 06:45:10',NULL),(291,'2020-07-02 06:45:10',NULL),(292,'2020-07-02 06:45:10',NULL),(293,'2020-07-02 06:45:10',NULL),(294,'2020-07-02 06:45:10',NULL),(295,'2020-07-02 06:45:10',NULL),(296,'2020-07-02 06:45:10',NULL),(297,'2020-07-02 06:45:10',NULL),(298,'2020-07-02 06:45:10',NULL),(299,'2020-07-02 06:45:10',NULL),(300,'2020-07-02 06:45:10',NULL),(301,'2020-07-02 06:45:10',NULL),(302,'2020-07-02 06:45:10',NULL),(303,'2020-07-02 06:45:10',NULL),(304,'2020-07-02 06:45:10',NULL),(305,'2020-07-02 06:45:10',NULL),(306,'2020-07-02 06:45:10',NULL),(307,'2020-07-02 06:45:10',NULL),(308,'2020-07-02 06:45:11',NULL),(309,'2020-07-02 06:45:11',NULL),(310,'2020-07-02 06:45:11',NULL),(311,'2020-07-02 06:45:11',NULL),(312,'2020-07-02 06:45:11',NULL),(313,'2020-07-02 06:45:11',NULL),(314,'2020-07-02 06:45:11',NULL),(315,'2020-07-02 06:45:11',NULL),(316,'2020-07-02 06:45:11',NULL),(317,'2020-07-02 06:45:11',NULL),(318,'2020-07-02 06:45:11',NULL),(319,'2020-07-02 06:45:11',NULL),(320,'2020-07-02 06:45:11',NULL),(321,'2020-07-02 06:45:11',NULL),(322,'2020-07-02 06:45:11',NULL),(323,'2020-07-02 06:45:11',NULL),(324,'2020-07-02 06:45:11',NULL),(325,'2020-07-02 06:45:11',NULL),(326,'2020-07-02 06:45:11',NULL),(327,'2020-07-02 06:45:11',NULL),(328,'2020-07-02 06:45:11',NULL),(329,'2020-07-02 06:45:12',NULL),(330,'2020-07-02 06:45:12',NULL),(331,'2020-07-02 06:45:12',NULL),(332,'2020-07-02 06:45:12',NULL),(333,'2020-07-02 06:45:12',NULL),(334,'2020-07-02 06:45:12',NULL),(335,'2020-07-02 06:45:12',NULL),(336,'2020-07-02 06:45:12',NULL),(337,'2020-07-02 06:45:12',NULL),(338,'2020-07-02 06:45:12',NULL),(339,'2020-07-02 06:45:12',NULL),(340,'2020-07-02 06:45:12',NULL),(341,'2020-07-02 06:45:12',NULL),(342,'2020-07-02 06:45:12',NULL),(343,'2020-07-02 06:45:12',NULL),(344,'2020-07-02 06:45:12',NULL),(345,'2020-07-02 06:45:12',NULL),(346,'2020-07-02 06:45:12',NULL),(347,'2020-07-02 06:45:12',NULL),(348,'2020-07-02 06:45:12',NULL),(349,'2020-07-02 06:45:12',NULL),(350,'2020-07-02 06:45:12',NULL),(351,'2020-07-02 06:45:12',NULL),(352,'2020-07-02 06:45:12',NULL),(353,'2020-07-02 06:45:12',NULL),(354,'2020-07-02 06:45:12',NULL),(355,'2020-07-02 06:45:12',NULL),(356,'2020-07-02 06:45:12',NULL),(357,'2020-07-02 06:45:12',NULL),(358,'2020-07-02 06:45:12',NULL),(359,'2020-07-02 06:45:12',NULL),(360,'2020-07-02 06:45:12',NULL),(361,'2020-07-02 06:45:13',NULL),(362,'2020-07-02 06:45:13',NULL),(363,'2020-07-02 06:45:13',NULL),(364,'2020-07-02 06:45:13',NULL),(365,'2020-07-02 06:45:13',NULL),(366,'2020-07-02 06:45:13',NULL),(367,'2020-07-02 06:45:13',NULL),(368,'2020-07-02 06:45:13',NULL),(369,'2020-07-02 06:45:13',NULL),(370,'2020-07-02 06:45:13',NULL),(371,'2020-07-02 06:45:13',NULL),(372,'2020-07-02 06:45:13',NULL),(373,'2020-07-02 06:45:13',NULL),(374,'2020-07-02 06:45:13',NULL),(375,'2020-07-02 06:45:13',NULL),(376,'2020-07-02 06:45:13',NULL),(377,'2020-07-02 06:45:13',NULL),(378,'2020-07-02 06:45:13',NULL),(379,'2020-07-02 06:45:13',NULL),(380,'2020-07-02 06:45:13',NULL),(381,'2020-07-02 06:45:13',NULL),(382,'2020-07-02 06:45:13',NULL),(383,'2020-07-02 06:45:13',NULL),(384,'2020-07-02 06:45:13',NULL),(385,'2020-07-02 06:45:13',NULL),(386,'2020-07-02 06:45:13',NULL),(387,'2020-07-02 06:45:13',NULL),(388,'2020-07-02 06:45:13',NULL),(389,'2020-07-02 06:45:14',NULL),(390,'2020-07-02 06:45:14',NULL),(391,'2020-07-02 06:45:14',NULL),(392,'2020-07-02 06:45:14',NULL),(393,'2020-07-02 06:45:14',NULL),(394,'2020-07-02 06:45:14',NULL),(395,'2020-07-02 06:45:14',NULL),(396,'2020-07-02 06:45:14',NULL),(397,'2020-07-02 06:45:14',NULL),(398,'2020-07-02 06:45:14',NULL),(399,'2020-07-02 06:45:14',NULL),(400,'2020-07-02 06:45:14',NULL),(401,'2020-07-02 06:45:14',NULL),(402,'2020-07-02 06:45:14',NULL),(403,'2020-07-02 06:45:14',NULL),(404,'2020-07-02 06:45:14',NULL),(405,'2020-07-02 06:45:14',NULL),(406,'2020-07-02 06:45:14',NULL),(407,'2020-07-02 06:45:14',NULL),(408,'2020-07-02 06:45:14',NULL),(409,'2020-07-02 06:45:14',NULL),(410,'2020-07-02 06:45:14',NULL),(411,'2020-07-02 06:45:14',NULL),(412,'2020-07-02 06:45:14',NULL),(413,'2020-07-02 06:45:14',NULL),(414,'2020-07-02 06:45:14',NULL),(415,'2020-07-02 06:45:14',NULL),(416,'2020-07-02 06:45:14',NULL),(417,'2020-07-02 06:45:14',NULL),(418,'2020-07-02 06:45:14',NULL),(419,'2020-07-02 06:45:14',NULL),(420,'2020-07-02 06:45:15',NULL),(421,'2020-07-02 06:45:15',NULL),(422,'2020-07-02 06:45:15',NULL),(423,'2020-07-02 06:45:15',NULL),(424,'2020-07-02 06:45:15',NULL),(425,'2020-07-02 06:45:15',NULL),(426,'2020-07-02 06:45:15',NULL),(427,'2020-07-02 06:45:15',NULL),(428,'2020-07-02 06:45:15',NULL),(429,'2020-07-02 06:45:15',NULL),(430,'2020-07-02 06:45:15',NULL),(431,'2020-07-02 06:45:15',NULL),(432,'2020-07-02 06:45:15',NULL),(433,'2020-07-02 06:45:15',NULL),(434,'2020-07-02 06:45:15',NULL),(435,'2020-07-02 06:45:15',NULL),(436,'2020-07-02 06:45:15',NULL),(437,'2020-07-02 06:45:15',NULL),(438,'2020-07-02 06:45:15',NULL),(439,'2020-07-02 06:45:15',NULL),(440,'2020-07-02 06:45:15',NULL),(441,'2020-07-02 06:45:15',NULL),(442,'2020-07-02 06:45:15',NULL),(443,'2020-07-02 06:45:15',NULL),(444,'2020-07-02 06:45:15',NULL),(445,'2020-07-02 06:45:15',NULL),(446,'2020-07-02 06:45:15',NULL),(447,'2020-07-02 06:45:15',NULL),(448,'2020-07-02 06:45:15',NULL),(449,'2020-07-02 06:45:16',NULL),(450,'2020-07-02 06:45:16',NULL),(451,'2020-07-02 06:45:16',NULL),(452,'2020-07-02 06:45:16',NULL),(453,'2020-07-02 06:45:16',NULL),(454,'2020-07-02 06:45:16',NULL),(455,'2020-07-02 06:45:16',NULL),(456,'2020-07-02 06:45:16',NULL),(457,'2020-07-02 06:45:16',NULL),(458,'2020-07-02 06:45:16',NULL),(459,'2020-07-02 06:45:16',NULL),(460,'2020-07-02 06:45:16',NULL),(461,'2020-07-02 06:45:16',NULL),(462,'2020-07-02 06:45:16',NULL),(463,'2020-07-02 06:45:16',NULL),(464,'2020-07-02 06:45:16',NULL),(465,'2020-07-02 06:45:16',NULL),(466,'2020-07-02 06:45:16',NULL),(467,'2020-07-02 06:45:16',NULL),(468,'2020-07-02 06:45:16',NULL),(469,'2020-07-02 06:45:16',NULL),(470,'2020-07-02 06:45:16',NULL),(471,'2020-07-02 06:45:16',NULL),(472,'2020-07-02 06:45:16',NULL),(473,'2020-07-02 06:45:16',NULL),(474,'2020-07-02 06:45:16',NULL),(475,'2020-07-02 06:45:16',NULL),(476,'2020-07-02 06:45:16',NULL),(477,'2020-07-02 06:45:16',NULL),(478,'2020-07-02 06:45:16',NULL),(479,'2020-07-02 06:45:16',NULL),(480,'2020-07-02 06:45:16',NULL),(481,'2020-07-02 06:45:16',NULL),(482,'2020-07-02 06:45:16',NULL),(483,'2020-07-02 06:45:17',NULL),(484,'2020-07-02 06:45:17',NULL),(485,'2020-07-02 06:45:17',NULL),(486,'2020-07-02 06:45:17',NULL),(487,'2020-07-02 06:45:17',NULL),(488,'2020-07-02 06:45:17',NULL),(489,'2020-07-02 06:45:17',NULL),(490,'2020-07-02 06:45:17',NULL),(491,'2020-07-02 06:45:17',NULL),(492,'2020-07-02 06:45:17',NULL),(493,'2020-07-02 06:45:17',NULL),(494,'2020-07-02 06:45:17',NULL),(495,'2020-07-02 06:45:17',NULL),(496,'2020-07-02 06:45:17',NULL),(497,'2020-07-02 06:45:17',NULL),(498,'2020-07-02 06:45:17',NULL),(499,'2020-07-02 06:45:17',NULL),(500,'2020-07-02 06:45:17',NULL),(501,'2020-07-02 06:48:33',NULL),(502,'2020-07-02 06:48:33',NULL),(503,'2020-07-02 06:48:33',NULL),(504,'2020-07-02 06:48:33',NULL),(505,'2020-07-02 06:48:33',NULL),(506,'2020-07-02 06:48:33',NULL),(507,'2020-07-02 06:48:33',NULL),(508,'2020-07-02 06:48:33',NULL),(509,'2020-07-02 06:48:33',NULL),(510,'2020-07-02 06:48:33',NULL),(511,'2020-07-02 06:48:33',NULL),(512,'2020-07-02 06:48:33',NULL),(513,'2020-07-02 06:48:33',NULL),(514,'2020-07-02 06:48:33',NULL),(515,'2020-07-02 06:48:33',NULL),(516,'2020-07-02 06:48:33',NULL),(517,'2020-07-02 06:48:33',NULL),(518,'2020-07-02 06:48:33',NULL),(519,'2020-07-02 06:48:33',NULL),(520,'2020-07-02 06:48:33',NULL),(521,'2020-07-02 06:48:33',NULL),(522,'2020-07-02 06:48:33',NULL),(523,'2020-07-02 06:48:34',NULL),(524,'2020-07-02 06:48:34',NULL),(525,'2020-07-02 06:48:34',NULL),(526,'2020-07-02 06:48:34',NULL),(527,'2020-07-02 06:48:34',NULL),(528,'2020-07-02 06:48:34',NULL),(529,'2020-07-02 06:48:34',NULL),(530,'2020-07-02 06:48:34',NULL),(531,'2020-07-02 06:48:34',NULL),(532,'2020-07-02 06:48:34',NULL),(533,'2020-07-02 06:48:34',NULL),(534,'2020-07-02 06:48:34',NULL),(535,'2020-07-02 06:48:34',NULL),(536,'2020-07-02 06:48:34',NULL),(537,'2020-07-02 06:48:34',NULL),(538,'2020-07-02 06:48:34',NULL),(539,'2020-07-02 06:48:34',NULL),(540,'2020-07-02 06:48:34',NULL),(541,'2020-07-02 06:48:34',NULL),(542,'2020-07-02 06:48:34',NULL),(543,'2020-07-02 06:48:34',NULL),(544,'2020-07-02 06:48:34',NULL),(545,'2020-07-02 06:48:34',NULL),(546,'2020-07-02 06:48:34',NULL),(547,'2020-07-02 06:48:34',NULL),(548,'2020-07-02 06:48:34',NULL),(549,'2020-07-02 06:48:34',NULL),(550,'2020-07-02 06:48:34',NULL),(551,'2020-07-02 06:48:34',NULL),(552,'2020-07-02 06:48:34',NULL),(553,'2020-07-02 06:48:35',NULL),(554,'2020-07-02 06:48:35',NULL),(555,'2020-07-02 06:48:35',NULL),(556,'2020-07-02 06:48:35',NULL),(557,'2020-07-02 06:48:35',NULL),(558,'2020-07-02 06:48:35',NULL),(559,'2020-07-02 06:48:35',NULL),(560,'2020-07-02 06:48:35',NULL),(561,'2020-07-02 06:48:35',NULL),(562,'2020-07-02 06:48:35',NULL),(563,'2020-07-02 06:48:35',NULL),(564,'2020-07-02 06:48:35',NULL),(565,'2020-07-02 06:48:35',NULL),(566,'2020-07-02 06:48:35',NULL),(567,'2020-07-02 06:48:35',NULL),(568,'2020-07-02 06:48:35',NULL),(569,'2020-07-02 06:48:35',NULL),(570,'2020-07-02 06:48:35',NULL),(571,'2020-07-02 06:48:35',NULL),(572,'2020-07-02 06:48:35',NULL),(573,'2020-07-02 06:48:35',NULL),(574,'2020-07-02 06:48:35',NULL),(575,'2020-07-02 06:48:35',NULL),(576,'2020-07-02 06:48:35',NULL),(577,'2020-07-02 06:48:35',NULL),(578,'2020-07-02 06:48:35',NULL),(579,'2020-07-02 06:48:35',NULL),(580,'2020-07-02 06:48:35',NULL),(581,'2020-07-02 06:48:35',NULL),(582,'2020-07-02 06:48:35',NULL),(583,'2020-07-02 06:48:35',NULL),(584,'2020-07-02 06:48:36',NULL),(585,'2020-07-02 06:48:36',NULL),(586,'2020-07-02 06:48:36',NULL),(587,'2020-07-02 06:48:36',NULL),(588,'2020-07-02 06:48:36',NULL),(589,'2020-07-02 06:48:36',NULL),(590,'2020-07-02 06:48:36',NULL),(591,'2020-07-02 06:48:36',NULL),(592,'2020-07-02 06:48:36',NULL),(593,'2020-07-02 06:48:36',NULL),(594,'2020-07-02 06:48:36',NULL),(595,'2020-07-02 06:48:36',NULL),(596,'2020-07-02 06:48:36',NULL),(597,'2020-07-02 06:48:36',NULL),(598,'2020-07-02 06:48:36',NULL),(599,'2020-07-02 06:48:36',NULL),(600,'2020-07-02 06:48:36',NULL),(601,'2020-07-02 06:48:36',NULL),(602,'2020-07-02 06:48:36',NULL),(603,'2020-07-02 06:48:36',NULL),(604,'2020-07-02 06:48:36',NULL),(605,'2020-07-02 06:48:36',NULL),(606,'2020-07-02 06:48:36',NULL),(607,'2020-07-02 06:48:36',NULL),(608,'2020-07-02 06:48:36',NULL),(609,'2020-07-02 06:48:36',NULL),(610,'2020-07-02 06:48:36',NULL),(611,'2020-07-02 06:48:36',NULL),(612,'2020-07-02 06:48:36',NULL),(613,'2020-07-02 06:48:37',NULL),(614,'2020-07-02 06:48:37',NULL),(615,'2020-07-02 06:48:37',NULL),(616,'2020-07-02 06:48:37',NULL),(617,'2020-07-02 06:48:37',NULL),(618,'2020-07-02 06:48:37',NULL),(619,'2020-07-02 06:48:37',NULL),(620,'2020-07-02 06:48:37',NULL),(621,'2020-07-02 06:48:37',NULL),(622,'2020-07-02 06:48:37',NULL),(623,'2020-07-02 06:48:37',NULL),(624,'2020-07-02 06:48:37',NULL),(625,'2020-07-02 06:48:37',NULL),(626,'2020-07-02 06:48:37',NULL),(627,'2020-07-02 06:48:37',NULL),(628,'2020-07-02 06:48:37',NULL),(629,'2020-07-02 06:48:37',NULL),(630,'2020-07-02 06:48:37',NULL),(631,'2020-07-02 06:48:37',NULL),(632,'2020-07-02 06:48:37',NULL),(633,'2020-07-02 06:48:37',NULL),(634,'2020-07-02 06:48:37',NULL),(635,'2020-07-02 06:48:37',NULL),(636,'2020-07-02 06:48:37',NULL),(637,'2020-07-02 06:48:37',NULL),(638,'2020-07-02 06:48:37',NULL),(639,'2020-07-02 06:48:37',NULL),(640,'2020-07-02 06:48:37',NULL),(641,'2020-07-02 06:48:37',NULL),(642,'2020-07-02 06:48:37',NULL),(643,'2020-07-02 06:48:37',NULL),(644,'2020-07-02 06:48:37',NULL),(645,'2020-07-02 06:48:38',NULL),(646,'2020-07-02 06:48:38',NULL),(647,'2020-07-02 06:48:38',NULL),(648,'2020-07-02 06:48:38',NULL),(649,'2020-07-02 06:48:38',NULL),(650,'2020-07-02 06:48:38',NULL),(651,'2020-07-02 06:48:38',NULL),(652,'2020-07-02 06:48:38',NULL),(653,'2020-07-02 06:48:38',NULL),(654,'2020-07-02 06:48:38',NULL),(655,'2020-07-02 06:48:38',NULL),(656,'2020-07-02 06:48:38',NULL),(657,'2020-07-02 06:48:38',NULL),(658,'2020-07-02 06:48:38',NULL),(659,'2020-07-02 06:48:38',NULL),(660,'2020-07-02 06:48:38',NULL),(661,'2020-07-02 06:48:38',NULL),(662,'2020-07-02 06:48:38',NULL),(663,'2020-07-02 06:48:38',NULL),(664,'2020-07-02 06:48:38',NULL),(665,'2020-07-02 06:48:38',NULL),(666,'2020-07-02 06:48:38',NULL),(667,'2020-07-02 06:48:38',NULL),(668,'2020-07-02 06:48:38',NULL),(669,'2020-07-02 06:48:38',NULL),(670,'2020-07-02 06:48:38',NULL),(671,'2020-07-02 06:48:39',NULL),(672,'2020-07-02 06:48:39',NULL),(673,'2020-07-02 06:48:39',NULL),(674,'2020-07-02 06:48:39',NULL),(675,'2020-07-02 06:48:39',NULL),(676,'2020-07-02 06:48:39',NULL),(677,'2020-07-02 06:48:39',NULL),(678,'2020-07-02 06:48:39',NULL),(679,'2020-07-02 06:48:39',NULL),(680,'2020-07-02 06:48:39',NULL),(681,'2020-07-02 06:48:39',NULL),(682,'2020-07-02 06:48:39',NULL),(683,'2020-07-02 06:48:39',NULL),(684,'2020-07-02 06:48:39',NULL),(685,'2020-07-02 06:48:39',NULL),(686,'2020-07-02 06:48:39',NULL),(687,'2020-07-02 06:48:39',NULL),(688,'2020-07-02 06:48:39',NULL),(689,'2020-07-02 06:48:39',NULL),(690,'2020-07-02 06:48:39',NULL),(691,'2020-07-02 06:48:39',NULL),(692,'2020-07-02 06:48:39',NULL),(693,'2020-07-02 06:48:39',NULL),(694,'2020-07-02 06:48:39',NULL),(695,'2020-07-02 06:48:39',NULL),(696,'2020-07-02 06:48:39',NULL),(697,'2020-07-02 06:48:39',NULL),(698,'2020-07-02 06:48:39',NULL),(699,'2020-07-02 06:48:39',NULL),(700,'2020-07-02 06:48:39',NULL),(701,'2020-07-02 06:48:39',NULL),(702,'2020-07-02 06:48:40',NULL),(703,'2020-07-02 06:48:40',NULL),(704,'2020-07-02 06:48:40',NULL),(705,'2020-07-02 06:48:40',NULL),(706,'2020-07-02 06:48:40',NULL),(707,'2020-07-02 06:48:40',NULL),(708,'2020-07-02 06:48:40',NULL),(709,'2020-07-02 06:48:40',NULL),(710,'2020-07-02 06:48:40',NULL),(711,'2020-07-02 06:48:40',NULL),(712,'2020-07-02 06:48:40',NULL),(713,'2020-07-02 06:48:40',NULL),(714,'2020-07-02 06:48:40',NULL),(715,'2020-07-02 06:48:40',NULL),(716,'2020-07-02 06:48:40',NULL),(717,'2020-07-02 06:48:40',NULL),(718,'2020-07-02 06:48:40',NULL),(719,'2020-07-02 06:48:40',NULL),(720,'2020-07-02 06:48:40',NULL),(721,'2020-07-02 06:48:40',NULL),(722,'2020-07-02 06:48:40',NULL),(723,'2020-07-02 06:48:40',NULL),(724,'2020-07-02 06:48:40',NULL),(725,'2020-07-02 06:48:40',NULL),(726,'2020-07-02 06:48:40',NULL),(727,'2020-07-02 06:48:40',NULL),(728,'2020-07-02 06:48:40',NULL),(729,'2020-07-02 06:48:40',NULL),(730,'2020-07-02 06:48:41',NULL),(731,'2020-07-02 06:48:41',NULL),(732,'2020-07-02 06:48:41',NULL),(733,'2020-07-02 06:48:41',NULL),(734,'2020-07-02 06:48:41',NULL),(735,'2020-07-02 06:48:41',NULL),(736,'2020-07-02 06:48:41',NULL),(737,'2020-07-02 06:48:41',NULL),(738,'2020-07-02 06:48:41',NULL),(739,'2020-07-02 06:48:41',NULL),(740,'2020-07-02 06:48:41',NULL),(741,'2020-07-02 06:48:41',NULL),(742,'2020-07-02 06:48:41',NULL),(743,'2020-07-02 06:48:41',NULL),(744,'2020-07-02 06:48:41',NULL),(745,'2020-07-02 06:48:41',NULL),(746,'2020-07-02 06:48:41',NULL),(747,'2020-07-02 06:48:41',NULL),(748,'2020-07-02 06:48:41',NULL),(749,'2020-07-02 06:48:41',NULL),(750,'2020-07-02 06:48:41',NULL),(751,'2020-07-02 06:48:41',NULL),(752,'2020-07-02 06:48:41',NULL),(753,'2020-07-02 06:48:41',NULL),(754,'2020-07-02 06:48:41',NULL),(755,'2020-07-02 06:48:41',NULL),(756,'2020-07-02 06:48:41',NULL),(757,'2020-07-02 06:48:41',NULL),(758,'2020-07-02 06:48:42',NULL),(759,'2020-07-02 06:48:42',NULL),(760,'2020-07-02 06:48:42',NULL),(761,'2020-07-02 06:48:42',NULL),(762,'2020-07-02 06:48:42',NULL),(763,'2020-07-02 06:48:42',NULL),(764,'2020-07-02 06:48:42',NULL),(765,'2020-07-02 06:48:42',NULL),(766,'2020-07-02 06:48:42',NULL),(767,'2020-07-02 06:48:42',NULL),(768,'2020-07-02 06:48:42',NULL),(769,'2020-07-02 06:48:42',NULL),(770,'2020-07-02 06:48:42',NULL),(771,'2020-07-02 06:48:42',NULL),(772,'2020-07-02 06:48:42',NULL),(773,'2020-07-02 06:48:42',NULL),(774,'2020-07-02 06:48:42',NULL),(775,'2020-07-02 06:48:42',NULL),(776,'2020-07-02 06:48:42',NULL),(777,'2020-07-02 06:48:42',NULL),(778,'2020-07-02 06:48:42',NULL),(779,'2020-07-02 06:48:42',NULL),(780,'2020-07-02 06:48:42',NULL),(781,'2020-07-02 06:48:42',NULL),(782,'2020-07-02 06:48:42',NULL),(783,'2020-07-02 06:48:42',NULL),(784,'2020-07-02 06:48:42',NULL),(785,'2020-07-02 06:48:42',NULL),(786,'2020-07-02 06:48:42',NULL),(787,'2020-07-02 06:48:42',NULL),(788,'2020-07-02 06:48:43',NULL),(789,'2020-07-02 06:48:43',NULL),(790,'2020-07-02 06:48:43',NULL),(791,'2020-07-02 06:48:43',NULL),(792,'2020-07-02 06:48:43',NULL),(793,'2020-07-02 06:48:43',NULL),(794,'2020-07-02 06:48:43',NULL),(795,'2020-07-02 06:48:43',NULL),(796,'2020-07-02 06:48:43',NULL),(797,'2020-07-02 06:48:43',NULL),(798,'2020-07-02 06:48:43',NULL),(799,'2020-07-02 06:48:43',NULL),(800,'2020-07-02 06:48:43',NULL),(801,'2020-07-02 06:48:43',NULL),(802,'2020-07-02 06:48:43',NULL),(803,'2020-07-02 06:48:43',NULL),(804,'2020-07-02 06:48:43',NULL),(805,'2020-07-02 06:48:43',NULL),(806,'2020-07-02 06:48:43',NULL),(807,'2020-07-02 06:48:43',NULL),(808,'2020-07-02 06:48:43',NULL),(809,'2020-07-02 06:48:43',NULL),(810,'2020-07-02 06:48:43',NULL),(811,'2020-07-02 06:48:43',NULL),(812,'2020-07-02 06:48:43',NULL),(813,'2020-07-02 06:48:43',NULL),(814,'2020-07-02 06:48:44',NULL),(815,'2020-07-02 06:48:44',NULL),(816,'2020-07-02 06:48:44',NULL),(817,'2020-07-02 06:48:44',NULL),(818,'2020-07-02 06:48:44',NULL),(819,'2020-07-02 06:48:44',NULL),(820,'2020-07-02 06:48:44',NULL),(821,'2020-07-02 06:48:44',NULL),(822,'2020-07-02 06:48:44',NULL),(823,'2020-07-02 06:48:44',NULL),(824,'2020-07-02 06:48:44',NULL),(825,'2020-07-02 06:48:44',NULL),(826,'2020-07-02 06:48:44',NULL),(827,'2020-07-02 06:48:44',NULL),(828,'2020-07-02 06:48:44',NULL),(829,'2020-07-02 06:48:44',NULL),(830,'2020-07-02 06:48:44',NULL),(831,'2020-07-02 06:48:44',NULL),(832,'2020-07-02 06:48:44',NULL),(833,'2020-07-02 06:48:44',NULL),(834,'2020-07-02 06:48:44',NULL),(835,'2020-07-02 06:48:44',NULL),(836,'2020-07-02 06:48:44',NULL),(837,'2020-07-02 06:48:44',NULL),(838,'2020-07-02 06:48:44',NULL),(839,'2020-07-02 06:48:44',NULL),(840,'2020-07-02 06:48:44',NULL),(841,'2020-07-02 06:48:44',NULL),(842,'2020-07-02 06:48:44',NULL),(843,'2020-07-02 06:48:44',NULL),(844,'2020-07-02 06:48:44',NULL),(845,'2020-07-02 06:48:44',NULL),(846,'2020-07-02 06:48:44',NULL),(847,'2020-07-02 06:48:45',NULL),(848,'2020-07-02 06:48:45',NULL),(849,'2020-07-02 06:48:45',NULL),(850,'2020-07-02 06:48:45',NULL),(851,'2020-07-02 06:48:45',NULL),(852,'2020-07-02 06:48:45',NULL),(853,'2020-07-02 06:48:45',NULL),(854,'2020-07-02 06:48:45',NULL),(855,'2020-07-02 06:48:45',NULL),(856,'2020-07-02 06:48:45',NULL),(857,'2020-07-02 06:48:45',NULL),(858,'2020-07-02 06:48:45',NULL),(859,'2020-07-02 06:48:45',NULL),(860,'2020-07-02 06:48:45',NULL),(861,'2020-07-02 06:48:45',NULL),(862,'2020-07-02 06:48:45',NULL),(863,'2020-07-02 06:48:45',NULL),(864,'2020-07-02 06:48:45',NULL),(865,'2020-07-02 06:48:45',NULL),(866,'2020-07-02 06:48:45',NULL),(867,'2020-07-02 06:48:45',NULL),(868,'2020-07-02 06:48:45',NULL),(869,'2020-07-02 06:48:45',NULL),(870,'2020-07-02 06:48:45',NULL),(871,'2020-07-02 06:48:45',NULL),(872,'2020-07-02 06:48:45',NULL),(873,'2020-07-02 06:48:45',NULL),(874,'2020-07-02 06:48:45',NULL),(875,'2020-07-02 06:48:46',NULL),(876,'2020-07-02 06:48:46',NULL),(877,'2020-07-02 06:48:46',NULL),(878,'2020-07-02 06:48:46',NULL),(879,'2020-07-02 06:48:46',NULL),(880,'2020-07-02 06:48:46',NULL),(881,'2020-07-02 06:48:46',NULL),(882,'2020-07-02 06:48:46',NULL),(883,'2020-07-02 06:48:46',NULL),(884,'2020-07-02 06:48:46',NULL),(885,'2020-07-02 06:48:46',NULL),(886,'2020-07-02 06:48:46',NULL),(887,'2020-07-02 06:48:46',NULL),(888,'2020-07-02 06:48:46',NULL),(889,'2020-07-02 06:48:46',NULL),(890,'2020-07-02 06:48:46',NULL),(891,'2020-07-02 06:48:46',NULL),(892,'2020-07-02 06:48:46',NULL),(893,'2020-07-02 06:48:46',NULL),(894,'2020-07-02 06:48:46',NULL),(895,'2020-07-02 06:48:46',NULL),(896,'2020-07-02 06:48:46',NULL),(897,'2020-07-02 06:48:46',NULL),(898,'2020-07-02 06:48:46',NULL),(899,'2020-07-02 06:48:46',NULL),(900,'2020-07-02 06:48:46',NULL),(901,'2020-07-02 06:48:46',NULL),(902,'2020-07-02 06:48:46',NULL),(903,'2020-07-02 06:48:46',NULL),(904,'2020-07-02 06:48:46',NULL),(905,'2020-07-02 06:48:46',NULL),(906,'2020-07-02 06:48:46',NULL),(907,'2020-07-02 06:48:47',NULL),(908,'2020-07-02 06:48:47',NULL),(909,'2020-07-02 06:48:47',NULL),(910,'2020-07-02 06:48:47',NULL),(911,'2020-07-02 06:48:47',NULL),(912,'2020-07-02 06:48:47',NULL),(913,'2020-07-02 06:48:47',NULL),(914,'2020-07-02 06:48:47',NULL),(915,'2020-07-02 06:48:47',NULL),(916,'2020-07-02 06:48:47',NULL),(917,'2020-07-02 06:48:47',NULL),(918,'2020-07-02 06:48:47',NULL),(919,'2020-07-02 06:48:47',NULL),(920,'2020-07-02 06:48:47',NULL),(921,'2020-07-02 06:48:47',NULL),(922,'2020-07-02 06:48:47',NULL),(923,'2020-07-02 06:48:47',NULL),(924,'2020-07-02 06:48:47',NULL),(925,'2020-07-02 06:48:47',NULL),(926,'2020-07-02 06:48:47',NULL),(927,'2020-07-02 06:48:47',NULL),(928,'2020-07-02 06:48:47',NULL),(929,'2020-07-02 06:48:47',NULL),(930,'2020-07-02 06:48:47',NULL),(931,'2020-07-02 06:48:47',NULL),(932,'2020-07-02 06:48:47',NULL),(933,'2020-07-02 06:48:47',NULL),(934,'2020-07-02 06:48:47',NULL),(935,'2020-07-02 06:48:48',NULL),(936,'2020-07-02 06:48:48',NULL),(937,'2020-07-02 06:48:48',NULL),(938,'2020-07-02 06:48:48',NULL),(939,'2020-07-02 06:48:48',NULL),(940,'2020-07-02 06:48:48',NULL),(941,'2020-07-02 06:48:48',NULL),(942,'2020-07-02 06:48:48',NULL),(943,'2020-07-02 06:48:48',NULL),(944,'2020-07-02 06:48:48',NULL),(945,'2020-07-02 06:48:48',NULL),(946,'2020-07-02 06:48:48',NULL),(947,'2020-07-02 06:48:48',NULL),(948,'2020-07-02 06:48:48',NULL),(949,'2020-07-02 06:48:48',NULL),(950,'2020-07-02 06:48:48',NULL),(951,'2020-07-02 06:48:48',NULL),(952,'2020-07-02 06:48:48',NULL),(953,'2020-07-02 06:48:48',NULL),(954,'2020-07-02 06:48:48',NULL),(955,'2020-07-02 06:48:48',NULL),(956,'2020-07-02 06:48:48',NULL),(957,'2020-07-02 06:48:48',NULL),(958,'2020-07-02 06:48:48',NULL),(959,'2020-07-02 06:48:48',NULL),(960,'2020-07-02 06:48:48',NULL),(961,'2020-07-02 06:48:48',NULL),(962,'2020-07-02 06:48:48',NULL),(963,'2020-07-02 06:48:48',NULL),(964,'2020-07-02 06:48:48',NULL),(965,'2020-07-02 06:48:48',NULL),(966,'2020-07-02 06:48:48',NULL),(967,'2020-07-02 06:48:48',NULL),(968,'2020-07-02 06:48:49',NULL),(969,'2020-07-02 06:48:49',NULL),(970,'2020-07-02 06:48:49',NULL),(971,'2020-07-02 06:48:49',NULL),(972,'2020-07-02 06:48:49',NULL),(973,'2020-07-02 06:48:49',NULL),(974,'2020-07-02 06:48:49',NULL),(975,'2020-07-02 06:48:49',NULL),(976,'2020-07-02 06:48:49',NULL),(977,'2020-07-02 06:48:49',NULL),(978,'2020-07-02 06:48:49',NULL),(979,'2020-07-02 06:48:49',NULL),(980,'2020-07-02 06:48:49',NULL),(981,'2020-07-02 06:48:49',NULL),(982,'2020-07-02 06:48:49',NULL),(983,'2020-07-02 06:48:49',NULL),(984,'2020-07-02 06:48:49',NULL),(985,'2020-07-02 06:48:49',NULL),(986,'2020-07-02 06:48:49',NULL),(987,'2020-07-02 06:48:49',NULL),(988,'2020-07-02 06:48:49',NULL),(989,'2020-07-02 06:48:49',NULL),(990,'2020-07-02 06:48:49',NULL),(991,'2020-07-02 06:48:49',NULL),(992,'2020-07-02 06:48:49',NULL),(993,'2020-07-02 06:48:49',NULL),(994,'2020-07-02 06:48:50',NULL),(995,'2020-07-02 06:48:50',NULL),(996,'2020-07-02 06:48:50',NULL),(997,'2020-07-02 06:48:50',NULL),(998,'2020-07-02 06:48:50',NULL),(999,'2020-07-02 06:48:50',NULL),(1000,'2020-07-02 06:48:50',NULL);
/*!40000 ALTER TABLE `handling_times` ENABLE KEYS */;
UNLOCK TABLES;
DROP TABLE IF EXISTS `migrations`;
/*!40101 SET @saved_cs_client     = @@character_set_client */;
/*!40101 SET character_set_client = utf8 */;
CREATE TABLE `migrations` (
  `id` int(10) unsigned NOT NULL AUTO_INCREMENT,
  `migration` varchar(255) COLLATE utf8mb4_unicode_ci NOT NULL,
  `batch` int(11) NOT NULL,
  PRIMARY KEY (`id`)
) ENGINE=InnoDB AUTO_INCREMENT=271 DEFAULT CHARSET=utf8mb4 COLLATE=utf8mb4_unicode_ci;
/*!40101 SET character_set_client = @saved_cs_client */;

LOCK TABLES `migrations` WRITE;
/*!40000 ALTER TABLE `migrations` DISABLE KEYS */;
INSERT INTO `migrations` VALUES (244,'2014_10_12_000000_create_users_table',1),(245,'2019_11_13_133216_create_rols_table',1),(246,'2019_11_13_133852_add_rol_id_to_users',1),(247,'2020_01_03_003809_create_visitors_table',1),(248,'2020_01_03_003934_create_handling_times_table',1),(249,'2020_01_03_004159_create_tickets_table',1),(250,'2020_01_03_004343_create_floors_table',1),(251,'2020_01_03_010044_create_sectors_table',1),(252,'2020_01_03_010152_create_zones_table',1),(253,'2020_01_03_020051_add_user_id_to_visitors_table',1),(254,'2020_01_22_233258_create_directions_table',1),(255,'2020_01_22_233748_add_floor_id_to_directions_table',1),(256,'2020_01_22_233901_add_zone_id_to_directions_table',1),(257,'2020_01_22_233952_add_sector_id_to_directions_table',1),(258,'2020_01_23_120016_add_handling_time_id_to_visitors_table',1),(259,'2020_01_29_092758_add_dependeci_to_directions_table',1),(260,'2020_02_10_032530_create_password_recovers_table',1),(261,'2020_05_13_233552_create_bitacores_table',1),(262,'2020_05_13_233637_add_user_id_to_bitacores_table',1),(263,'2020_05_17_155438_create_actions_table',1),(264,'2020_05_26_215629_create_direction_tickets_table',1),(265,'2020_05_26_215732_add_direction_id_to_direction_tickets_table',1),(266,'2020_05_26_220420_add_ticket_id_to_direction_tickets_table',1),(267,'2020_05_26_220827_add_action_id_to_bitacores_table',1),(268,'2020_06_06_225204_add_direction_ticket_id_to_visitors_table',1),(269,'2020_06_22_051955_add_sign_to_users_table',1),(270,'2020_06_23_210311_create_sistems_table',1);
/*!40000 ALTER TABLE `migrations` ENABLE KEYS */;
UNLOCK TABLES;
DROP TABLE IF EXISTS `password_recovers`;
/*!40101 SET @saved_cs_client     = @@character_set_client */;
/*!40101 SET character_set_client = utf8 */;
CREATE TABLE `password_recovers` (
  `id` bigint(20) unsigned NOT NULL AUTO_INCREMENT,
  `email` varchar(255) COLLATE utf8mb4_unicode_ci NOT NULL,
  `token` varchar(255) COLLATE utf8mb4_unicode_ci NOT NULL,
  `created_at` timestamp NULL DEFAULT NULL,
  `updated_at` timestamp NULL DEFAULT NULL,
  PRIMARY KEY (`id`),
  KEY `password_recovers_email_index` (`email`)
) ENGINE=InnoDB DEFAULT CHARSET=utf8mb4 COLLATE=utf8mb4_unicode_ci;
/*!40101 SET character_set_client = @saved_cs_client */;

LOCK TABLES `password_recovers` WRITE;
/*!40000 ALTER TABLE `password_recovers` DISABLE KEYS */;
/*!40000 ALTER TABLE `password_recovers` ENABLE KEYS */;
UNLOCK TABLES;
DROP TABLE IF EXISTS `rols`;
/*!40101 SET @saved_cs_client     = @@character_set_client */;
/*!40101 SET character_set_client = utf8 */;
CREATE TABLE `rols` (
  `id` bigint(20) unsigned NOT NULL AUTO_INCREMENT,
  `rol` varchar(255) COLLATE utf8mb4_unicode_ci NOT NULL,
  PRIMARY KEY (`id`)
) ENGINE=InnoDB AUTO_INCREMENT=5 DEFAULT CHARSET=utf8mb4 COLLATE=utf8mb4_unicode_ci;
/*!40101 SET character_set_client = @saved_cs_client */;

LOCK TABLES `rols` WRITE;
/*!40000 ALTER TABLE `rols` DISABLE KEYS */;
INSERT INTO `rols` VALUES (1,'Super Admin'),(2,'Admin'),(3,'visitante'),(4,'Jefe de Zona');
/*!40000 ALTER TABLE `rols` ENABLE KEYS */;
UNLOCK TABLES;
DROP TABLE IF EXISTS `sectors`;
/*!40101 SET @saved_cs_client     = @@character_set_client */;
/*!40101 SET character_set_client = utf8 */;
CREATE TABLE `sectors` (
  `id` bigint(20) unsigned NOT NULL AUTO_INCREMENT,
  `sector` varchar(255) COLLATE utf8mb4_unicode_ci NOT NULL,
  `letter_code` varchar(255) COLLATE utf8mb4_unicode_ci NOT NULL,
  PRIMARY KEY (`id`)
) ENGINE=InnoDB AUTO_INCREMENT=46 DEFAULT CHARSET=utf8mb4 COLLATE=utf8mb4_unicode_ci;
/*!40101 SET character_set_client = @saved_cs_client */;

LOCK TABLES `sectors` WRITE;
/*!40000 ALTER TABLE `sectors` DISABLE KEYS */;
INSERT INTO `sectors` VALUES (1,'Atención al Ciudadano','a'),(2,'División de Educación Niños, Niñas y Población con Necesidades Educativas\nEspeciales','b'),(3,'Seguridad Social/SISME','c'),(4,'División de Supervisión','a'),(5,'Coordinación de Registro Control de Estudio','b'),(6,'Coordinación de Planteles Privados','c'),(7,'Coordinación de Municipios Escolares','d'),(8,'Archivo y Tipeo','e'),(9,'División de Gestión Interna','a'),(10,'Coordinación de Gestión Humana','b'),(11,'Oficina de Gremiales, Reposo, Vacaciones y Suplencias','c'),(12,'Oficina de Permisos y Área Social','d'),(13,'Analistas de Gestión Humana','d'),(14,'División de Adolescentes, Jóvenes y Población Adulta','a'),(15,'Auditoria Interna','b'),(16,'Coordinación de Media Técnica','c'),(17,'Coordinación de Media General','d'),(18,'Coordinación Modalidad Adultos','e'),(19,'Coordinación de Educación Física y Recreación','f'),(20,'División de Comunidades Educativas y Unión con el Pueblo','a'),(21,'Coordinación de Administración','b'),(22,'Oficina de Planificación y Presupuesto','c'),(23,'Coordinación de Defensoría y Orientación Educativa','d'),(24,'Oficina OPSU','e'),(25,'Coordinación de Participación Estudiantil','f'),(26,'Coordinación del Programa Todas las Manos a la Siembra','g'),(27,'Centro de Reproducción, Impresión y Copiado','h'),(28,'Despacho','a'),(29,'Asistente del Despacho','b'),(30,'Sala Situacional','c'),(31,'Sala Video Conferencia','a'),(32,'FUNDABIT','b'),(33,'Informática','c'),(34,'Prensa','d'),(35,'División de Instalaciones y Logística','a'),(36,'Coordinación de Seguridad','b'),(37,'Coordinación de Instalaciones','c'),(38,'Coordinación de Logística','d'),(39,'Coordinación de Protección Socio-Económica y Salud','e'),(40,'Coordinación de Cultura','e'),(41,'Archivo','a'),(42,'Coordinación de Consultoría Jurídica','a'),(43,'División de Investigación y Formación Docente','b'),(44,'Oficina de Misión Robinson','a'),(45,'Archivo de Auditoria Interna','b');
/*!40000 ALTER TABLE `sectors` ENABLE KEYS */;
UNLOCK TABLES;
DROP TABLE IF EXISTS `sistems`;
/*!40101 SET @saved_cs_client     = @@character_set_client */;
/*!40101 SET character_set_client = utf8 */;
CREATE TABLE `sistems` (
  `id` bigint(20) unsigned NOT NULL AUTO_INCREMENT,
  `copy` varchar(255) COLLATE utf8mb4_unicode_ci NOT NULL,
  PRIMARY KEY (`id`)
) ENGINE=InnoDB AUTO_INCREMENT=11 DEFAULT CHARSET=utf8mb4 COLLATE=utf8mb4_unicode_ci;
/*!40101 SET character_set_client = @saved_cs_client */;

LOCK TABLES `sistems` WRITE;
/*!40000 ALTER TABLE `sistems` DISABLE KEYS */;
INSERT INTO `sistems` VALUES (9,'securitycopy2020-07-02 01:11:34');
/*!40000 ALTER TABLE `sistems` ENABLE KEYS */;
UNLOCK TABLES;
DROP TABLE IF EXISTS `tickets`;
/*!40101 SET @saved_cs_client     = @@character_set_client */;
/*!40101 SET character_set_client = utf8 */;
CREATE TABLE `tickets` (
  `id` bigint(20) unsigned NOT NULL AUTO_INCREMENT,
  `ticket` varchar(255) COLLATE utf8mb4_unicode_ci NOT NULL,
  PRIMARY KEY (`id`)
) ENGINE=InnoDB AUTO_INCREMENT=4 DEFAULT CHARSET=utf8mb4 COLLATE=utf8mb4_unicode_ci;
/*!40101 SET character_set_client = @saved_cs_client */;

LOCK TABLES `tickets` WRITE;
/*!40000 ALTER TABLE `tickets` DISABLE KEYS */;
INSERT INTO `tickets` VALUES (1,'visitante'),(2,'provisional'),(3,'video conferencia');
/*!40000 ALTER TABLE `tickets` ENABLE KEYS */;
UNLOCK TABLES;
DROP TABLE IF EXISTS `users`;
/*!40101 SET @saved_cs_client     = @@character_set_client */;
/*!40101 SET character_set_client = utf8 */;
CREATE TABLE `users` (
  `id` bigint(20) unsigned NOT NULL AUTO_INCREMENT,
  `first_name` varchar(255) COLLATE utf8mb4_unicode_ci DEFAULT NULL,
  `last_name` varchar(255) COLLATE utf8mb4_unicode_ci DEFAULT NULL,
  `identification_card` varchar(255) COLLATE utf8mb4_unicode_ci DEFAULT NULL,
  `email` varchar(255) COLLATE utf8mb4_unicode_ci DEFAULT NULL,
  `phone` varchar(255) COLLATE utf8mb4_unicode_ci DEFAULT NULL,
  `picture` varchar(255) COLLATE utf8mb4_unicode_ci DEFAULT NULL,
  `password` varchar(255) COLLATE utf8mb4_unicode_ci DEFAULT NULL,
  `remember_token` varchar(100) COLLATE utf8mb4_unicode_ci DEFAULT NULL,
  `rol_id` bigint(20) unsigned DEFAULT NULL,
  `sign` varchar(255) COLLATE utf8mb4_unicode_ci DEFAULT NULL,
  PRIMARY KEY (`id`),
  UNIQUE KEY `users_identification_card_unique` (`identification_card`),
  UNIQUE KEY `users_email_unique` (`email`),
  KEY `users_rol_id_foreign` (`rol_id`),
  CONSTRAINT `users_rol_id_foreign` FOREIGN KEY (`rol_id`) REFERENCES `rols` (`id`) ON DELETE CASCADE
) ENGINE=InnoDB AUTO_INCREMENT=31 DEFAULT CHARSET=utf8mb4 COLLATE=utf8mb4_unicode_ci;
/*!40101 SET character_set_client = @saved_cs_client */;

LOCK TABLES `users` WRITE;
/*!40000 ALTER TABLE `users` DISABLE KEYS */;
INSERT INTO `users` VALUES (1,'Gabriel Antonio','Viloria Aparicio','27167028','gabriel.viloria0812@gmail.com','04149017184','vilo.jpg','$2y$10$jvpah9dU7KGkMvRPQPlWP.rEQPGK9LzT2ty9Yq8otl6YQjE/E8swq',NULL,1,'sign.jpg'),(2,'Miguel','Padron','26666666','miguelpadron1234@gmail.com','04149017183','2.jpg','$2y$10$iH1hZzVTC49289GNC12FGezW9xyKQJ2oTYtIM3k/PB12a.XgAG0K6',NULL,2,'sign_miguel.jpg'),(3,'Joaquin','Torphy','8883868','ymiller@example.com','4187279','default.jpg','$2y$10$SoPIf85E0aXrDuNmehqKJuZAR01s9SPWfmRyovVxFH3zoCKni2wiy',NULL,3,NULL),(4,'Melvin','Gusikowski','9599901','olemke@example.com','6743751','default.jpg','$2y$10$LOf.j.nWp3iFZhZoRZNVp.zyscKqcgaMsDms70WhLHvBY2H2CV6jG',NULL,3,NULL),(5,'Harley','Turner','1668717','collins.alyson@example.com','9879251','gaby.jpg','$2y$10$sJiwq1BZ/AMOTRWcwggE8.tnYP7b..V1nMqTh.a5JC1nriesPfzli',NULL,2,NULL),(6,'Myrtie','Parker','3884388','rolando48@example.org','1218053','default.jpg','$2y$10$IF43XXa.v7KQKtx48VKDk.4JmO9ecyU1fHSRNdy7mM6RecIPuzBTu',NULL,3,NULL),(7,'Kiarra','Olson','7825308','marks.polly@example.com','5616441','default.jpg','$2y$10$HhbtmcjlPZGPj4xQvxjwXOOIbPTZoREkbHYRwEm31WfWs24EBEKk2',NULL,4,NULL),(8,'Helena','Grimes','887515','durgan.amie@example.net','260485','default.jpg','$2y$10$a.SE55zUccceyMTSXPgxVerHH7FDNlYBiIvfD6HOwhxrCiZoRDxbe',NULL,4,NULL),(9,'Cyrus','Tremblay','8183481','rhea.kohler@example.org','2199602','default.jpg','$2y$10$Oc6CEliakyUel27gsT28NOhdcYYOOKOm6sLhv3J.tFIXg8YEDFo4u',NULL,4,NULL),(10,'Minerva','Feest','6902858','wbruen@example.net','2804156','default.jpg','$2y$10$f.Kv.aEIGXga6rVwQTHW9uKFGcpehPNdhVG5KP73l4uco7u3CWmxi',NULL,3,NULL),(11,'Nicolette','Hermiston','4334906','elijah.howell@example.com','4219801','default.jpg','$2y$10$/joag5vwGLQIuZJF/v0hT.2JT8XN/e2RyEPdFOSZ3Sz6CZ/t09Xte',NULL,3,NULL),(12,'Justus','Mann','2579795','lockman.melody@example.org','8551453','default.jpg','$2y$10$D8HL38nhZ7DYbFa9C/rnvu0kbuJbD0F2AVD08UsMqerOw7mMiJsLC',NULL,4,NULL),(13,'Burdette','Harber','7341196','hhudson@example.org','113248','miguel.jpg','$2y$10$Eo8CWHfsI3EzVMadtWKBg.VEc0pttKFFonIszu1X/BS99EMvWad.e',NULL,2,NULL),(14,'Vincent','Pagac','3205328','ograham@example.net','8288292','default.jpg','$2y$10$7WA.zgxa6VA0JlkfBXcVweMLHvf.4Ui8sAHdwfcenc0jqEeRc5XNO',NULL,3,NULL),(15,'General','Donnelly','1699456','elegros@example.net','5435328','pedro.jpg','$2y$10$j9me1VKPt.wO/eJKEsGWAeAlAE5z8NhQuAzoFe3zk9cIk8rK6/NdS',NULL,2,NULL),(16,'Janessa','Kessler','5635556','mpagac@example.net','1804392','default.jpg','$2y$10$nUTd7hqzZIi7/OOmnd8qk.rjw6OVTuMZjYGOYerI0B71EM5dyt.6K',NULL,4,NULL),(17,'Tyrell','Streich','1611240','genesis20@example.com','8361774','default.jpg','$2y$10$Qjh4GdgymxeDYF6iuGIGquNqm.4I1WQgfuBjq5fWruLJu1PPPHgky',NULL,3,NULL),(18,'Dedrick','Fahey','3505635','jewel09@example.net','1301697','default.jpg','$2y$10$sUO9z7mqA07yDZh8cQb7Yu9AAUTp7yY7FT519oNZ9OUwAmQQ8f3ae',NULL,4,NULL),(19,'Jace','Vandervort','5098744','noemie.okeefe@example.net','3452315','default.jpg','$2y$10$EveJsAdUkl8ihljaqEnW8uA6/xTRv/sanXar4sr9NntiiNuw5iPPS',NULL,3,NULL),(20,'Ruth','Blick','4719261','macejkovic.maryam@example.org','6357553','default.jpg','$2y$10$i.xN1CgFbFTNA5W5bX0.AeB8cg4P921xuDZPlu4ed9S069FH8MwqC',NULL,3,NULL),(21,'Fannie','Walter','1718491','kyler.swift@example.com','1286150','default.jpg','$2y$10$HyHNDFZRBlgww..SRpdnT.0a7Cj3VZI9p.1BkjBydnnbYGUHLDjf6',NULL,4,NULL),(22,'Lorena','Huels','8400065','orion99@example.org','7435526','default.jpg','$2y$10$zE49L.aPGxOSz1blp25l0emW93.4Onzdv9REUS7pRGxLQk5QR7ANq',NULL,3,NULL),(23,'jeison','Azuaje','25986541','jeisonazuaje0812@gmail.com','04149017184','5.jpg','$2y$10$oCotC3iHTnSSUgQQxirL/.ntSHzPNX7dolvqIjsACKn2nwSG6elpy',NULL,2,NULL),(24,'gabriel','viloria','27167029','supervilo0812@gmail.com','4149017183','default.jpg','$2y$10$zTtJm.5yXzYIF42PCNwlTuml1JjPu/xchXf.NWCCyMQAtrZTfneoS',NULL,3,NULL),(26,'Ana','Nelsen','25987412','ananelsen12345@gmail.com','04149017187','3.jpg','$2y$10$mjA2Sy.5.RFwthTFSE9.EO2h7kUSwGiAAED2hOVcB31QwiOdefPEO',NULL,2,NULL),(27,'Nathalia','Martines','23659871','nathalia0812@gmail.com','04149017184','4.jpg','$2y$10$k72eW9.rw9Dba8YvK9ZKEO5xjQovUvYNLMzhj9cLXDEONlICyplba',NULL,2,NULL),(28,'Rebeca','Cisnero','29856412','rebeca_cisnero0812@gmail.com','04149017184','6.jpg','$2y$10$sNwt1TbE7Rp1C8VmssQliubGPfm1p9WXUHooX7N8RL1AQkoUWYU0C',NULL,2,NULL),(29,'Linda','Bello','21021201','lindayourname0812@gmail.com','04149017184','7.jpg','$2y$10$THYyJdA7/T/GeDjvv3/wGOkEmo/AFhmKvdliyXsfzxHCDAClX85qi',NULL,2,NULL),(30,'Gisell','Aparicio','23541263','gisell_aparicio0812@gmail.com','04149017184','8.jpg','$2y$10$bbD5v/cjlEdOizu.5aFuge/Jr0lHiJhr.8bOv9u.Tetx3pjUK2l2O',NULL,2,NULL);
/*!40000 ALTER TABLE `users` ENABLE KEYS */;
UNLOCK TABLES;
DROP TABLE IF EXISTS `visitors`;
/*!40101 SET @saved_cs_client     = @@character_set_client */;
/*!40101 SET character_set_client = utf8 */;
CREATE TABLE `visitors` (
  `id` bigint(20) unsigned NOT NULL AUTO_INCREMENT,
  `user_id` bigint(20) unsigned DEFAULT NULL,
  `handling_time_id` bigint(20) unsigned DEFAULT NULL,
  `direction_ticket_id` bigint(20) unsigned DEFAULT NULL,
  `provenance` varchar(255) COLLATE utf8mb4_unicode_ci DEFAULT NULL,
  `belongings` varchar(255) COLLATE utf8mb4_unicode_ci DEFAULT NULL,
  `observation` text COLLATE utf8mb4_unicode_ci DEFAULT NULL,
  `code` varchar(255) COLLATE utf8mb4_unicode_ci DEFAULT NULL,
  PRIMARY KEY (`id`),
  KEY `visitors_user_id_foreign` (`user_id`),
  KEY `visitors_handling_time_id_foreign` (`handling_time_id`),
  KEY `visitors_direction_ticket_id_foreign` (`direction_ticket_id`),
  CONSTRAINT `visitors_direction_ticket_id_foreign` FOREIGN KEY (`direction_ticket_id`) REFERENCES `direction_tickets` (`id`) ON DELETE CASCADE,
  CONSTRAINT `visitors_handling_time_id_foreign` FOREIGN KEY (`handling_time_id`) REFERENCES `handling_times` (`id`) ON DELETE CASCADE,
  CONSTRAINT `visitors_user_id_foreign` FOREIGN KEY (`user_id`) REFERENCES `users` (`id`) ON DELETE CASCADE
) ENGINE=InnoDB AUTO_INCREMENT=501 DEFAULT CHARSET=utf8mb4 COLLATE=utf8mb4_unicode_ci;
/*!40101 SET character_set_client = @saved_cs_client */;

LOCK TABLES `visitors` WRITE;
/*!40000 ALTER TABLE `visitors` DISABLE KEYS */;
INSERT INTO `visitors` VALUES (1,11,501,26,'4054 Ryan Run Suite 167\nVonville, KS 65856','','Veniam nemo veritatis fugit occaecati. Omnis nulla quae eligendi asperiores sit delectus sit. Debitis voluptas sapiente qui nulla quisquam vitae.','4334906-86s8iqagw784t32ym64z'),(2,20,502,31,'4070 Barrows Parkway\nNew Leanne, LA 86735-4283','','Consequatur vitae illo inventore fugit sed odit. Ex molestiae exercitationem maiores ducimus. Aliquam accusantium ab et et rerum dolorem velit saepe. Consectetur a in atque quasi aut quaerat consequuntur.','4719261-gjbqdx8nyz1eriruurn3'),(3,16,503,1,'16243 Avery Curve\nPort Merritt, RI 33036-7830','','Enim qui blanditiis dolores laboriosam consequuntur velit. Qui libero eos temporibus et ut itaque.','5635556-jaepozxstht6n0ifijjd'),(4,15,504,19,'6068 Feeney Parkways Apt. 057\nFaheytown, MD 07129-2844','','Labore vero aliquid aliquam numquam natus. Temporibus officia inventore ratione eum quia magni consectetur. Aut maxime aperiam voluptas harum vitae.','1699456-fl50b39b4pziwgsbcorj'),(5,12,505,42,'2448 Kraig Locks\nNew Ikefort, MD 35636-7096','','Ab non amet commodi saepe ex explicabo pariatur. Qui accusamus impedit repellendus ut. Mollitia occaecati adipisci minima similique qui nam id.','2579795-9b8v0486cm7sflz18jw5'),(6,3,506,53,'385 Felicity Rapids\nNew Markusview, MD 48207-8649','','Sit quod facere aut ullam. Sunt nisi sint non ut et eius voluptas est. Voluptas unde aut rem omnis ducimus quidem.','8883868-ypxah422a29z82clb33l'),(7,13,507,19,'330 Hansen Corner Apt. 752\nDuanechester, CA 69817','','Debitis minus maiores sint et voluptas sequi fuga. Et adipisci dolorem sit non in adipisci sequi. Ut deleniti accusamus voluptatem id id ipsa.','7341196-fl50b39b4pziwgsbcorj'),(8,20,508,32,'17624 Collier Extensions\nKenyattaland, VA 62165-7782','','Enim voluptas magnam odit nesciunt inventore nihil. Excepturi non autem sequi assumenda. Veniam excepturi ex nesciunt velit. Corporis quo illum eos perferendis qui doloremque dolores quae.','4719261-t9r3p8ub3l4d25mpzlck'),(9,4,509,84,'167 Jorge Village Apt. 637\nCruickshankmouth, CA 85998-5613','','Dolores itaque ex blanditiis vel voluptatibus iure. Corrupti iste ut vero totam alias sed est. Laboriosam molestiae ut temporibus est. Aut dolores nihil cumque quia iusto vel quia. Possimus qui culpa dolor ratione.','9599901-vj7cfhh5km9digjrh2uq'),(10,7,510,83,'56420 Werner Fords Suite 152\nWest Eugene, AR 25928','','Ea rem repellendus aliquam esse voluptatum. Ut ut animi et eos. Enim facilis qui dolores.','7825308-7p1g80oivqyrbjrcu6qb'),(11,11,511,54,'56153 Stephan Drive\nSouth Hilma, NY 43013','','Quo harum quaerat blanditiis dolor. Facere iusto molestiae ut autem. Minima tempore delectus nihil assumenda molestias fugit nostrum a. Minima esse aut vel.','4334906-ybk1gtyu4ef8kik75kxg'),(12,16,512,108,'34991 Katlyn Summit Suite 159\nHarveyville, AR 66841','','Porro laboriosam qui quam sunt in. Sequi aspernatur iste dignissimos voluptatibus. Ut laboriosam aspernatur laborum et in et non.','5635556-7f5m458v7gdi4o5nlwvn'),(13,8,513,58,'647 Haag Circle Apt. 501\nMosesmouth, MA 20100-8381','','Dolor veritatis optio et. Provident iure ducimus ex nisi nesciunt. Aut temporibus laborum fugiat mollitia natus. Omnis est unde animi provident molestias suscipit.','887515-8dmo6ybwacbl69nw7tvi'),(14,5,514,73,'8315 Deondre Radial Suite 163\nEast Myriam, IN 43084','','Nihil itaque sunt et qui. Dolorem rerum corrupti et ut minus architecto qui.','1668717-khgseszmh23rfc2lc7cm'),(15,3,515,13,'2743 Botsford Greens\nMarksmouth, IL 49870','','At dignissimos temporibus eos illum rerum iure. Distinctio aut qui dolores provident. Accusantium minus consequatur expedita et aut. Aperiam ab perspiciatis perferendis sequi asperiores illo. Omnis dolorum quia rerum et ipsum eum.','8883868-h2uyjywor2n0w5n445sj'),(16,15,516,40,'4630 Nolan Vista\nJastmouth, WY 89813','','Non iste doloremque repellendus quidem. Quis provident officia quibusdam possimus tempore. Quas vero fuga et cumque.','1699456-gvzj823gl2g7hifhn6ij'),(17,11,517,95,'26608 Dudley Gateway Suite 806\nRoobfurt, CO 22786-4393','','Est at aperiam est ea. Est dolores enim qui dolores perferendis ut. Adipisci accusantium blanditiis soluta.','4334906-a90lnyiwelfsfhirrh0n'),(18,18,518,111,'363 Braden Haven\nNew Brennonside, WA 34034-1297','','Ipsum facere ad libero suscipit cumque fugiat. Delectus quas distinctio eum sit necessitatibus praesentium rerum consectetur. At perspiciatis sint necessitatibus laboriosam. Qui saepe suscipit fuga voluptas quo nihil deleniti et.','3505635-vbu3l0mibwbg3o0fkarw'),(19,7,519,25,'210 Sporer Branch Apt. 128\nSouth Alannaberg, DE 93648','','Veritatis quis totam atque similique modi. Optio consectetur deserunt deleniti occaecati aut dolorem asperiores. Omnis ut corrupti est dolorem.','7825308-ytw3ogyv73b01m33w3wo'),(20,3,520,131,'473 Colby Crest Apt. 222\nPort Rodrickland, IN 74390-3588','','Totam eum architecto adipisci ipsum. Molestiae sed ipsa aut voluptatem ut rerum optio. Ea mollitia sunt reiciendis odit excepturi voluptas.','8883868-0ybp22uos362mn3lnrer'),(21,15,521,111,'3040 Parker Square Suite 516\nSouth Steve, CO 96580-7622','','Aut quam magnam quibusdam vitae hic enim. Ad quo vero vel debitis ea. Velit laborum quia enim. Odit nihil autem ratione voluptatem quas sit eveniet.','1699456-vbu3l0mibwbg3o0fkarw'),(22,17,522,121,'4917 Wanda Locks\nEast Lucilemouth, TN 26783','','Quisquam aut sint dignissimos minima ut illum. Veniam consectetur ducimus perferendis repellendus illum. Qui dolorem voluptates accusantium autem repudiandae.','1611240-ryj8amzntz0v744r0p29'),(23,12,523,66,'699 Kuhlman Mount Apt. 102\nNew Ashtyntown, PA 92739','','Ut qui aliquam aut ab. Accusantium inventore laboriosam corporis maiores. Magni ab ad sit distinctio odio voluptas labore.','2579795-9m1uqb1bga6xohmf052p'),(24,15,524,49,'111 Herzog Key\nLake Dee, MT 19280-9126','','Aut quis voluptatem et voluptates ea voluptatem. Velit officiis doloremque dolorem corporis. Voluptas sit eum amet non et. Dignissimos porro in voluptas. Voluptatem aliquid optio corrupti explicabo.','1699456-2ygl0xtxfmqu18vwm5yh'),(25,12,525,100,'1272 Kshlerin Village\nHayesville, DC 95574','','Nisi pariatur dolor dolores aspernatur sapiente culpa voluptas. Veniam commodi aut eum sit qui et ipsam. Est rerum nesciunt magnam consectetur velit. Est ullam laborum debitis facere rerum.','2579795-xjrgjg4y93kegokbma3p'),(26,17,526,64,'3041 Stoltenberg Road\nEast Christa, NY 53875-7542','','Tenetur consequatur officia reiciendis nemo. Consequatur repudiandae iste et non soluta distinctio. Quisquam quibusdam dolorum temporibus inventore eum dolor.','1611240-hyvwldriivthq6ievc0g'),(27,20,527,86,'79390 Junior Mews Apt. 088\nPurdyfort, WI 99909','','Voluptates qui corrupti quis necessitatibus. Sapiente doloremque sed iste dolorem facere consequatur.','4719261-oyxrin26bzja52ebp3dz'),(28,15,528,45,'88224 Eriberto Rest Apt. 502\nPort Dovie, MA 21302','','Aut necessitatibus quidem aliquam recusandae et. Quia facilis harum repellat veniam sit. Animi facere dignissimos quia et qui tenetur. Unde voluptates ut eos laudantium.','1699456-i9pl3ep65oga67psc78n'),(29,8,529,51,'412 Reilly Squares\nPort Eugenia, AK 40689-3769','','Exercitationem ut velit dignissimos delectus id eos. Incidunt quia atque a. Quo eum saepe sequi saepe voluptatem maiores et perspiciatis. Quia nemo qui quae id aliquid tenetur nostrum.','887515-1y0cy7ggt48dw56ll2ep'),(30,2,530,99,'2812 Braun Overpass\nNew Coryland, LA 30858-7159','','Nostrum et eaque omnis quidem expedita vero corporis. Provident omnis nobis aut et. Non reprehenderit quis beatae est. Ea sit non aut laudantium totam quidem.','26666666-kzy0b8ysar5r4wap43e6'),(31,16,531,8,'607 Grady Fields\nCrooksshire, GA 56320-7537','','Eum natus enim eos quis ratione. Eligendi ut quia eos voluptatem magni.','5635556-li3ijt8vxte9qgn15qfb'),(32,17,532,72,'16052 Steuber Green\nConnellyfurt, IL 07232-6679','','Perferendis atque neque laboriosam ea provident soluta rem. Et ducimus numquam labore ut. Ipsa fugiat quidem illo sequi praesentium iusto sit.','1611240-j32ugz1mc07jll4nsbzq'),(33,18,533,112,'354 Miracle Ridge\nBrisaland, LA 93456-5422','','Velit fuga voluptates similique et nesciunt maiores dolorem. Impedit eos totam fuga nobis. Quia vero nesciunt quas et eum aspernatur rerum. Vel recusandae soluta id omnis ea incidunt.','3505635-7fnbyfciquc1yncci2n2'),(34,19,534,54,'1166 Peggie Circle Apt. 284\nNew Cordellbury, AK 61282','','Quis debitis tempora eum assumenda rerum earum. Ducimus accusantium qui sed.','5098744-ybk1gtyu4ef8kik75kxg'),(35,2,535,67,'183 Selmer Lakes\nPaigeton, IN 56086','','Tempore esse dolorem quis deleniti voluptate aut delectus. Explicabo dolorum commodi minus adipisci atque aspernatur.','26666666-egl5gwtlaweozm8oozxj'),(36,12,536,71,'6002 Brianne Throughway Apt. 113\nSouth Joyce, KS 91188','','Commodi omnis aut vitae laudantium quos eligendi. Id id quisquam iste sed magnam. Neque impedit in quis provident debitis dolore. Odit aliquam inventore unde ab dolor.','2579795-9uejr6b9tuw3i9tl3try'),(37,14,537,100,'9481 Farrell Inlet\nWaelchitown, NM 80834-2163','','Qui ut aut et et molestias laudantium quia. Impedit sed facere omnis ea ut qui. Architecto modi alias cum nesciunt aperiam. Quam et perferendis illo id est molestiae.','3205328-xjrgjg4y93kegokbma3p'),(38,2,538,42,'226 Kariane Summit Suite 082\nGerholdhaven, MD 90493','','Blanditiis consequatur sunt fuga vitae vitae sed voluptatum doloribus. Qui dolores rerum eligendi ut sequi et. Autem animi dolor voluptatem harum sit quos.','26666666-9b8v0486cm7sflz18jw5'),(39,14,539,124,'3043 Fritsch Unions\nHuelfort, NJ 32381','','Ut ullam id ut aliquam nulla est quia quo. Natus molestiae vel rem enim culpa laboriosam. Officiis voluptatem quidem et dolorem et.','3205328-10ufbqfzhncisvph2jh8'),(40,8,540,57,'723 Cullen Turnpike Suite 025\nEast Daren, DE 18161','','Dignissimos velit quod omnis voluptatem molestiae ad. Mollitia voluptatum iusto enim velit iure. Saepe cupiditate qui inventore voluptas ipsum eius. Ex libero enim qui illum et id rerum.','887515-b92vldi7g9r2pmbro9i6'),(41,7,541,32,'16866 Langosh Glens\nPort Presleymouth, DE 92248-6039','','Placeat impedit architecto aut sint enim nostrum et. Non et totam magnam consectetur nemo. Consequatur quaerat qui temporibus dolorem facilis rem dolorem. Magni atque id ex quia.','7825308-t9r3p8ub3l4d25mpzlck'),(42,18,542,91,'96546 Hessel Wells\nHermanshire, SC 47187','','Dolores doloremque molestiae enim sunt nostrum. Debitis magni atque voluptas. Aut quis est quae dolorem dolores.','3505635-plxitpjwqldmwfcprbz0'),(43,4,543,43,'2561 Sammy Neck Apt. 840\nLake Susanside, OH 29497','','Cumque vel omnis animi. Sapiente aspernatur voluptatum atque et dolores non. Cumque id eaque eius.','9599901-b9cf1t32x70gl593q96b'),(44,18,544,13,'3739 Dibbert Avenue\nWalkerfurt, UT 86677-5978','','Consequatur mollitia eius exercitationem rerum quia ipsum ducimus. Molestiae officiis facilis adipisci sit vero ut. Eos maiores quae et. Aliquid non ipsa voluptatem.','3505635-h2uyjywor2n0w5n445sj'),(45,20,545,54,'44298 Buckridge Highway\nNew Albert, KS 99876','','Saepe quia non atque minus laudantium ut eius. Aliquid dolore iure qui in aliquam. Voluptatibus voluptas voluptatem unde nam neque enim est maxime.','4719261-ybk1gtyu4ef8kik75kxg'),(46,4,546,30,'73081 Paige Walks\nWest Cortney, VA 44173','','Similique tempore autem molestias occaecati voluptas. Quis provident officia corrupti quo. Error voluptas fugiat porro neque omnis architecto. Autem sit aliquam repellendus labore.','9599901-rjokid0d6995vnf4xos4'),(47,19,547,133,'360 Tyler Branch Suite 151\nEast Monroeside, OH 45736-6186','','Aliquid soluta quis totam corrupti dolores dolor id temporibus. Placeat quidem saepe perferendis voluptatibus et labore assumenda. Qui aut est mollitia nesciunt placeat corrupti. Quia ea nemo nostrum quia excepturi rerum in sit.','5098744-geczlgx5lxrfep7w2kpr'),(48,7,548,18,'390 Filomena Bypass\nWillside, IL 28080-6027','','Sint necessitatibus quod necessitatibus ratione esse. Cum eos voluptatum natus officia porro adipisci. Magnam tenetur earum ipsa natus impedit vero. Voluptatem sunt nisi recusandae praesentium illum explicabo labore.','7825308-fj0cct892zfz8dgrdm6p'),(49,18,549,10,'796 McGlynn Glen Apt. 006\nNorth Jackie, MT 41038-2243','','Omnis odio eligendi labore maiores iusto. Nemo ex laudantium officia magnam suscipit fugit quos. Aut adipisci et alias et dolorum. Et soluta nulla sapiente corrupti accusantium eaque iusto.','3505635-705frbbdkyk7ak4hba25'),(50,4,550,43,'16103 Dickens Port\nElmiraview, WY 25694','','Repellendus iure eaque magnam nemo quia placeat. Quisquam in omnis id veritatis possimus. Aut dolores ea doloremque illum beatae.','9599901-b9cf1t32x70gl593q96b'),(51,8,551,5,'932 Thelma Port Apt. 503\nRueckershire, PA 46483','','Harum quisquam et ex officiis at aut. Illo blanditiis aliquid sed quod. Iusto aut aliquid sint minus illo eum voluptatem nihil.','887515-vqsb35m2rlpw57fe2v8e'),(52,3,552,130,'451 Mosciski Fall\nFlossiebury, TX 66351-6619','','Eaque voluptate sunt consequatur consequuntur. Possimus maiores autem dolor necessitatibus. Consectetur pariatur itaque ut et quae dolores.','8883868-42zjvb6jknwiqe3r28wv'),(53,6,553,53,'222 Malinda Dale\nRyantown, RI 06156-3451','','Debitis dolore cumque exercitationem quis nihil ducimus atque et. Praesentium qui ut laboriosam distinctio ab iure debitis. Quod sint sint beatae aut corrupti. Consectetur quaerat minus sapiente animi et molestiae.','3884388-ypxah422a29z82clb33l'),(54,5,554,10,'72225 Sincere Walk Suite 558\nKennymouth, ID 76464','','Modi aliquid neque dolor rerum pariatur odit est quisquam. Maiores consequuntur sed velit esse ea. Et reprehenderit excepturi molestias quaerat id. Debitis repellendus rerum aliquam quia magni.','1668717-705frbbdkyk7ak4hba25'),(55,20,555,92,'16585 Eichmann Drive Apt. 622\nGoyettetown, MN 98619-0371','','Ullam explicabo et est possimus. Voluptatem optio atque itaque magni nihil. In ab expedita quos ipsam nam fugiat ipsa eligendi. Itaque possimus distinctio vel ex.','4719261-1tx0uyx6lwfx8kjhi0fv'),(56,5,556,28,'800 Hettinger Road\nCedricktown, SC 20009-5445','','Accusantium eos voluptas et laudantium. Nihil possimus dolorem dolorem dolores. Eum assumenda nobis molestias repellat alias et.','1668717-nhofb1iv5lls5kuzyu3w'),(57,15,557,114,'64224 Kim Springs Apt. 043\nLake Cyrustown, MI 01155','','Molestiae tempora qui sit illo. Qui est et ad deleniti assumenda excepturi. Odio dolorum odit eius et et mollitia odio. At nesciunt et dignissimos quas.','1699456-9lstdfln6kpczi8i96sc'),(58,9,558,100,'459 Reilly Cliffs Suite 837\nJulianmouth, WI 66887','','Eos deleniti tempora nihil quam dolorem incidunt et. Officiis inventore quia omnis. Fuga non officia est illum qui similique corporis. Non veritatis odit et sed voluptatem voluptas nemo.','8183481-xjrgjg4y93kegokbma3p'),(59,9,559,124,'402 Adrien Forks\nNew Lorena, NH 28073','','Veritatis facilis dolorem explicabo. Ut minus unde quisquam nisi. Id vero accusantium voluptatem consequatur voluptatum. Dolores iure assumenda qui doloribus dignissimos.','8183481-10ufbqfzhncisvph2jh8'),(60,11,560,71,'423 Koss Land\nKoeppstad, SD 37123','','Qui laudantium voluptates placeat molestiae. Consequatur non eius dolorem alias sapiente fugiat soluta. Eaque nam sit hic rerum aut. Ab magnam non eum pariatur et qui.','4334906-9uejr6b9tuw3i9tl3try'),(61,15,561,26,'537 Gutkowski Rapid\nStammberg, MA 92031','','Id quo esse consequatur suscipit laudantium amet est. Voluptatem impedit iusto error magnam reiciendis magnam earum. Atque modi ab officiis libero.','1699456-86s8iqagw784t32ym64z'),(62,7,562,118,'893 Kevin Expressway Apt. 956\nDandrefort, AZ 91581-8465','','Impedit ipsa debitis assumenda vel cupiditate. Qui tempore vero laboriosam sunt qui. Sed et consequuntur nesciunt molestiae veniam esse eos. Illum dicta et aut.','7825308-q3yygbobzy08vokct1a0'),(63,8,563,70,'25776 Zoey Landing Suite 592\nGrimesburgh, UT 01720-2272','','Autem nisi placeat dolor. Ad ex dolorem esse sint accusamus. Molestiae modi voluptate enim incidunt voluptatem tempore. Numquam nihil eum nisi distinctio quia. Earum consequuntur ratione repellendus consequuntur.','887515-hkhdszxdptq62tu6g0tt'),(64,4,564,13,'340 Jewel Cliff\nEast Colbyton, TN 75723','','A vero impedit soluta ut dolores explicabo cum est. Fugit omnis vel libero beatae. Ducimus velit est cupiditate vitae ut vero.','9599901-h2uyjywor2n0w5n445sj'),(65,19,565,31,'374 Wiley Locks Apt. 839\nElizabethside, MS 37258-2867','','Quia rerum ut rerum error eligendi. Quam consequuntur fugit ipsum quam minima. Quisquam quisquam quia iure consequuntur.','5098744-gjbqdx8nyz1eriruurn3'),(66,13,566,88,'788 Felicita Views\nLuciofort, MT 99181-9068','','Sapiente reprehenderit enim omnis. Et doloremque ea fuga magnam accusantium doloribus. Vero sint deleniti sed fugit labore libero.','7341196-a2uwvxmqms4ctw69o8iq'),(67,9,567,36,'232 Aimee Falls\nDallasland, PA 96006','','Officia ad ut deserunt omnis hic rerum. Quis quod suscipit labore aliquam accusamus libero et. Voluptas aperiam sapiente unde consectetur sapiente qui quia repellendus.','8183481-7nf7in00bi8015xzuvlf'),(68,4,568,87,'61415 Rey Radial Suite 955\nTedborough, IN 79375','','Modi fugiat tempore aperiam deserunt cum occaecati. Quae cum non dolorem dignissimos voluptatem et voluptatum. Voluptatem eveniet recusandae eos ea quis sapiente ex autem. Iure quibusdam necessitatibus et aliquam consequatur corporis. Eaque pariatur eos odio quos numquam magni asperiores.','9599901-u4m1il2qulstb91kzwow'),(69,8,569,72,'70252 Braun Key Suite 668\nKianaport, IN 53644','','Ipsa dolores velit itaque aliquam. Ut et eligendi est exercitationem. Incidunt rem quibusdam incidunt eaque. At ea et ad iure hic dolores harum.','887515-j32ugz1mc07jll4nsbzq'),(70,18,570,131,'62332 Zboncak Club Apt. 306\nTowneland, MT 61837','','Et qui itaque corporis dolores. Adipisci nesciunt sed doloribus nemo. Dolor eum atque ducimus saepe consequatur. Ut aliquid velit corrupti et.','3505635-0ybp22uos362mn3lnrer'),(71,20,571,54,'90465 Angelo Falls Apt. 501\nKameronfurt, MN 69398-6884','','Qui officia ut aut modi enim. Odit sed excepturi accusamus. Enim omnis quia corrupti assumenda est maxime tempora cumque. Itaque odit velit nobis.','4719261-ybk1gtyu4ef8kik75kxg'),(72,11,572,89,'102 Dina Spurs\nNorth Kaelynside, MA 46419-4668','','Ut eveniet vitae doloribus culpa. Fugiat libero et eveniet veniam non sint porro. Quia et sed ut sint. Provident a quos eum mollitia aspernatur aliquam quaerat.','4334906-dl37au410t043ez1l2hn'),(73,6,573,101,'55963 Johnston Villages Apt. 815\nSchuppefurt, OK 18078-6468','','Dicta cum quia rem aut. Iste assumenda et dicta accusantium modi et aliquam. Aut assumenda magnam ullam. Magnam qui et est sit et.','3884388-j6cxvcaj9kp17n3oy67p'),(74,12,574,127,'7792 Rosenbaum Curve Suite 639\nLake Zoeberg, OH 17691','','Qui id illo perspiciatis ea quos. Repellendus debitis sunt quis. In quibusdam enim velit eaque assumenda blanditiis illo.','2579795-9xktjoe9izaz9jejmz69'),(75,8,575,37,'27665 Grant Terrace\nNew Augusta, CO 33680','','Qui quidem suscipit itaque totam debitis. Quae ducimus qui aut quaerat. Est quia fuga est.','887515-p6i7d4vmdx5gkzrip442'),(76,18,576,124,'38313 Dickens Place Suite 300\nNew Tess, NH 07003-0616','','Dignissimos ipsa in eum nihil pariatur. Possimus similique impedit et aut. Natus voluptas voluptas voluptatem autem nesciunt vel error.','3505635-10ufbqfzhncisvph2jh8'),(77,11,577,127,'267 Kunde Drive\nCummeratamouth, DE 42658-6426','','Molestiae qui tempora consequatur pariatur quasi. Eos exercitationem illum perspiciatis voluptatem suscipit non reprehenderit mollitia. Expedita ut dolorum provident libero beatae accusamus. Quas officia cumque velit tenetur et doloribus.','4334906-9xktjoe9izaz9jejmz69'),(78,7,578,58,'363 Mraz Park Suite 377\nOberbrunnerland, IL 54716','','Est animi ea molestiae et. Ea laboriosam et sunt voluptate deserunt illo. Qui ex tenetur dolores suscipit. Maxime reiciendis quaerat reiciendis.','7825308-8dmo6ybwacbl69nw7tvi'),(79,3,579,18,'921 Gutmann Street Suite 195\nSanfordmouth, OR 94188-6196','','Quae omnis quod repellendus est. Alias mollitia enim est maxime unde. Enim aspernatur voluptate magnam iusto.','8883868-fj0cct892zfz8dgrdm6p'),(80,13,580,97,'9997 Homenick Divide\nLake Kaycee, MD 79452','','Explicabo tempora corporis magni quis tenetur corrupti repellat. Inventore ipsa quidem quo ut. Sequi dignissimos ipsa rerum ipsum quaerat. Ut modi qui recusandae iste minus ducimus.','7341196-iv0ym187rla3qki2hbne'),(81,12,581,134,'50786 Jeanne Vista\nEast Kelvinmouth, AR 10739-1354','','Quibusdam voluptates ut ducimus ut provident beatae excepturi vel. Officia expedita praesentium officia omnis distinctio. Eos repellendus voluptas voluptas eum.','2579795-vu8fzi7655u4via65fho'),(82,5,582,5,'219 McDermott Plain\nWest Gaylord, DE 59592','','Repellendus quisquam optio quibusdam non pariatur autem eveniet ab. Minus dolorum sunt quia nam optio laboriosam sit. Occaecati quasi est impedit incidunt explicabo porro placeat.','1668717-vqsb35m2rlpw57fe2v8e'),(83,13,583,96,'5796 Trevor Oval\nLucyton, MS 14647','','Sed vero dolorum quia sunt error et consequuntur. Aperiam voluptatem voluptatem repellendus molestiae saepe debitis qui non. Alias non id enim veritatis ea cumque et provident. Amet distinctio quaerat dolores.','7341196-4vo55dacebbzp1trru37'),(84,5,584,87,'86050 Sydnie Orchard Apt. 952\nPort Helena, ME 13501-2277','','Sint consequuntur aut et vel. Et nemo ut voluptatem ut esse a similique ut. Numquam debitis voluptatem vel labore.','1668717-u4m1il2qulstb91kzwow'),(85,15,585,9,'555 Maximillia Tunnel Apt. 543\nKonopelskiburgh, MS 43574','','Ut dolorem dolor necessitatibus repudiandae rerum reiciendis. Numquam sint aliquam accusantium enim. Et sed commodi at sed numquam. Eum perferendis vel quo nesciunt saepe omnis molestias.','1699456-mk4u4hhebt7ge3v38zrd'),(86,4,586,5,'772 Cruz Mall\nLake Remington, NY 73791-7833','','Consectetur aut perspiciatis est pariatur soluta porro. Et animi facilis illo occaecati officiis. Voluptatum qui reiciendis vel aut. Aliquam deleniti sed maiores rerum animi ad eos.','9599901-vqsb35m2rlpw57fe2v8e'),(87,13,587,28,'47748 Prosacco Fields Suite 787\nLunachester, OK 01962','','Doloremque qui explicabo sint sit rerum adipisci aut repudiandae. Quae qui ut possimus ducimus eaque in vel quasi. Minima voluptatem in est tenetur voluptates magni. Nihil sapiente sed qui temporibus asperiores et reiciendis.','7341196-nhofb1iv5lls5kuzyu3w'),(88,8,588,105,'910 Wunsch Mountains Suite 840\nEast Kaci, CO 26562','','Aut dolorem neque accusantium qui et nesciunt. Omnis molestiae nesciunt ex autem. Vero quidem eveniet ut deserunt temporibus id.','887515-97rsnkzgp84um7hdnq4l'),(89,14,589,44,'80209 Derek Port Suite 820\nMadiestad, GA 84501','','Doloribus praesentium et quasi sunt. Repellendus et ducimus eum fugiat enim enim. Nobis debitis quod nobis.','3205328-hp6zdu1mvykaf6752rno'),(90,17,590,25,'710 Percival Hollow Apt. 434\nMooreburgh, DC 36407','','Autem aliquam vitae quod deleniti illo nesciunt. Cupiditate autem aspernatur illo in est architecto voluptate. Est dolore consequatur voluptas atque placeat est. Consequatur vitae delectus adipisci mollitia suscipit.','1611240-ytw3ogyv73b01m33w3wo'),(91,17,591,75,'6407 Kelli Lakes\nPort Vellaton, VA 25961','','Modi hic enim est commodi doloribus. Doloremque aut quos molestiae quas fuga non voluptates. Ut et quia est in ut omnis. Et ratione reiciendis qui qui vel.','1611240-p99ojjot7zzducn71ypk'),(92,13,592,102,'130 Weimann Ridge Suite 639\nFinnside, NM 62727','','Vel voluptatem accusamus eligendi eos libero corrupti nulla. Dolorem est qui non ut consequatur.','7341196-2457s4pmvvv8pxvtkmbu'),(93,7,593,128,'558 Rowena Fields\nPort Kevenmouth, MA 63122','','Quae quam nihil placeat ex. Unde ut delectus cupiditate qui. Ducimus ut dolores dolores.','7825308-ztf48u2qn6p5mxs7f8qy'),(94,20,594,45,'365 Sawayn Terrace Apt. 403\nAubreyberg, AR 86287','','Sapiente et rerum corrupti animi et saepe rerum. Molestiae impedit animi dolor architecto nisi. Et ut eveniet id et quos facere dolorem repellendus.','4719261-i9pl3ep65oga67psc78n'),(95,2,595,25,'560 Aufderhar Parkways\nEast Abdul, GA 65479','','Dignissimos officia iure commodi iusto nesciunt atque beatae ab. Laboriosam perferendis atque repellendus accusamus officiis nihil. Sapiente laborum esse rerum repudiandae consectetur sint aut.','26666666-ytw3ogyv73b01m33w3wo'),(96,7,596,121,'447 Veum Springs Suite 623\nSchmitthaven, MT 65757-1183','','Aut exercitationem placeat voluptatem ut laboriosam. Fugit enim omnis ratione qui ipsa. Et iste est assumenda omnis dicta et nulla.','7825308-ryj8amzntz0v744r0p29'),(97,6,597,97,'46676 Borer Oval\nEast Callie, ID 97901','','Explicabo et est id nobis esse hic. Voluptatibus nam cum facilis et et. Dolores omnis tempora voluptate rerum. Praesentium voluptatem dolores hic saepe molestiae occaecati impedit. Facilis sequi labore sit ducimus dolorem id maxime ipsum.','3884388-iv0ym187rla3qki2hbne'),(98,2,598,102,'79127 Kelsi Glen Suite 501\nLake Verlashire, SD 53977-1216','','Nostrum omnis esse quia asperiores sed et optio. Ut inventore magni quas id perspiciatis laboriosam. Magni consequatur sit incidunt autem expedita. Officiis saepe maiores dolorem est ducimus consequatur est harum.','26666666-2457s4pmvvv8pxvtkmbu'),(99,6,599,37,'62651 Beatty Throughway\nWeimannfort, AZ 59025-7726','','Similique iste culpa fugit autem voluptatem enim. In vel id rerum temporibus eos rerum consequatur. Aliquam velit sunt reiciendis. Neque amet odit debitis exercitationem consectetur.','3884388-p6i7d4vmdx5gkzrip442'),(100,5,600,116,'474 Pouros Drive Suite 326\nWest Ruben, IN 73573','','Aut et est laudantium quis accusamus vitae enim. Omnis quod fuga qui illum cum. Est quidem doloribus sed adipisci velit. Ea ut commodi rerum aut facilis excepturi.','1668717-j35k1q992fvt3rq0k7td'),(101,7,601,2,'344 Kenyon Spurs Suite 487\nLake Naomiton, CO 98050','','Rerum et voluptatibus dolor. Nulla quos et sunt consequuntur et mollitia deserunt laborum. Facilis accusantium tempore nesciunt laborum vitae adipisci quia. Occaecati dolores ut incidunt.','7825308-axgkzsk2mb2auzsp806c'),(102,9,602,30,'45877 Juvenal Flats Apt. 454\nRyderville, WI 31945','','Et libero aut consequatur provident id. Est quibusdam odio laborum expedita molestiae placeat. Sed aut voluptas culpa similique error. Et eligendi qui optio repudiandae.','8183481-rjokid0d6995vnf4xos4'),(103,19,603,87,'8007 Thompson Pine\nWest Wava, TX 07334','','Nemo dolore rerum animi praesentium qui et. Perspiciatis vel quae error. Nisi sed molestiae distinctio rerum vel sed molestiae. Sit ut quaerat incidunt beatae.','5098744-u4m1il2qulstb91kzwow'),(104,19,604,99,'48285 Rempel Inlet\nSouth Murlport, WA 75000-3048','','Laudantium officia vitae corrupti architecto molestiae quasi et eum. Reprehenderit labore sit cum autem sunt aut vel magni. Animi cumque ea et ipsam atque et quae ab. Placeat aliquid hic asperiores.','5098744-kzy0b8ysar5r4wap43e6'),(105,7,605,64,'697 Sipes Gateway Suite 247\nSabrynaland, CA 75740-0236','','Velit ut tempora quidem sit est dolor cumque. Molestiae quia placeat impedit non. Enim eos eum quo a dolores et ex eum.','7825308-hyvwldriivthq6ievc0g'),(106,10,606,19,'592 Cole Unions Suite 630\nNorth Ethelynstad, NV 44800-2011','','Iste quia non ut temporibus dicta placeat. Repudiandae et nam nam ipsum. Rerum quas eaque ut nihil excepturi quae saepe voluptatem. Et quidem quae quos.','6902858-fl50b39b4pziwgsbcorj'),(107,20,607,77,'511 Heathcote Meadow\nLake Yasmin, NM 62307-5759','','Omnis quia omnis est eum dignissimos ducimus. Voluptatem voluptatem excepturi impedit et dolores quos. Ad rem et ut totam eos consequatur. Non et omnis aliquid nobis maiores.','4719261-kpubr0gfsk8rbttwblcc'),(108,20,608,20,'45540 Hermann Field Suite 381\nNew Agustinashire, NE 73230','','Quia commodi aspernatur aspernatur dolores. Eaque vero et ut eum eos. Ipsam et fuga qui accusantium. Modi incidunt rem quis quos et dolores libero.','4719261-79bjjflai3mxcdi4cobx'),(109,3,609,26,'4474 Kassulke Prairie Apt. 689\nBillymouth, IN 00147','','Qui aut doloremque quis aspernatur mollitia. Tempore consectetur laborum est assumenda magnam reprehenderit ratione vel. Eos blanditiis et dolores nemo tenetur et. Nihil non magni veniam.','8883868-86s8iqagw784t32ym64z'),(110,5,610,113,'9029 Cassie Way Apt. 457\nIzabellaview, AL 58688-1059','','Sunt nostrum vitae provident sapiente et ipsum hic. Dolor assumenda dolorem est qui natus a et. Eaque sapiente tenetur aut placeat libero illo. Totam doloremque aspernatur nisi iusto. Consequatur porro ratione sunt voluptatem aut enim dolores.','1668717-3dhpcdp4kdyfkkbes0tq'),(111,19,611,100,'18866 Theresia Hills Suite 687\nKellieshire, DC 55140','','Sed laboriosam nemo sunt nisi. Voluptatem nihil vero explicabo nostrum hic ut vel. Non blanditiis ratione assumenda. Reiciendis dolorem assumenda at quam debitis qui.','5098744-xjrgjg4y93kegokbma3p'),(112,6,612,41,'462 Hickle Brook\nPort Jamar, VA 94209-4282','','Provident rem voluptates debitis et eos aut ut. Eum mollitia et fuga nam laboriosam eos ut in.','3884388-7hqg6l6pxxnmoybhxmu3'),(113,13,613,44,'223 Alfred Parkway Apt. 482\nMaidaberg, RI 67935-3513','','Sint aliquid voluptatem fugit. Eum odio asperiores et sunt provident quo tempora. Ut quos nisi quidem vero ipsum. Unde odio velit officiis aperiam eos odit quos.','7341196-hp6zdu1mvykaf6752rno'),(114,5,614,128,'586 Denesik Common\nWest Salvador, AR 99812','','Porro fuga aliquam ea accusamus sed voluptatem. Ut in occaecati fugiat porro odit consequatur sit. Incidunt voluptas necessitatibus inventore eaque distinctio quia. Nostrum accusantium quae at laudantium quae et.','1668717-ztf48u2qn6p5mxs7f8qy'),(115,2,615,11,'349 DuBuque Vista\nOfelialand, WI 22329','','Sint voluptatem numquam dolorum at. Dolorum minima consectetur commodi modi aspernatur repudiandae qui.','26666666-796gp2dg5tqgedm1g7er'),(116,13,616,132,'119 Brian Port\nNew Celestino, FL 30525','','Rerum ea explicabo quae repellat. Incidunt id necessitatibus dolore rerum atque accusamus enim.','7341196-qklkrv4v08lwhvohe18t'),(117,5,617,66,'7763 Yoshiko Ports\nNorth Alberto, CT 39596-7250','','Aliquid sint voluptas omnis eum suscipit harum qui. Id labore suscipit ullam pariatur animi ut qui. Nulla dolores quaerat sit nostrum officia. Quod dolorem autem et eum eum ipsam voluptas.','1668717-9m1uqb1bga6xohmf052p'),(118,11,618,71,'6517 Breitenberg Highway Apt. 040\nPort Leif, VT 91878-3423','','Alias a quam repellendus sunt. Illo in doloremque in at qui. Harum facere corporis quisquam optio necessitatibus. Aut laboriosam occaecati incidunt ipsam aut excepturi.','4334906-9uejr6b9tuw3i9tl3try'),(119,12,619,54,'333 Quigley Wells Apt. 256\nSouth Jonathon, RI 50114','','Ut natus explicabo exercitationem consequatur. Porro rerum ex incidunt sit numquam. Aperiam molestiae ut et quae maxime ex neque rerum.','2579795-ybk1gtyu4ef8kik75kxg'),(120,10,620,50,'591 Alessandro Locks\nSouth David, AR 30383','','Illum veniam vitae quo fuga aperiam. Aperiam possimus iste perspiciatis non est. Quidem deserunt totam architecto et.','6902858-7vl5q0deh65ghqeangaa'),(121,10,621,1,'7856 Leonora Neck Apt. 563\nEast Taureanside, ID 78937-1638','','Numquam fugit rerum repudiandae dolorem est. Temporibus numquam cupiditate quia molestias nihil totam ullam.','6902858-jaepozxstht6n0ifijjd'),(122,18,622,46,'1090 Osinski Trace Apt. 599\nWest Dalton, WY 48847-8824','','Quidem officia aut repellendus et. Qui incidunt quasi dignissimos eos. Atque placeat maxime temporibus fugiat sequi excepturi aut. Corrupti nostrum voluptatibus quam corrupti.','3505635-swp1u5jx9hbeun1al6f6'),(123,11,623,62,'457 Grayce Vista\nSpencerville, OR 94854','','Commodi et natus earum. Ab quia quaerat saepe in commodi. Voluptatem autem sed qui tenetur fugiat sequi reprehenderit.','4334906-7adfkhnhkr9vls5z9z59'),(124,14,624,121,'6707 Batz Viaduct Apt. 495\nJohnathanport, IN 07940-8118','','Qui expedita ipsa incidunt nam nam doloribus. Blanditiis porro dolorem minima dolores sint. Distinctio aliquid porro et hic quam unde vitae. Corrupti perferendis harum aperiam ut earum. Iure aut animi occaecati.','3205328-ryj8amzntz0v744r0p29'),(125,2,625,108,'728 Aurore Glens Apt. 404\nEast Jailynchester, AZ 46283','','Totam est aut qui. Est consequatur totam assumenda vel vel maxime. Voluptas enim sint iusto omnis.','26666666-7f5m458v7gdi4o5nlwvn'),(126,19,626,103,'25284 Stephania Squares\nSouth Kelsie, MA 70812-9738','','Cum suscipit eius dolores ut nihil laudantium. In vitae ullam iure officiis harum minima officiis. Sit ut nihil voluptatum dolore omnis. Laborum molestiae eaque saepe dolorem omnis.','5098744-xmki03vc5xvtfn6hvku1'),(127,5,627,86,'941 Lon Underpass\nMarcelostad, DC 02372-8848','','Voluptatibus pariatur corrupti vitae. Pariatur assumenda molestiae excepturi beatae amet aut. Soluta qui totam eaque quia.','1668717-oyxrin26bzja52ebp3dz'),(128,17,628,112,'32181 Madisyn Crescent\nRusselchester, NV 40095-4561','','Est commodi non voluptatum quasi enim quia mollitia. Et perferendis cupiditate illum autem vitae. Et dolores laborum debitis distinctio iure.','1611240-7fnbyfciquc1yncci2n2'),(129,5,629,58,'1079 Polly Glen\nNorth Kelly, TN 67779','','Consequuntur quas perspiciatis impedit dolor omnis. Qui architecto fugit eos dignissimos dolorem minima odit iste. Aut consectetur nesciunt odio fuga ut vel odio at.','1668717-8dmo6ybwacbl69nw7tvi'),(130,12,630,61,'30649 Hessel Center\nSouth Turnerview, RI 56331','','Non est odit sapiente praesentium unde. Est quaerat veritatis eos fugiat sint libero. Iusto ut illo ea quod in.','2579795-dp6tq15brkjd446j1id2'),(131,4,631,80,'9965 Romaguera Plain\nNew Kailee, UT 83845-5221','','Doloremque iste corporis rerum quo qui maxime sequi. Aut ipsa qui fuga illo.','9599901-m6jxe4743zjoklhmitzk'),(132,17,632,94,'78325 Satterfield Ridge Suite 966\nLangoshborough, MD 52878','','Reiciendis et et eum doloribus enim. Est commodi esse laboriosam. Officiis et velit repellat distinctio sed autem qui.','1611240-sut4qpzass2xtfkdwb3m'),(133,20,633,40,'3883 Heller Garden\nPort Stephanyland, AR 91135','','Autem animi dolores sint quaerat et. Facilis id quaerat labore minus voluptatem velit.','4719261-gvzj823gl2g7hifhn6ij'),(134,12,634,42,'6437 Raina Loaf Suite 689\nSouth Viva, MI 37783','','Debitis rerum sapiente similique quia occaecati sint. Rerum ducimus ducimus occaecati qui dignissimos ut nam. Dolores ut cum blanditiis officia et. Velit nihil perferendis quasi consequatur sit qui accusamus. Voluptatem unde dolor cumque nam.','2579795-9b8v0486cm7sflz18jw5'),(135,9,635,66,'42198 Odell Squares Apt. 239\nKristianchester, AL 56797','','Voluptatem neque modi nemo id quia molestias. Omnis ducimus ullam sint nostrum architecto illo.','8183481-9m1uqb1bga6xohmf052p'),(136,7,636,28,'19142 Taya Road Suite 478\nNelstown, NH 34778','','Impedit soluta rerum aut in. Sit magnam numquam expedita exercitationem commodi non. Animi natus sit autem. Amet illum praesentium animi nihil culpa.','7825308-nhofb1iv5lls5kuzyu3w'),(137,15,637,54,'97039 Ruecker Forks\nNew Laura, MN 65202','','Ab soluta numquam laudantium atque veritatis voluptatem quo. Consequuntur et voluptatum magni. Blanditiis dolor accusantium quia libero voluptas fugit qui. Et non sed suscipit sit quo aspernatur. Accusamus fuga minima consequatur voluptas voluptas qui et.','1699456-ybk1gtyu4ef8kik75kxg'),(138,17,638,11,'303 Wolff Summit\nEast Stanley, NM 51009','','Eveniet incidunt adipisci dicta et occaecati voluptatem. Et est impedit adipisci aspernatur facere. Ad culpa ut fuga sequi veniam ex. Corporis deleniti non sed.','1611240-796gp2dg5tqgedm1g7er'),(139,19,639,20,'4258 Dudley Square Suite 185\nWest Ola, VA 50057-6204','','Autem architecto nihil necessitatibus id. Aut aut qui enim rerum. Quia consequatur ut alias temporibus quia.','5098744-79bjjflai3mxcdi4cobx'),(140,16,640,81,'599 Yadira Heights\nWalkerside, MO 03264-4839','','Sed voluptas aut consequatur. Voluptas sequi ratione officia est atque rerum repellat. Autem labore itaque rerum molestias rerum.','5635556-nlq20wkk221lgiridf0f'),(141,7,641,23,'82667 Jaskolski Lane\nNorth Zoeyhaven, MT 23109-4487','','Non vero eligendi ut qui quis blanditiis ut. Assumenda aut dolore labore consequatur nemo. Sit facere quia non earum aut laboriosam. Tenetur rerum recusandae atque aut perspiciatis consequatur.','7825308-l351w0pcxkataoli2ng3'),(142,17,642,43,'2812 Hayes Point\nKeeblershire, HI 78223-0880','','Commodi voluptate nisi delectus repellat quod. Ea autem eaque iusto beatae facilis repudiandae tempora. Temporibus aut dolore rem et sint ut eaque. Sequi suscipit voluptatem praesentium et eos id et.','1611240-b9cf1t32x70gl593q96b'),(143,14,643,78,'146 Jacobi Mews Apt. 858\nEast Toneyborough, KS 93065-4195','','Vel voluptatem ex dolores et. Architecto id dolores sunt pariatur recusandae dolores veritatis. Natus quia sunt ut culpa praesentium beatae.','3205328-ak9o3oc0qgsl1wps7iz8'),(144,15,644,23,'413 Conrad Land\nNorth Alyson, TX 18198-6017','','Quia quis eveniet non dicta dolorem consequuntur. Rerum illum et qui voluptas repellat blanditiis consequuntur. Culpa nihil ipsa nam nemo.','1699456-l351w0pcxkataoli2ng3'),(145,8,645,34,'7944 Carroll Ridge Apt. 308\nElsaport, CO 70998-4178','','Omnis recusandae et et ipsum consectetur ea optio. Ut fuga amet numquam neque maiores dolorum. Mollitia nam sint id explicabo velit. Praesentium explicabo soluta natus non. Soluta qui et eveniet rem cupiditate ratione necessitatibus.','887515-a6ned1ermwwc7o532ait'),(146,6,646,34,'214 Bradford Dam Apt. 549\nJeffreyfort, UT 27847-4118','','Atque molestiae illo cupiditate qui. Velit architecto dolore quos qui neque et. Eligendi qui dolores sint a nihil iure minus sunt.','3884388-a6ned1ermwwc7o532ait'),(147,16,647,50,'94482 Sarah Lakes\nWest Sarailand, MA 50820-2395','','Illo molestiae perferendis voluptatem omnis veritatis. Quod deserunt quia hic et quos et. Voluptas eligendi aliquid rerum corporis assumenda nulla sint ex. Et fugit autem autem modi.','5635556-7vl5q0deh65ghqeangaa'),(148,15,648,16,'500 Goyette Drive\nAntonioport, VT 96045-1367','','Alias ut qui et non. Consequatur sit quaerat ex voluptas mollitia et est consequatur. Suscipit fugit omnis qui cum id qui.','1699456-6cobjw9xu0fvhaxgxpz7'),(149,17,649,111,'596 Leuschke Squares\nEast Justinaton, WA 73038-3732','','Ullam et dolor debitis dicta cupiditate. Earum laboriosam et et accusantium. Voluptatem vel consequuntur tempora mollitia deserunt ut.','1611240-vbu3l0mibwbg3o0fkarw'),(150,4,650,21,'7664 Wilton Pine\nNew Masonhaven, MD 30484-5590','','Hic blanditiis eum consequatur dolore. Vero molestiae id ut unde quisquam repudiandae. Et iste nihil ad.','9599901-fq0wqa08y69l3z8ninfp'),(151,4,651,113,'379 Von Junctions Suite 658\nNorth Karsonland, TN 75034','','Ullam delectus corrupti et sed at est consectetur. Qui illo accusamus corrupti error. Earum omnis optio dolores omnis necessitatibus. Neque ullam quam facilis nisi id libero.','9599901-3dhpcdp4kdyfkkbes0tq'),(152,13,652,125,'728 Kennedy Estates\nJaceberg, AK 30131-0506','','Ab debitis quam neque aut. Autem sit quia odit nesciunt ratione labore. Delectus quas ut inventore fugiat vitae maxime.','7341196-dl8x2wadl093esqk9pf0'),(153,19,653,108,'59602 Considine Points\nEast Reinhold, CO 36812-0346','','Voluptatum non molestias dolorem cum impedit commodi aut. Quia assumenda impedit odit inventore ipsum cumque dolorem. Eum ut ut architecto tempora aut. Amet cumque distinctio architecto tempore laboriosam deserunt.','5098744-7f5m458v7gdi4o5nlwvn'),(154,13,654,134,'509 Kattie View\nBashirianburgh, IA 20482-8884','','Sint aut quod et nam fugit reiciendis. Modi dolores et veritatis fugit sed tempora aut. Tenetur libero libero vero omnis iste. Accusantium labore autem soluta.','7341196-vu8fzi7655u4via65fho'),(155,12,655,68,'9721 Hegmann Islands Apt. 808\nLake Isabell, PA 01319-7775','','Non velit quo quaerat consequatur consequatur voluptatem reiciendis. Quas sequi et quod. Eum ducimus sed magni ut quia natus.','2579795-ka9jklbhbrxelxvvoq28'),(156,15,656,73,'457 Harvey Terrace\nTerrencehaven, ME 23622','','Iure molestiae quia soluta distinctio vitae culpa suscipit. Expedita eos voluptas est sapiente eos laudantium. Cupiditate illo voluptas numquam est aliquid ut optio. Repellat perspiciatis reiciendis ex doloribus a enim aspernatur.','1699456-khgseszmh23rfc2lc7cm'),(157,18,657,21,'186 Price Center\nParkermouth, SC 05576-6417','','Molestiae numquam qui aut cum aut blanditiis aut expedita. Nobis possimus error autem dolorem autem nesciunt ut molestiae. Dolorem ipsum qui aut dolore quia illo.','3505635-fq0wqa08y69l3z8ninfp'),(158,19,658,79,'33238 Goodwin Drives Apt. 381\nLeonorfurt, WV 01447','','Assumenda et suscipit ut libero. Ducimus quas pariatur maiores possimus veritatis consequatur. Qui amet sint perspiciatis dolor ratione molestiae at. Nam temporibus ipsam reiciendis ab cupiditate assumenda autem.','5098744-qdpqztodizoa9ga7mi2t'),(159,17,659,62,'20081 Feest Well Suite 084\nPort Roselyn, TN 15363-9208','','Et et sit sunt aut in qui. Assumenda enim non similique illum est. Ut voluptatem sint sint et rerum impedit. Vero et itaque qui. Tempore sit fuga repellat accusantium nihil sit aut.','1611240-7adfkhnhkr9vls5z9z59'),(160,7,660,118,'750 Ronny Run\nEastonview, OK 43296','','Aut voluptatem dolor consequuntur labore. Doloremque suscipit reprehenderit rerum impedit. Voluptatem eveniet perspiciatis deserunt deserunt amet.','7825308-q3yygbobzy08vokct1a0'),(161,19,661,14,'6546 Zboncak Expressway Suite 866\nScottyburgh, NY 85530-1320','','Est itaque est mollitia nihil voluptatem suscipit. Praesentium neque nihil quia. Quas suscipit accusantium dolor quam. Consequatur architecto laborum asperiores adipisci nostrum eveniet.','5098744-rdh952smuj5k2av47uju'),(162,13,662,27,'247 Nikolaus Stravenue\nMertieborough, SC 85771','','Recusandae natus enim et sunt. Voluptates saepe rerum mollitia qui.','7341196-0v1yp2x5uza965zoqutg'),(163,16,663,74,'72786 Halle Island\nSouth Jadonfurt, OH 75832-1798','','Non consequatur veniam rerum. Architecto sapiente dolorem et dolores est ex. Repellat tempore accusantium necessitatibus nobis amet et in. Assumenda deleniti necessitatibus consequuntur nostrum.','5635556-nfcgdq4b3rwx41lnsf1m'),(164,9,664,76,'455 Zane Manor Suite 801\nFlorenceport, ND 04017','','Ut laudantium sit nobis est non assumenda accusamus. Omnis error velit praesentium itaque. Consectetur aliquid est in officiis id.','8183481-5u8qsu29j3g2rxmom6jk'),(165,7,665,72,'1110 Auer Springs\nLake Sydneyhaven, WV 48452','','Illum et vitae doloribus aut. Ea fuga quia tenetur iure. At quas soluta rerum distinctio dolor aperiam ut.','7825308-j32ugz1mc07jll4nsbzq'),(166,19,666,92,'2610 Mitchell Rue\nEast Stantonborough, VT 45989-8819','','Beatae dolore mollitia qui earum et minus qui hic. Pariatur sed ducimus et.','5098744-1tx0uyx6lwfx8kjhi0fv'),(167,10,667,63,'87117 Anthony Stravenue\nDurganberg, AK 76663-4001','','Non tempore voluptate sunt quo ratione aut. Nihil voluptatem doloribus debitis sunt impedit.','6902858-be7v64agcona5w7to20m'),(168,12,668,107,'729 Isaiah Courts\nMichellebury, UT 22717','','Voluptas accusantium reprehenderit officia accusantium voluptatem. Porro adipisci voluptas ducimus doloribus. Deserunt est eos aut ut eos quia molestiae.','2579795-8hjmi4tyl59v9apo3ptp'),(169,9,669,14,'53797 Spencer Pines\nLucianoberg, VA 45547','','Eum qui et eveniet ea ea. Sapiente id et neque inventore est. Voluptas doloribus quod corporis est nulla sint natus. Ratione qui ut unde modi repellendus.','8183481-rdh952smuj5k2av47uju'),(170,18,670,87,'750 Nicolas Mills Apt. 717\nWest Letha, MS 85844','','Quibusdam optio nemo officiis laudantium voluptatum ut qui. Eum sint harum voluptatem nemo expedita. Ut dolor tempore necessitatibus dolore beatae accusantium sit. Asperiores consectetur et ut.','3505635-u4m1il2qulstb91kzwow'),(171,19,671,74,'96181 Sasha Road Apt. 646\nEast Anna, WV 35514-6341','','Laboriosam facilis et omnis in. Fuga modi officiis omnis aut voluptatibus. Eum nulla fugit hic quaerat blanditiis velit adipisci.','5098744-nfcgdq4b3rwx41lnsf1m'),(172,11,672,30,'24946 Laury Shoal\nEast Mitchellmouth, NY 20992-6541','','Eos ipsam ea non facilis consequatur doloribus. Illum vel occaecati beatae quasi sit. Error vero sint excepturi pariatur.','4334906-rjokid0d6995vnf4xos4'),(173,15,673,13,'109 Rhianna Shore Suite 429\nLeuschkeland, TN 88170','','Non doloribus corrupti voluptas ut et sint beatae non. Dolor doloremque commodi dolorem. Et facilis voluptas et reiciendis. Odit error maiores deserunt totam est fuga.','1699456-h2uyjywor2n0w5n445sj'),(174,6,674,57,'495 Arlie Course\nLake Garnett, NH 47379-4444','','Eveniet eos qui est placeat soluta quasi qui officiis. Et excepturi nobis maxime quasi quidem. Aut saepe architecto ducimus quo tenetur. Et modi incidunt qui enim vero.','3884388-b92vldi7g9r2pmbro9i6'),(175,5,675,27,'38735 Doug Villages Apt. 202\nEast Kaley, KS 20143','','Libero sunt qui eaque quas libero consequatur. Nam voluptatem quae ea voluptatem et. Similique aliquam vero nam modi quis in odit. Rem provident asperiores fugit explicabo accusamus sed maiores aliquid.','1668717-0v1yp2x5uza965zoqutg'),(176,17,676,100,'8601 Madison Parkways Suite 802\nBergnaumberg, SC 56624','','Quo consequatur corporis nesciunt quae earum. Quibusdam consequatur tenetur aut et nemo explicabo distinctio. Et quam facilis ea.','1611240-xjrgjg4y93kegokbma3p'),(177,8,677,11,'960 Block Trafficway\nNorth Shyannebury, UT 08967-3557','','Quae velit voluptas aut et et. Reprehenderit earum et earum adipisci culpa sit. Est cupiditate ipsam consequatur cupiditate laboriosam officia. Sit sint ipsam ea sed.','887515-796gp2dg5tqgedm1g7er'),(178,4,678,75,'952 Beahan Mission Suite 340\nSouth Fermin, MT 03403-9036','','Assumenda ipsum asperiores nihil dolore perspiciatis necessitatibus id. Est placeat quia rerum voluptatem expedita eius. Nesciunt illo odio et minima. Ea aut quidem et voluptatem modi.','9599901-p99ojjot7zzducn71ypk'),(179,7,679,111,'96166 Peggie Mount Suite 040\nLake Josephineton, MI 41159-0794','','Eligendi quis autem ea iusto repellendus fugit et. Qui illo minima distinctio ratione doloribus nesciunt. Sit non commodi atque tempore. Magnam nihil est ut veritatis repellendus molestiae.','7825308-vbu3l0mibwbg3o0fkarw'),(180,15,680,127,'2052 Mraz Fords\nLake Pearl, IA 14249','','Exercitationem illo ut reiciendis nostrum officiis. Et a libero aut sit dignissimos placeat. Aliquid tenetur autem voluptates. Magni ipsam aliquid ullam itaque. Occaecati id sit vero similique porro.','1699456-9xktjoe9izaz9jejmz69'),(181,11,681,77,'4301 Chase Pass Apt. 628\nPort Brooke, CA 76810','','Quia ad cupiditate molestias facilis vitae blanditiis. Placeat blanditiis commodi placeat voluptates distinctio aperiam veniam exercitationem.','4334906-kpubr0gfsk8rbttwblcc'),(182,19,682,29,'123 Retha Rue Suite 772\nLake Montyhaven, VA 48193-3610','','Vel non natus quia deleniti sit et. Blanditiis ratione dicta veritatis et sed maxime. Veritatis voluptas in asperiores non perspiciatis facilis perferendis. Maiores maiores temporibus facilis sit et magni cumque.','5098744-qfwl6y28uaqi9gbn20l4'),(183,7,683,126,'868 Kihn Estates Suite 621\nPort Tanyaburgh, VT 07453-6512','','Nesciunt quia et sit ullam dolores alias consectetur. Explicabo ad consectetur ea esse minus sunt. Corporis nam consequatur et ratione.','7825308-q0yntlpknbfdtev6fw8w'),(184,13,684,105,'89790 Hermann Lane Suite 250\nWest Kara, VA 68797-5154','','Ad provident inventore a amet. In sit rerum rem vel. Error voluptatem doloremque praesentium fugit dolore aspernatur. Quisquam illo aut nostrum asperiores aliquam dolorem.','7341196-97rsnkzgp84um7hdnq4l'),(185,17,685,77,'312 Cale Cove Apt. 567\nSouth Micah, CO 45247','','Eligendi qui inventore sit aspernatur. Error nam qui minima ullam autem quis odio. Ipsa doloremque aperiam harum.','1611240-kpubr0gfsk8rbttwblcc'),(186,11,686,71,'77502 Taurean Dale Suite 662\nJessycaville, CO 43890-2481','','Molestiae dolorem ut sed. Eum id odit cum. Voluptatem temporibus est numquam distinctio et voluptas.','4334906-9uejr6b9tuw3i9tl3try'),(187,7,687,16,'73974 Roosevelt Circles Apt. 108\nDoylebury, VA 65974-4434','','Fugiat error ducimus dolores non. Mollitia et asperiores est quasi. Cumque inventore eius ducimus distinctio aliquam. Consequatur nihil aut esse nemo.','7825308-6cobjw9xu0fvhaxgxpz7'),(188,14,688,59,'640 Medhurst Alley\nLake Savannah, FL 08253-7627','','Enim sunt dolore laudantium. Fugiat sit iusto sed consequatur vero voluptate. Deserunt aliquid blanditiis voluptatibus nesciunt alias.','3205328-rxgtno3cjqdzhkjscbdw'),(189,20,689,133,'7964 Otilia Freeway Apt. 625\nNorth Suzanne, OR 41781','','Aut rem similique nihil deserunt et deserunt quae. Laborum blanditiis ut minima nihil non. In eos esse aut quas qui quia odit.','4719261-geczlgx5lxrfep7w2kpr'),(190,19,690,67,'36796 Ethyl Pine Suite 617\nRomaland, AK 39042-4161','','Ad dolore et sunt ut ut quia iusto. Nostrum enim odit excepturi doloribus ducimus quia ab. Distinctio nihil deserunt nobis quasi repellat culpa omnis. Quo fugiat ut consequatur non nihil inventore assumenda. Perspiciatis et pariatur sapiente voluptas distinctio.','5098744-egl5gwtlaweozm8oozxj'),(191,11,691,73,'7124 Johns Inlet Apt. 979\nWalkerport, RI 44526-8521','','Facere itaque alias sed id omnis qui. Aut error ut voluptatem quis velit. Earum temporibus soluta atque dicta cum quia possimus iure. Quam harum est aut.','4334906-khgseszmh23rfc2lc7cm'),(192,17,692,99,'704 Bosco Pike\nReganport, CT 39467-5267','','Recusandae quo aut esse. Eos quos consequuntur beatae veniam temporibus harum eos. Laudantium magnam voluptatibus rerum deserunt dolorem iste nisi sit. Omnis labore sed numquam ducimus qui sunt.','1611240-kzy0b8ysar5r4wap43e6'),(193,10,693,10,'26548 Manuela Square\nAvaside, AZ 46640-4417','','Similique quas facere quia quia rem dolorum hic. Iusto at tempore ea unde sapiente. Magnam beatae pariatur numquam nam enim hic. Sunt et quia ut. Explicabo eligendi aut provident dolor quisquam laboriosam.','6902858-705frbbdkyk7ak4hba25'),(194,8,694,86,'973 Franz Circle\nNew Mertie, NE 26693','','Quibusdam repellendus et sed architecto. Quod illo ad ab cum eos reprehenderit. Aliquid vel fuga iusto deserunt exercitationem.','887515-oyxrin26bzja52ebp3dz'),(195,9,695,89,'686 Crist Mountains\nSouth Katelynshire, CA 27742','','Cumque qui quo aut voluptas optio ad. Qui in molestiae esse rerum. In voluptates voluptatem aut pariatur.','8183481-dl37au410t043ez1l2hn'),(196,15,696,6,'3860 Hegmann Overpass\nLake Myrtle, MI 03432-5055','','Sapiente nulla labore eius dolor. Eaque magni voluptatibus magnam. Tempora soluta dolor odit est consequatur.','1699456-06hxa1l38iiu04d0ych3'),(197,17,697,14,'2263 Larson Forge Suite 243\nLake Ryannport, MS 57855-4965','','Est alias neque nemo omnis doloribus quam. Dolore magni omnis fuga aut expedita excepturi. Et dolorem et quibusdam et quam cumque. Qui enim dolor voluptas officiis adipisci deserunt quasi.','1611240-rdh952smuj5k2av47uju'),(198,14,698,57,'5816 Kaylah Shoal\nSouth Carolyne, MN 97111','','Animi illo assumenda natus neque quisquam quae est. Cum vero commodi incidunt molestiae. Aliquid earum unde ab minus ea. Quibusdam necessitatibus minima ut aut nulla est sit quia. Laborum repellat vel sit voluptas.','3205328-b92vldi7g9r2pmbro9i6'),(199,7,699,83,'59505 Lupe Via\nCamilaside, ID 61320-8403','','Culpa est non dolores minus. Nisi omnis et voluptates dolores hic dolorem. Alias laboriosam ut quo quia qui in.','7825308-7p1g80oivqyrbjrcu6qb'),(200,20,700,101,'370 Bergstrom Rapid\nPort Wilbert, TN 90096-8759','','At minus nemo omnis saepe maiores omnis ut. At repellendus qui modi. Sit ipsam et ratione repellendus atque. Iure beatae eaque quo et. Delectus ipsum velit quia inventore odit.','4719261-j6cxvcaj9kp17n3oy67p'),(201,10,701,108,'814 Hickle Fork Suite 370\nNew Quentinchester, AK 07720-3805','','Dolorum rem voluptatem amet esse doloremque voluptatem. Et eos consequatur dolorum vero enim. Minima esse soluta eos modi error sit.','6902858-7f5m458v7gdi4o5nlwvn'),(202,18,702,69,'51154 Lemke Mill Apt. 286\nLueilwitzburgh, AR 21033','','Aliquid consequatur animi voluptas nesciunt impedit. Velit aut nostrum debitis vitae assumenda voluptatibus. Reiciendis autem veniam consequuntur libero explicabo.','3505635-zxpfepbqdd8mdh1s94qy'),(203,16,703,107,'80475 Everett Estates Apt. 356\nEast Tracy, VT 53908','','Explicabo ipsam soluta quidem. Ipsa voluptas mollitia consequuntur veritatis. Voluptas quam sed rerum numquam est at facere ut.','5635556-8hjmi4tyl59v9apo3ptp'),(204,4,704,18,'6251 Rempel Passage\nHamillmouth, IL 85044-9555','','Numquam quisquam repellendus quis corrupti. Id nemo neque voluptates quam aliquam iste. Earum omnis non atque quibusdam blanditiis.','9599901-fj0cct892zfz8dgrdm6p'),(205,20,705,125,'967 Wilkinson Centers Apt. 239\nSouth Elmohaven, VT 33515','','Rerum consequuntur minus sit voluptatum. Voluptatem sint blanditiis est eaque enim error. Quibusdam enim cum dicta. Corrupti alias aspernatur fugiat consectetur eos labore.','4719261-dl8x2wadl093esqk9pf0'),(206,7,706,25,'6700 Tad Shoals\nEvertshire, FL 42054-9850','','Ducimus ipsum non nam nemo. Sed doloremque enim sunt est quibusdam.','7825308-ytw3ogyv73b01m33w3wo'),(207,8,707,42,'982 Tia Corner Suite 507\nMayerport, PA 98022-8589','','Eum eos ut corporis aspernatur. Laboriosam blanditiis et tempora unde. Sequi ipsam perferendis minus voluptas sequi. Enim laudantium eaque perferendis reprehenderit.','887515-9b8v0486cm7sflz18jw5'),(208,2,708,82,'49616 Dare Wall Apt. 356\nWest Victor, NY 94712-6925','','Suscipit delectus explicabo dolorem illum ullam. Quia omnis molestiae vero voluptas est. Nulla iure facere quidem perspiciatis. Veritatis vel harum suscipit.','26666666-40hjqqf4293gtp1c5igf'),(209,20,709,67,'2148 Henriette Fork\nNorth Patrick, IN 32989-9847','','Magnam deserunt asperiores autem modi. Voluptatem ab et enim debitis est quis. Est ut enim aspernatur sed. Quo cumque incidunt qui.','4719261-egl5gwtlaweozm8oozxj'),(210,3,710,95,'784 Lindgren Overpass Suite 361\nNorth Winifredburgh, MS 42766-9959','','Debitis facere aut autem rerum et ad. Dolores illum ullam quia accusamus dolor iste et ut. Natus nostrum eligendi eius culpa pariatur. Sint ipsa enim cupiditate.','8883868-a90lnyiwelfsfhirrh0n'),(211,15,711,18,'818 Marcia Meadow Apt. 296\nSouth Presleyborough, VA 11725-8366','','Magni exercitationem ut delectus cupiditate sint reprehenderit optio. Consequuntur sequi ab minima suscipit. Laboriosam in eveniet voluptatum dolores pariatur mollitia. Dolores fugit molestiae tempore delectus qui eos ex. Quia a nostrum deleniti veniam error qui eaque.','1699456-fj0cct892zfz8dgrdm6p'),(212,4,712,41,'87150 Fritsch Extensions Suite 329\nStephanyfort, MT 97611-8638','','Molestiae atque nobis eaque vero et culpa. Quia rerum odit suscipit soluta minus aut qui. Molestiae odio ipsam deleniti. Omnis aut necessitatibus eos vero dignissimos repellendus necessitatibus.','9599901-7hqg6l6pxxnmoybhxmu3'),(213,2,713,92,'373 Padberg Grove\nWest Hanstown, NH 59589-3456','','Sint quibusdam sequi rerum voluptas eius soluta. Mollitia quia minus ut aut natus officia sed. Ab modi voluptates est consequuntur impedit nostrum delectus. Nemo non totam mollitia et veniam quas accusamus quam.','26666666-1tx0uyx6lwfx8kjhi0fv'),(214,19,714,120,'899 Rowland Overpass\nEast Annabell, AK 13759','','Repellat quibusdam repellendus magni officiis consequatur aut. Sapiente omnis perferendis voluptate tenetur. Nihil enim dolorem quis qui nobis. Optio ratione delectus sed beatae veritatis ipsum vero.','5098744-y8rh509ugd59jiuuf8zq'),(215,20,715,6,'7872 Batz Fork\nGleasonland, CO 10690','','Ut necessitatibus ut voluptas corrupti excepturi ipsum. Sed ut nobis sint ut.','4719261-06hxa1l38iiu04d0ych3'),(216,6,716,126,'476 Kerluke Village\nEast Abrahamside, VA 53493-7848','','Natus qui voluptate ut quidem ea possimus. Harum ipsa quidem ut et. Dolores fugit magni aut illo libero. Voluptatem non doloribus qui autem quas perferendis.','3884388-q0yntlpknbfdtev6fw8w'),(217,12,717,119,'2057 Dangelo Place\nMargaritaland, MI 59063','','Assumenda sed et qui fugit laborum. Qui numquam et maiores. Voluptatibus voluptates eos assumenda et debitis omnis minima.','2579795-oth5m2vtzgdmr18rym5p'),(218,7,718,3,'464 Enrico Forge\nPort Amiyaland, MI 26471','','Voluptatem quia dolor ipsa optio numquam quaerat sunt. Ut ut dignissimos dolores architecto. Iusto eos iusto tenetur enim. Id repudiandae est quia beatae eaque sunt nulla et.','7825308-u64mbfn4tkxyczexsx2b'),(219,15,719,42,'5771 Orval Shores\nUrbanburgh, UT 73207','','Cum ut voluptatem et aliquam. Rerum adipisci veritatis rem nisi non hic libero. At maxime laborum ex eum eos molestiae.','1699456-9b8v0486cm7sflz18jw5'),(220,2,720,116,'620 Bergnaum Pike\nDickenshaven, DC 16306-2855','','Quisquam quis ut accusantium placeat qui ut. Vitae quo deleniti natus ab maiores dolor nisi. Qui eveniet ipsum voluptatum enim officiis voluptate qui.','26666666-j35k1q992fvt3rq0k7td'),(221,16,721,122,'562 Crona Track\nWest Retha, MI 87850','','Ipsam fugit eaque ut quas ut eos. Facere ipsa nemo aut incidunt debitis. Odio eum consequatur quis magnam eaque explicabo voluptas. Labore occaecati maiores iusto architecto.','5635556-11qmb8yp27yypdr4qj6m'),(222,20,722,15,'315 Alford Branch Apt. 443\nSouth June, TN 68397','','Temporibus blanditiis maxime officia sed architecto. Odio officia ut dolorem. Temporibus ab quia consequuntur illo qui hic.','4719261-81b6j916bkqnpep4ktiv'),(223,19,723,36,'910 McGlynn Light Suite 310\nJaskolskiport, FL 74383-7322','','Velit odit quasi ab dolor labore est. Explicabo iusto asperiores incidunt sit quasi cupiditate. Quidem quia aut omnis commodi voluptatem asperiores.','5098744-7nf7in00bi8015xzuvlf'),(224,18,724,5,'1001 Padberg Springs\nEast Leonstad, MO 93306','','Reprehenderit est quasi debitis minus corporis ut et sequi. Quis repellendus delectus a deserunt natus. Id commodi facere harum accusamus perferendis laboriosam. Dolor ullam suscipit nostrum repellendus pariatur sit.','3505635-vqsb35m2rlpw57fe2v8e'),(225,13,725,99,'647 Mario Walk\nNew Linwoodport, IA 67924-7637','','Molestias iure nostrum a dolore. Dolores voluptates corrupti corporis reprehenderit hic. Unde qui accusantium dolore amet vel quia porro quam. Quasi placeat a quis voluptatem ducimus qui modi.','7341196-kzy0b8ysar5r4wap43e6'),(226,16,726,14,'6152 Zena Roads\nPort Connerfurt, OR 57448-5328','','Sequi rem fuga animi et rerum. Consequatur quisquam accusantium omnis voluptatum. Inventore dicta quidem architecto recusandae laborum qui quia. Odio molestiae non ut praesentium.','5635556-rdh952smuj5k2av47uju'),(227,6,727,126,'3239 Weissnat Place\nPort Autumnfurt, MI 95319-1892','','Nihil non hic fuga. Ducimus aut vel quia alias dolor. Non doloribus ut neque placeat.','3884388-q0yntlpknbfdtev6fw8w'),(228,18,728,55,'68298 Marcus Prairie Suite 409\nHaagland, ID 56137','','Sapiente voluptatibus omnis fugiat suscipit reprehenderit. Libero iste nostrum neque corporis enim rerum dolores. Officiis et quos qui.','3505635-w64j8p993r11uqlcq1oc'),(229,4,729,32,'8773 Broderick Mountains\nEast Tryciachester, ND 06737','','Et tempore sunt ullam autem nihil. Maxime id tempora omnis. Blanditiis repellat eos quia adipisci necessitatibus et.','9599901-t9r3p8ub3l4d25mpzlck'),(230,7,730,50,'64965 Hoppe Spur Suite 083\nKuhlmanville, SD 61249','','Ut eos perferendis et qui repellendus dolores. Dolores non eveniet rerum ea enim ut occaecati. Et facilis quasi aut mollitia sapiente ut quia.','7825308-7vl5q0deh65ghqeangaa'),(231,5,731,58,'1882 Margaretta Lock Suite 289\nGersonhaven, OK 67946','','Mollitia nemo perspiciatis omnis repellat culpa est veritatis. Voluptates animi adipisci illum itaque nostrum repellendus facilis. Cumque deleniti distinctio aliquam.','1668717-8dmo6ybwacbl69nw7tvi'),(232,11,732,135,'13725 Vilma Extensions Suite 449\nOtisberg, LA 83217-9852','','Maxime illo beatae ad velit dolore alias. Officiis consequuntur fugiat rerum quia adipisci suscipit dolores. Asperiores et velit qui optio itaque. Quidem facere beatae voluptas hic neque aut quia fugiat.','4334906-378osarhc9dzywym1wb6'),(233,3,733,29,'215 Mills Villages Suite 951\nBaumbachshire, AK 72460','','Architecto labore quia et deleniti sed voluptatem. Vel voluptate natus dolor nostrum. Cum et tempora est vero maxime. Itaque quis labore aut quidem. Eos voluptate soluta illum omnis.','8883868-qfwl6y28uaqi9gbn20l4'),(234,18,734,76,'843 Kshlerin Prairie\nLake Verona, NV 67432-4040','','Vel ut aliquam cum mollitia. Sed ut eaque fugit labore voluptas omnis quis. Quod delectus laborum magnam voluptatem distinctio optio dolore. Qui aperiam repellendus debitis illo. Quas dignissimos quos sit veritatis.','3505635-5u8qsu29j3g2rxmom6jk'),(235,7,735,35,'901 Russel Vista\nWest Adeline, MI 58909-7004','','Sit sapiente cumque expedita iusto ut aperiam. Quis dolore modi qui quis illo eos et.','7825308-ki1fad1bdzdb2ct351fu'),(236,11,736,1,'639 O\'Conner Glen Apt. 754\nFadelburgh, MS 21863-9344','','Sit placeat enim est tenetur itaque. Soluta est dolor eos consequuntur qui adipisci nostrum. Ad similique odit consequatur mollitia.','4334906-jaepozxstht6n0ifijjd'),(237,12,737,120,'5087 Gutmann Hills\nPerryport, TX 36322-6548','','Nesciunt unde corrupti consequatur et est. Consequatur assumenda quo porro sit ab accusamus. Deleniti quia sit omnis aliquid nemo veritatis laudantium itaque.','2579795-y8rh509ugd59jiuuf8zq'),(238,11,738,80,'83054 Dicki Union\nCummerataland, VA 57636','','Eos nemo rerum fuga ad. Doloremque modi consequatur sit necessitatibus necessitatibus eaque vel iure. Ullam nobis fugit explicabo necessitatibus sapiente corporis.','4334906-m6jxe4743zjoklhmitzk'),(239,4,739,114,'5843 Eulah Key\nPort Amaya, SD 08414','','Nihil necessitatibus rerum natus in voluptates et voluptas. Qui dolores voluptate labore illo consequatur rerum. Velit sed non dolores eum labore. Est quo similique eius eos sint.','9599901-9lstdfln6kpczi8i96sc'),(240,20,740,135,'258 River Spring\nLake Laurie, IA 34146-0899','','Distinctio voluptates consequuntur sed laborum. Cumque dolores quo quisquam minus magnam. Sunt corrupti deserunt iure quas ad nesciunt. Aut omnis quos enim sed blanditiis rerum.','4719261-378osarhc9dzywym1wb6'),(241,5,741,126,'13534 Casper Inlet\nNorth Karolanntown, MA 72417','','Repellat soluta ut non vel quod amet non. At hic officia qui perferendis asperiores. Qui doloribus et dicta quidem hic expedita qui. Nihil aliquam harum odio laudantium enim qui et.','1668717-q0yntlpknbfdtev6fw8w'),(242,12,742,67,'8409 Margarete Union\nZiemanntown, TN 21248','','Et labore ut delectus dolorem accusantium temporibus qui est. Occaecati velit dolores eveniet nisi. Fuga nam eligendi aut eveniet quidem eius. Ipsam molestias quo inventore vero eum rerum pariatur quas. Et incidunt labore adipisci temporibus eligendi qui adipisci impedit.','2579795-egl5gwtlaweozm8oozxj'),(243,8,743,47,'4684 Verona Lakes\nEinarville, PA 40514-6891','','Ut voluptatem est similique sed neque ex. Dicta dolor rerum excepturi dignissimos veritatis. Tempora aut aliquid omnis enim dolore. Laboriosam deserunt ex quasi ut aut.','887515-fy0prbos3lse4a7koznk'),(244,5,744,3,'550 Lenna Green Suite 438\nNew Zenaberg, MO 23532','','Voluptatum excepturi excepturi recusandae qui harum sit sed ut. Dolor repellendus exercitationem ut.','1668717-u64mbfn4tkxyczexsx2b'),(245,16,745,79,'52434 Bednar Neck Suite 621\nAlycefort, CO 69795','','Autem qui ad laudantium vel nisi. Tenetur eos et et quia tenetur architecto id. Quidem eveniet nesciunt eum eius. Velit minima ex repudiandae eius est.','5635556-qdpqztodizoa9ga7mi2t'),(246,2,746,76,'1424 Volkman Summit\nWest Barbara, TX 44066-6092','','Eligendi non rerum quia molestiae et. Beatae consequatur hic fuga aperiam et voluptatum. Perferendis soluta ipsam et ipsam tempore minus. Harum assumenda qui nisi sint ut.','26666666-5u8qsu29j3g2rxmom6jk'),(247,3,747,24,'18835 Camille Bridge\nNorth Rosella, NJ 14175-6828','','Officiis ut aut provident. Et minus iusto ea itaque sit non. Sunt quos nulla ab provident quia id.','8883868-onb0063irg8zsx4hdvwl'),(248,14,748,102,'794 Chester Estates\nSouth Chanelle, IL 69555-0397','','Ipsa minima et doloribus alias ea rem ea. Qui voluptate enim est. Consequatur neque iste nobis rem et et voluptas. Esse qui odio quis sapiente.','3205328-2457s4pmvvv8pxvtkmbu'),(249,15,749,96,'531 Merl Mount Suite 712\nWest Randichester, VA 48978','','Labore velit non ad corrupti quo omnis ut. Ratione voluptates rem aliquam qui dolor aut et. Temporibus eos est enim soluta. Sapiente voluptatem labore placeat tempore esse et.','1699456-4vo55dacebbzp1trru37'),(250,5,750,6,'9316 Hamill Trail Suite 126\nMaggiohaven, AL 76015-3438','','Eos et quis nihil nobis magnam a. Est repudiandae dolor sint doloribus unde. Quia ducimus a autem dolorem fugiat cumque. Dolores autem rerum vel ratione qui impedit temporibus.','1668717-06hxa1l38iiu04d0ych3'),(251,20,751,117,'2802 Alexandria Dam\nRatketon, PA 68665-0223','','Possimus et debitis repellendus. Sit qui et molestiae ullam omnis deleniti repellat.','4719261-y6u9i32w5887yg5ytht1'),(252,2,752,52,'655 Thiel Lodge Suite 804\nSouth Lincolnmouth, KS 94774','','Magni temporibus neque alias. Ratione harum sit possimus ipsum dignissimos vel. Quia ea dolores porro adipisci eum. Explicabo saepe ut qui voluptate est qui.','26666666-icpzklp07f4carzvm52r'),(253,16,753,45,'6532 Allan Freeway\nEast Keely, VA 78012','','Et consequatur autem qui aut. Non culpa sequi ut qui. Voluptas dolorum quia maiores doloremque et et et.','5635556-i9pl3ep65oga67psc78n'),(254,13,754,8,'2044 Reichel Grove\nModestoborough, IL 47225','','Sed iure recusandae aliquid qui consequuntur provident sunt. Omnis molestias repudiandae quaerat distinctio qui. Quos similique placeat quia doloremque accusantium quod. Fugit molestiae debitis animi eos. Porro voluptatem cumque maxime debitis consequatur suscipit.','7341196-li3ijt8vxte9qgn15qfb'),(255,9,755,29,'6618 Pfeffer Causeway\nAntwanland, NM 60925-3139','','Sequi qui cumque facere quo repellat voluptas est. Officia dolorem debitis quaerat dolorem enim dolore rerum quae. Mollitia id est laboriosam.','8183481-qfwl6y28uaqi9gbn20l4'),(256,19,756,43,'305 Hayes Radial\nReingerberg, AR 31029','','Adipisci sequi consequatur omnis nesciunt tempore sed. Pariatur laborum enim ut iure error ipsum voluptatem. Molestias quae aut ut repudiandae doloremque dolor a et. In quo magnam accusantium. Repellat qui ducimus omnis voluptas omnis quo.','5098744-b9cf1t32x70gl593q96b'),(257,14,757,126,'2603 O\'Hara Keys\nSouth Tiara, CT 09856-4738','','Amet occaecati quia dolorem aut quasi incidunt optio. Illo dolore nobis amet perspiciatis et vel. Ad sint blanditiis quia corporis doloremque commodi ipsam.','3205328-q0yntlpknbfdtev6fw8w'),(258,2,758,39,'357 Green Ridge\nEast Ricardoborough, MI 38962-1558','','Reprehenderit harum et enim natus. Qui qui nisi blanditiis corrupti. Harum ut sint vel praesentium.','26666666-c752irlm15ev1uzd7hmo'),(259,9,759,49,'136 Linnie Ferry Suite 878\nLake Kacie, NH 58779','','Dignissimos est nam et esse. Aut beatae aut omnis aut rerum ipsa perferendis. Eos praesentium tempore incidunt sint.','8183481-2ygl0xtxfmqu18vwm5yh'),(260,11,760,61,'44766 Pierce Burgs Apt. 247\nEast Deanchester, CA 71250','','Temporibus itaque eius eaque assumenda doloribus mollitia. Libero laboriosam aspernatur velit sint. Voluptas earum ut vel asperiores nihil.','4334906-dp6tq15brkjd446j1id2'),(261,20,761,26,'77164 Kuhn Port Apt. 319\nEast Eda, ID 56830','','Impedit possimus est totam autem ut libero quae in. Quas reprehenderit optio quae blanditiis. Dolores deleniti veritatis soluta. Sint sit voluptatum fuga sapiente provident quia quo.','4719261-86s8iqagw784t32ym64z'),(262,6,762,75,'76457 Corwin Ports\nSouth Muriel, ID 81497-7269','','Ut omnis nemo excepturi rerum eos. Doloribus fugit ab sed quia. Optio quia voluptas ab recusandae aut voluptate alias. Dolorum excepturi qui rerum sunt qui sed.','3884388-p99ojjot7zzducn71ypk'),(263,18,763,118,'1080 Kennedi Orchard\nGrantfurt, CO 98199','','Debitis culpa voluptas quaerat qui similique. Autem repellendus et dolor atque. Perferendis sequi suscipit beatae quia voluptates qui esse. Quas illo nesciunt et.','3505635-q3yygbobzy08vokct1a0'),(264,2,764,37,'63438 Crist Freeway Apt. 802\nNew Reyview, SC 13504-8087','','Repudiandae unde nostrum nobis id unde quibusdam quidem. Commodi ut nihil eum ut atque enim consectetur eaque. Voluptatibus quidem ut assumenda in ducimus.','26666666-p6i7d4vmdx5gkzrip442'),(265,12,765,72,'3654 Haley Unions Suite 565\nXanderside, GA 31973-5361','','Consequuntur in a placeat non mollitia aspernatur enim. Enim provident ut repellat sapiente voluptatem officia. Facere quod voluptatem adipisci facere nobis quidem voluptatum.','2579795-j32ugz1mc07jll4nsbzq'),(266,20,766,47,'6784 Lakin Trail\nLonfurt, DE 96899-4467','','Et neque perspiciatis alias adipisci voluptatibus cupiditate. Illum vitae pariatur consequatur sapiente. Architecto placeat aut veritatis fugiat.','4719261-fy0prbos3lse4a7koznk'),(267,10,767,53,'788 Katelynn Hills Apt. 188\nLexieburgh, MS 07637-1491','','Facilis ad minima magni labore suscipit ratione animi nam. Vero dolorem qui perferendis facere et animi alias. Animi adipisci sed quas fuga et.','6902858-ypxah422a29z82clb33l'),(268,10,768,117,'50738 Haley Prairie Apt. 010\nWest Cobymouth, WV 81353-3413','','Placeat eveniet vel et tempore quibusdam eaque beatae officia. Et voluptates suscipit voluptatum quisquam qui soluta optio ipsam. Magni natus et id adipisci neque et et. Voluptas enim ea dolorem voluptatem aspernatur dignissimos et dolor. Dolorum at voluptas debitis quibusdam.','6902858-y6u9i32w5887yg5ytht1'),(269,19,769,13,'264 Andres Green\nSouth Aaronfurt, MS 06755-5018','','Praesentium nihil doloribus consectetur aut et neque blanditiis. Vel adipisci iste laboriosam voluptas nostrum. Quia delectus sint distinctio rem voluptatem.','5098744-h2uyjywor2n0w5n445sj'),(270,6,770,41,'5349 Celestine Circles\nHowellburgh, IA 36005-5136','','Necessitatibus dolor velit sint distinctio doloribus. Excepturi hic saepe aut voluptas. Eaque eos error eveniet reprehenderit. Cum consequatur aut distinctio in esse saepe fugiat.','3884388-7hqg6l6pxxnmoybhxmu3'),(271,11,771,30,'105 Osvaldo Drives Apt. 489\nLake Kareemview, ID 42090-7599','','Nihil officia omnis iure animi aliquam. Aliquam beatae et excepturi porro. Voluptatem voluptatem id amet aut est.','4334906-rjokid0d6995vnf4xos4'),(272,19,772,15,'7189 Roman Views Apt. 066\nSouth Lisa, MA 25506-4708','','Deleniti tempora ipsa officiis a. Iste fuga dolorem voluptatem rerum.','5098744-81b6j916bkqnpep4ktiv'),(273,11,773,81,'63264 Morar Course Apt. 232\nKierashire, IL 52702','','Nisi et perferendis delectus omnis incidunt blanditiis necessitatibus veritatis. Ullam aliquam officia rerum harum cupiditate distinctio. Sint dolor minus sed dolor porro.','4334906-nlq20wkk221lgiridf0f'),(274,4,774,119,'76891 Bettye Crossing\nTowneberg, MO 38713-4607','','Quia neque eum reiciendis non et recusandae pariatur aperiam. Impedit dolor eos maxime ea voluptas deserunt quam. Iure totam quo provident dolor. Saepe totam deleniti nobis quod molestiae.','9599901-oth5m2vtzgdmr18rym5p'),(275,3,775,18,'369 Connelly Turnpike Apt. 724\nIrvingview, AL 84962-8544','','Dolore labore rerum ad non. Suscipit reprehenderit similique quas atque. Cumque sed perspiciatis possimus quis quis. Esse ipsum voluptas est velit.','8883868-fj0cct892zfz8dgrdm6p'),(276,4,776,96,'97545 Eichmann Roads\nMorarhaven, VA 28388-5920','','Quia mollitia officia odio qui nostrum ea mollitia et. Dignissimos sequi ipsam dignissimos omnis dicta ipsum. Exercitationem et laudantium quia architecto.','9599901-4vo55dacebbzp1trru37'),(277,5,777,57,'3389 Conner Forge\nDonnellybury, IA 89709','','Sit vero nulla aut praesentium illum quasi rem. Occaecati qui ex est illum molestiae ullam dolorum. Qui occaecati cum rem voluptatem quidem est quibusdam omnis. Quaerat qui voluptatem porro autem expedita repellat.','1668717-b92vldi7g9r2pmbro9i6'),(278,7,778,96,'40347 Howell Cliff\nEast Rose, OR 34346','','Velit quod autem libero. Qui et aliquam quaerat dolorum. Quibusdam omnis pariatur ut.','7825308-4vo55dacebbzp1trru37'),(279,15,779,42,'15764 Selina Cliffs\nKoelpinmouth, VA 88745-9342','','Voluptatem non qui illum animi porro. Non aut explicabo illo. Fugiat ut aut rerum laboriosam et asperiores. Optio et optio reprehenderit iusto sequi beatae velit.','1699456-9b8v0486cm7sflz18jw5'),(280,17,780,102,'34940 Nienow Key\nWest Bradleyview, WA 03886-0064','','Minus veniam eum ipsam. Sapiente error quae quasi sit maxime sed nemo. Perspiciatis est molestiae accusantium culpa. Iste eveniet ad maiores fugiat provident.','1611240-2457s4pmvvv8pxvtkmbu'),(281,18,781,49,'24187 Christiansen Mission\nConnorfurt, IL 84102','','Est laborum minima perferendis reiciendis. Nulla possimus quas provident enim laborum doloribus quam. Accusantium repellat sed rem quis id quia et nihil. Eum consequuntur nihil fugiat corporis deleniti ut. Dolor hic commodi officiis velit consequatur.','3505635-2ygl0xtxfmqu18vwm5yh'),(282,6,782,62,'91999 Jast Junctions\nKautzerchester, SC 32183-5832','','Laboriosam vel quod similique libero possimus nihil id. Ipsa dolor libero harum non. Et accusantium laudantium dolorem numquam praesentium adipisci. Et tempore esse provident recusandae sunt provident.','3884388-7adfkhnhkr9vls5z9z59'),(283,18,783,28,'358 Lebsack Fort\nWest Garnet, AK 70754-5719','','Amet beatae id qui cum ut maxime perspiciatis. Dicta sequi est maiores assumenda culpa error.','3505635-nhofb1iv5lls5kuzyu3w'),(284,2,784,8,'990 Kutch Flat Suite 861\nNew Deannafurt, PA 45505-0283','','Ad asperiores deserunt est sapiente voluptas accusantium reprehenderit. Delectus est repellat nam voluptatum nobis. Facilis qui minima nobis nisi.','26666666-li3ijt8vxte9qgn15qfb'),(285,20,785,109,'19032 Camron Cliff\nPort Aiyana, ND 31345','','Aliquid ab et sit saepe et eum. Eligendi nihil vel tempora. Quia iure dignissimos consequatur sint voluptatem. Itaque molestiae blanditiis temporibus est maxime et.','4719261-ienxsb1ecfvy470cqgah'),(286,18,786,13,'402 Maxime Loaf\nCassieburgh, IN 51669','','Dolorum est cupiditate fuga saepe qui tempora dignissimos. Et hic odit voluptates ullam. Impedit aperiam occaecati ea aliquid vel. Similique cum in quia.','3505635-h2uyjywor2n0w5n445sj'),(287,7,787,111,'1967 Kautzer Stravenue Apt. 645\nWest Myra, PA 18902','','Consequuntur labore quia distinctio fuga nam consequuntur ut illo. Debitis recusandae corrupti fuga natus. Pariatur dolor doloribus nihil ut impedit nesciunt. Qui odio reiciendis quo natus.','7825308-vbu3l0mibwbg3o0fkarw'),(288,6,788,25,'28586 Altenwerth Port\nJoymouth, GA 63113-5743','','Dolore voluptatum eos nihil omnis id hic omnis expedita. Voluptatibus ea ut deleniti hic. Rerum qui occaecati non et ullam. Quia dignissimos earum non omnis.','3884388-ytw3ogyv73b01m33w3wo'),(289,14,789,32,'742 Johnathon Run Apt. 040\nWest Maximostad, MI 38917','','In quis et quo iste laborum. In vel autem in rerum omnis saepe sit. Tempore numquam rerum quo qui in aut. Laudantium assumenda aut maxime recusandae tempora ea ut.','3205328-t9r3p8ub3l4d25mpzlck'),(290,10,790,2,'17552 Liana Parkway\nLake Jessberg, IA 09309-5348','','Quia numquam et rem nam soluta ullam. Libero amet dolorum et necessitatibus magni quibusdam fugiat. Voluptas perferendis unde quam velit.','6902858-axgkzsk2mb2auzsp806c'),(291,6,791,61,'619 Weimann Squares\nUptonside, OK 77025-8150','','Iusto sint fugit et repellat consequuntur modi. Aut labore eligendi aut velit non a.','3884388-dp6tq15brkjd446j1id2'),(292,12,792,106,'64767 Rath Neck\nWest Hassan, MO 65210','','Accusantium qui libero explicabo voluptas quasi voluptatem. Repellendus ab sed quidem necessitatibus.','2579795-o59xt4x1qg56jukoa2jn'),(293,5,793,122,'40362 Elvis Underpass Suite 037\nAbelburgh, OH 21918-3898','','Sapiente maiores saepe iste ipsa blanditiis rerum maiores totam. Nostrum reiciendis nam et neque magni vitae. Dolorem rerum alias eum modi quia.','1668717-11qmb8yp27yypdr4qj6m'),(294,13,794,120,'950 Alanis Viaduct Apt. 169\nNew Jayfort, IA 09347-2868','','Quis consectetur commodi qui esse. Ut necessitatibus perspiciatis maxime aspernatur.','7341196-y8rh509ugd59jiuuf8zq'),(295,12,795,95,'59654 Schamberger Trail\nWest Drakeport, DC 20586-7943','','Ut dolorem dolorem voluptas et qui exercitationem aliquid optio. Minus vero aut qui nihil harum itaque. Optio sed voluptatem eum et velit id.','2579795-a90lnyiwelfsfhirrh0n'),(296,4,796,50,'28619 Gutkowski Flats Apt. 371\nLake Elfrieda, SC 85664','','Voluptas quo tempora aliquam quos blanditiis repellendus eum. Aut accusamus et repellat deleniti consequatur. Modi provident porro ipsam quia exercitationem. Harum sequi quisquam qui voluptatem. Eos rerum laboriosam esse qui reprehenderit.','9599901-7vl5q0deh65ghqeangaa'),(297,3,797,32,'35120 Yvette Forges\nOdieville, DC 25401-9609','','Temporibus nulla et a. Ipsum perferendis maxime magnam est quo quia. Nesciunt a ipsam occaecati consequatur labore. Autem veritatis minus nemo nulla ea soluta.','8883868-t9r3p8ub3l4d25mpzlck'),(298,12,798,25,'63116 Krajcik Mill Apt. 089\nQuitzonshire, NE 66901-8244','','Suscipit est dolor aut minus expedita iusto error. Aut qui alias blanditiis. Quia omnis voluptatem velit ea. Ut nobis quo sit sint. Fugiat et enim hic ipsum amet totam voluptates numquam.','2579795-ytw3ogyv73b01m33w3wo'),(299,19,799,127,'88358 Wintheiser Lodge Apt. 010\nDarrintown, SC 84783-2831','','Officiis dolorum reiciendis dolor voluptatem. Neque ipsam ea fugiat omnis rerum. Ut ut eligendi consequatur sit maxime. Nulla beatae enim rem quaerat vel dolorem.','5098744-9xktjoe9izaz9jejmz69'),(300,2,800,130,'627 Oma Road\nMicaelaside, ID 96858','','Amet asperiores laboriosam consequatur dolore voluptas et totam nostrum. Architecto tempora atque consequatur consequatur aut nam ipsa. Pariatur aut voluptas minus quibusdam optio cupiditate veniam. Aperiam dicta nemo aut et veniam.','26666666-42zjvb6jknwiqe3r28wv'),(301,4,801,9,'3816 Lebsack Via\nDickinsonfurt, TN 12038','','Blanditiis molestias est rem. Explicabo ipsum repudiandae soluta est. Sit inventore iste vero non.','9599901-mk4u4hhebt7ge3v38zrd'),(302,11,802,33,'5932 Wiegand Turnpike\nMonahanville, CA 18951-8249','','Et reiciendis enim dolores est eveniet laudantium alias. Quidem necessitatibus sequi expedita est quis enim. Rem laborum officiis porro debitis. Voluptates molestiae rerum ut ut reprehenderit assumenda.','4334906-q877eo5d5r7v9dc7xkgn'),(303,7,803,123,'22305 Lester Mountains Apt. 691\nTorphyview, MO 03006','','Perspiciatis nostrum ipsum odio et dolores ad. Quia maxime quas quisquam laboriosam. Sapiente et est et sed. Animi enim veritatis dolor aut ab deleniti quo.','7825308-q3marxhr8detf3hbjida'),(304,9,804,26,'25939 Freddie Squares Suite 901\nNew Kirstenmouth, ME 38643','','Assumenda sit at vitae fugiat harum necessitatibus mollitia. Ipsam repudiandae corporis nihil non ipsa qui. Autem rerum molestias labore magni dolor. Officia quia tempora quis qui necessitatibus.','8183481-86s8iqagw784t32ym64z'),(305,12,805,73,'253 Joanny Station\nSouth Madelyn, CA 01826','','Natus quia cumque omnis optio. Officia ipsa voluptatem excepturi dicta ratione delectus deserunt ullam. Modi consequatur tempora aperiam molestiae cupiditate est quasi. Autem praesentium dolores eveniet quo sunt et eligendi.','2579795-khgseszmh23rfc2lc7cm'),(306,10,806,104,'53511 Bulah Shoal Suite 568\nNorth Darenborough, CO 82976','','Repellat rerum non reiciendis laudantium nostrum voluptas. Minus illo expedita qui omnis aut adipisci aut.','6902858-iuf3sc3kl67b99x1mqt1'),(307,3,807,10,'5839 Leilani Prairie Apt. 323\nWest Mikel, MN 09366-9312','','Nobis optio nihil reprehenderit ipsum. Ut est velit quo voluptatem et. Facilis labore excepturi aut.','8883868-705frbbdkyk7ak4hba25'),(308,4,808,54,'913 Hintz Inlet\nKatherinebury, NH 30941-7179','','Dolores possimus dolorem et quisquam atque. Eveniet ut omnis non reprehenderit eos neque id.','9599901-ybk1gtyu4ef8kik75kxg'),(309,11,809,114,'76359 Reyna Field Apt. 899\nSouth Manuelachester, HI 14719-6741','','At voluptatem voluptatem consectetur sequi provident assumenda voluptate. Debitis nihil aut exercitationem. Sint amet voluptatem et autem. Nostrum vel est aut quas atque rem officia.','4334906-9lstdfln6kpczi8i96sc'),(310,8,810,113,'29796 Emard Gateway Suite 112\nMonahanburgh, MO 47247','','Qui voluptates sed porro quos est ipsum perspiciatis. Facilis repudiandae eos omnis corporis et at. Aut consequatur eum molestias sunt. Ullam et accusantium sed tempore sunt et sed.','887515-3dhpcdp4kdyfkkbes0tq'),(311,8,811,135,'885 Catalina Island\nEast Laruechester, MN 27582','','Quam ea sed dolorum aut repudiandae et distinctio. Enim iure sint voluptas ea est nihil. Et rem velit quidem qui est officia. Ut ad culpa tempora minus.','887515-378osarhc9dzywym1wb6'),(312,10,812,86,'35336 Kub Ranch\nSouth Jaleel, OH 56478-0369','','Quod expedita deserunt eveniet iure rerum voluptatem. Ut ducimus fugit qui quos. Deleniti assumenda voluptatum dolore minima voluptatem.','6902858-oyxrin26bzja52ebp3dz'),(313,12,813,30,'257 Fay Groves\nSmithmouth, NH 02686-7150','','Sed ipsam et placeat occaecati quia quos aut. Voluptatem vitae earum consequatur neque labore temporibus enim saepe. Est eaque et nihil eveniet iste architecto.','2579795-rjokid0d6995vnf4xos4'),(314,18,814,112,'837 Schaden Flat\nLake Jarret, WI 69193-6684','','Voluptas et eum atque. Ipsam voluptatem rerum voluptas mollitia fugiat eum ut. Exercitationem nihil fuga nam adipisci voluptatem.','3505635-7fnbyfciquc1yncci2n2'),(315,2,815,23,'93562 Virginia Cliff\nDarebury, NE 49565','','Molestiae iure numquam dolore ut et. Voluptas et et repellendus quae odio. Adipisci minima voluptas qui nam rem quidem. Quia laborum quaerat sit in quisquam.','26666666-l351w0pcxkataoli2ng3'),(316,9,816,119,'3493 Enola Springs\nBlockport, WI 35824','','Ut nihil sequi nobis. Illum illo omnis ducimus. Et iure quasi quo sit nam. Illum sit et sapiente magnam non.','8183481-oth5m2vtzgdmr18rym5p'),(317,19,817,126,'1292 Murazik Mountain Apt. 396\nSonyafort, ME 64084-9111','','Aut ut suscipit quibusdam atque quo. Vero eius voluptatem blanditiis. Mollitia voluptates labore sit natus sed accusamus cumque. Aut dolores sunt veniam quos qui aut ad.','5098744-q0yntlpknbfdtev6fw8w'),(318,2,818,50,'5409 Ashton Keys Suite 823\nEast Annamaebury, DE 90607','','Non sed voluptatem molestiae. Rerum deleniti consequatur eaque optio. Quis accusamus id officia reiciendis. Numquam eum laudantium est iste.','26666666-7vl5q0deh65ghqeangaa'),(319,18,819,2,'610 Moen Walks Suite 841\nEast Lillianachester, DE 73565','','Sed sed assumenda et praesentium aut eos natus possimus. Quia quo quidem sit quia reiciendis ea ab. Consectetur atque dolor error at non modi et. Saepe iusto esse et dolor quam enim.','3505635-axgkzsk2mb2auzsp806c'),(320,2,820,31,'86108 Gleichner Common\nMadisontown, AL 71387-7025','','Quia velit est aliquid quidem doloribus est repellendus. Quas rem ducimus ducimus in et culpa. Quo modi ratione sunt doloremque neque vitae.','26666666-gjbqdx8nyz1eriruurn3'),(321,18,821,98,'7850 Moen Ridge Suite 258\nHayleeview, DE 56341','','Distinctio vel quia sint consequatur. Doloremque ab aut rerum.','3505635-azdrfyvr6jggjpbhe4i7'),(322,2,822,8,'7995 Walter Spur Apt. 054\nNew Lorenburgh, VT 35521-6511','','Deleniti dolor iusto nihil earum aliquam. Possimus eum totam magnam. Fugit saepe deserunt illum vel. Similique voluptates aperiam vitae ratione culpa dolores expedita sint.','26666666-li3ijt8vxte9qgn15qfb'),(323,6,823,101,'62817 Flatley Path Suite 598\nWest Dorotheashire, NV 47238','','Quia aperiam numquam sed enim voluptates fugit et facere. Fugit in corrupti alias officiis. Quo molestiae eum cumque culpa non eum repellendus.','3884388-j6cxvcaj9kp17n3oy67p'),(324,20,824,47,'96380 Lindsey Garden Suite 550\nAlekhaven, TN 43068-6697','','Autem reprehenderit aspernatur ea facilis. Maxime voluptatem et veniam consequatur. Nesciunt qui ipsa qui et qui et.','4719261-fy0prbos3lse4a7koznk'),(325,3,825,42,'628 Johnson Key\nEast Katelyntown, NH 78535','','Voluptas saepe rem dolores. Et voluptatum nisi iste deserunt. Rerum quidem sint ut atque est. Error facere dolore animi illo.','8883868-9b8v0486cm7sflz18jw5'),(326,14,826,7,'7673 Barrows Ville\nLake Raven, OR 33779','','Quis dolore voluptatum odit rem magnam excepturi quae veniam. Quibusdam qui quo eveniet. Aut vero sint repellat sed occaecati cum asperiores. Quidem nemo odio porro sed tempora aut.','3205328-73ttu05f4srx7r6hnfyp'),(327,6,827,53,'6483 Effertz Cliff\nPort Freddyburgh, UT 15618','','Nisi expedita modi perspiciatis rerum consequuntur quo magni. Et vel vel nulla nisi iste at voluptate.','3884388-ypxah422a29z82clb33l'),(328,16,828,109,'9565 Merl Tunnel\nNorth Raegantown, NE 45129','','Nisi rem ut fuga. Quos non accusantium dolorem soluta quo non enim. Asperiores dolorem dolor qui nobis. Consequuntur veritatis expedita enim possimus aut.','5635556-ienxsb1ecfvy470cqgah'),(329,17,829,16,'30717 Emmalee Forge Suite 151\nAlejandrinhaven, KS 55911-2467','','Perferendis perferendis incidunt ullam nihil modi adipisci. Nam et consequatur saepe sit. Laborum magni ea dolores accusamus nesciunt id est. Eligendi at molestias ut.','1611240-6cobjw9xu0fvhaxgxpz7'),(330,5,830,5,'5069 Herbert Courts Apt. 369\nNew Taurean, TN 90375','','Ratione et porro qui accusamus. Pariatur aut excepturi et perspiciatis sunt ut perspiciatis. Id vero ipsum magni vitae voluptatibus eum. Nisi voluptate eligendi officiis ipsum quia quia ut.','1668717-vqsb35m2rlpw57fe2v8e'),(331,16,831,132,'3554 Hickle Knoll\nNorth Vergietown, NJ 55784-9822','','Ut exercitationem doloremque vel eum quasi neque odit. Neque adipisci ut atque corrupti. Provident est dolor quidem earum qui optio.','5635556-qklkrv4v08lwhvohe18t'),(332,17,832,90,'77005 Watsica View\nEast Haskellside, WV 86129','','Rerum nobis earum est laudantium velit mollitia voluptate. Aut et debitis placeat necessitatibus et nobis. Eos doloremque ea consequuntur fugiat consequatur.','1611240-3qjuwxqngt6encbuy9pl'),(333,9,833,81,'389 Gideon Summit\nNew Randiview, OH 96426','','Perspiciatis autem velit odit atque. Rerum quis est dignissimos et. Qui perspiciatis et dolore quia.','8183481-nlq20wkk221lgiridf0f'),(334,8,834,11,'801 Dibbert Lodge Apt. 861\nEast Angelinefurt, IL 18435-4510','','Voluptatibus dolorem id quas ullam assumenda eligendi facilis. Repellendus saepe mollitia veritatis itaque. Eaque quis ducimus similique adipisci enim facere maxime.','887515-796gp2dg5tqgedm1g7er'),(335,4,835,44,'2202 Adeline Manor\nCrystelstad, MA 70524-9097','','Unde est est accusantium quam velit debitis aut. Sunt dolorem quaerat consectetur odio reprehenderit et corporis sint.','9599901-hp6zdu1mvykaf6752rno'),(336,16,836,115,'671 Edd Harbor Apt. 637\nEvaburgh, ME 70088-8689','','Omnis recusandae rerum voluptates maiores alias alias. Nobis aut porro beatae velit impedit. Voluptatum sunt qui esse earum totam qui recusandae. Eius non molestias soluta rerum doloremque provident quia.','5635556-kjzv7og3ixnx09ihb42n'),(337,3,837,10,'1613 Jazmin Haven\nPort Israel, KY 35136-8307','','Aut architecto omnis placeat assumenda dolor recusandae. Sit dolor dignissimos omnis nisi facilis recusandae autem. Eius aut et occaecati asperiores. Tenetur nesciunt dicta alias recusandae nesciunt.','8883868-705frbbdkyk7ak4hba25'),(338,18,838,69,'63173 Gregg Mountains Suite 834\nLake Aidatown, NC 52833','','Omnis ipsam facere totam et expedita quidem fugiat. Numquam molestiae quia enim quae cum harum temporibus ipsa. Minus enim amet omnis.','3505635-zxpfepbqdd8mdh1s94qy'),(339,16,839,22,'8552 Shawna Pines\nBorerburgh, MA 04947','','Laboriosam doloremque et provident voluptatem cumque minima. Quasi tempore velit dolor dolore voluptas. Recusandae suscipit eveniet et quia natus. Tempore vel corporis et suscipit voluptas.','5635556-caaiuonuihp1mctfqwlo'),(340,20,840,121,'30856 Cathy Center\nNew Zola, AZ 07257','','Neque atque reprehenderit voluptatem non incidunt nihil eum consequuntur. Explicabo eligendi eaque dolorem quo. Rerum eaque provident officia a ad. Aut nihil est expedita repellendus fugit.','4719261-ryj8amzntz0v744r0p29'),(341,10,841,31,'435 Lempi Bridge Apt. 566\nGerholdberg, OH 81913-9382','','Veritatis sit explicabo a sit veritatis dolore nam. Quod necessitatibus omnis ipsam voluptatem ut. Officiis tempora id porro qui accusamus.','6902858-gjbqdx8nyz1eriruurn3'),(342,7,842,59,'6439 Bosco Circles\nNew Lyda, SC 48825-5800','','Molestiae quas sequi non aut rerum laboriosam. Voluptatem ex fugit dolorum rem sint aperiam sed. Qui laudantium rem dignissimos expedita eum natus.','7825308-rxgtno3cjqdzhkjscbdw'),(343,18,843,111,'2102 Wolff Station Apt. 854\nLake Hiltonfurt, HI 95203-1474','','Autem facilis eveniet architecto. Aut provident et at aspernatur architecto sapiente.','3505635-vbu3l0mibwbg3o0fkarw'),(344,7,844,75,'273 Upton Prairie Suite 087\nO\'Reillyview, OR 78463','','Eum nulla natus inventore voluptates nisi in. Laboriosam non perferendis rerum dolorem omnis sed.','7825308-p99ojjot7zzducn71ypk'),(345,12,845,20,'7557 Delphine Vista\nJermaineland, MA 81828-9464','','Voluptatibus esse assumenda dolores soluta qui ad. Eveniet dolore et sed dolorum vitae qui. Harum nam qui dolorem blanditiis animi.','2579795-79bjjflai3mxcdi4cobx'),(346,16,846,86,'92358 Torphy Port Apt. 270\nDestineemouth, WA 46394','','Tempora qui cumque deserunt. Eveniet nostrum et dignissimos nam. Necessitatibus consequuntur alias sed recusandae.','5635556-oyxrin26bzja52ebp3dz'),(347,20,847,27,'473 Dorris Wall\nWest Zackarybury, VT 10841','','Omnis est molestiae minus facilis perferendis. Iusto cum dolor amet et mollitia ea. Ipsam id reprehenderit qui non qui sit eveniet.','4719261-0v1yp2x5uza965zoqutg'),(348,18,848,134,'5459 Kilback Lodge Apt. 124\nGerrymouth, WV 34349-6450','','Aut sunt dolorem sit placeat. Quae inventore suscipit voluptatem qui exercitationem autem.','3505635-vu8fzi7655u4via65fho'),(349,9,849,77,'3289 Ruthie Parkways\nNew Helmerland, MT 22377-2181','','Dolore ut consequuntur voluptas alias. Modi officia quia ut cupiditate. Sunt et voluptate est quibusdam.','8183481-kpubr0gfsk8rbttwblcc'),(350,13,850,46,'755 Khalil Springs\nWest Ursulachester, VA 92191-9152','','Qui doloribus repellat rerum deleniti reprehenderit dolores. Error aut itaque nihil non est distinctio. Porro et dicta aliquam nihil occaecati commodi consectetur.','7341196-swp1u5jx9hbeun1al6f6'),(351,20,851,1,'91224 Hickle Shores Apt. 536\nPort Emmittside, TN 72150','','In aut harum eum nemo aut voluptates ea. Ut ullam dolor omnis. Omnis voluptatem error ut harum.','4719261-jaepozxstht6n0ifijjd'),(352,19,852,34,'8593 Dorothea Cove Suite 613\nNew Roelbury, MA 66759','','Saepe ullam blanditiis reiciendis ab culpa. Cum sit adipisci repudiandae repellendus et hic soluta est.','5098744-a6ned1ermwwc7o532ait'),(353,9,853,34,'68136 Jasmin Haven Suite 510\nDaronside, KS 57015','','Facere dolores sed aut ullam voluptatum ad ducimus minus. Saepe laudantium est quam aut corrupti est. Natus harum sint nisi eum ratione rerum perferendis eligendi. Porro molestiae reiciendis voluptatem possimus omnis.','8183481-a6ned1ermwwc7o532ait'),(354,7,854,66,'18134 Kirlin Circle Apt. 632\nNorth Eldoraville, MT 67239','','Doloremque placeat nihil ipsam magnam quisquam mollitia deserunt. Corrupti est dolorum velit eos beatae explicabo.','7825308-9m1uqb1bga6xohmf052p'),(355,10,855,76,'12246 Casper Well Suite 727\nLawrencechester, OH 56191-4993','','Iste eum omnis ut pariatur soluta itaque sint. Consectetur laboriosam quia earum sint error non. Vitae rem totam quia nihil at. Dolor non quas sequi doloribus neque ut iusto.','6902858-5u8qsu29j3g2rxmom6jk'),(356,5,856,47,'60633 Fanny Stravenue\nBraunport, OH 62500','','Voluptatem voluptas aspernatur sunt perspiciatis itaque est. Quia incidunt saepe eos. Assumenda qui esse dolorum aperiam veniam.','1668717-fy0prbos3lse4a7koznk'),(357,17,857,113,'22958 Schmeler Union Apt. 191\nEast Titusmouth, VA 90087','','Quaerat amet atque facere sed nihil ut sunt. Natus quae molestiae quo provident accusantium qui. Totam facere optio provident cumque eveniet. Velit facere quis ad non rerum soluta. Nam delectus maxime temporibus rerum quisquam quia ullam.','1611240-3dhpcdp4kdyfkkbes0tq'),(358,14,858,89,'252 Kamren Divide\nNorth Adrainfurt, ME 01317','','Quae sapiente repudiandae commodi adipisci aut molestiae voluptatem. Quidem vitae ea et ipsum. Maxime sit rerum rem eum autem commodi dolorem.','3205328-dl37au410t043ez1l2hn'),(359,4,859,40,'8350 Allison Isle\nAniyahland, KS 94861-7461','','Ut rerum sint non. Voluptas quia veritatis fuga atque nostrum vel sit provident. Qui aperiam sed deserunt nam et. Laboriosam voluptas et est minus.','9599901-gvzj823gl2g7hifhn6ij'),(360,14,860,94,'20422 Jules Highway\nEmmamouth, ND 19417-4996','','Rem pariatur omnis voluptatibus quia quae et. Adipisci repellat aut sint qui non dignissimos. Earum vero dolores nesciunt voluptatem delectus qui sunt.','3205328-sut4qpzass2xtfkdwb3m'),(361,13,861,2,'2929 Lacey Port Apt. 498\nErdmanfurt, DE 99048','','Ut dolores nisi suscipit ipsum eum. Dicta dolore deserunt beatae voluptatem sunt aut et. Assumenda porro dolor blanditiis minus delectus quia eveniet. Quis numquam esse ullam temporibus culpa.','7341196-axgkzsk2mb2auzsp806c'),(362,2,862,54,'53768 Deven Neck\nVivianneburgh, ND 25390-7564','','Exercitationem maxime architecto voluptatem eum velit. Eum et reprehenderit aperiam necessitatibus unde.','26666666-ybk1gtyu4ef8kik75kxg'),(363,8,863,133,'3826 Romaguera Landing Suite 408\nTellybury, GA 53869','','Vitae dolorem ex et nulla. Facere voluptatem quod molestias ullam tempore eos sunt enim. Debitis velit assumenda quas a. Amet fugit rem quaerat non sed distinctio.','887515-geczlgx5lxrfep7w2kpr'),(364,18,864,73,'579 Cornelius Highway\nShieldsland, CA 60259-5188','','Excepturi cupiditate consequatur voluptatem animi sed veniam in. Dolores totam quia voluptatem saepe sint. Est nulla dolore consequatur.','3505635-khgseszmh23rfc2lc7cm'),(365,9,865,48,'5663 Kozey Trail\nPort Joannie, ID 85786','','Laboriosam debitis voluptatibus est deleniti similique unde. Et recusandae libero aut nobis itaque perferendis laudantium delectus. A optio iure id et. Aut nobis deleniti inventore architecto voluptates consequatur eveniet.','8183481-ahbn86adquyb7gec3wpa'),(366,5,866,93,'14470 Osinski Curve\nNew Ariane, AL 76821-9327','','Rerum atque blanditiis eos molestiae est dicta. Provident voluptatum harum et. Quibusdam ut assumenda non voluptatem. Reprehenderit quam laboriosam doloribus veniam magnam et.','1668717-plbhir6zajdqdbqcafqq'),(367,5,867,62,'907 Bradley Avenue\nEast Lethafort, MS 23496','','Atque exercitationem fugit et ipsam eum eos dolore ex. Voluptatem suscipit nesciunt quia sint et. Ut sit quam eius architecto voluptates modi.','1668717-7adfkhnhkr9vls5z9z59'),(368,11,868,76,'431 Stehr Unions Apt. 217\nWest Carmela, HI 40248','','Molestiae animi cumque harum consequatur consequatur placeat. Et neque non rerum architecto officia adipisci consequuntur.','4334906-5u8qsu29j3g2rxmom6jk'),(369,17,869,28,'824 Shaina Street Apt. 415\nNorth Katelynshire, KS 14855','','Quibusdam totam laborum eum sed reiciendis rerum. Iusto officiis alias beatae perferendis. Temporibus eos ipsam doloremque repellat nemo et.','1611240-nhofb1iv5lls5kuzyu3w'),(370,20,870,129,'269 Greyson Drives Suite 248\nLake Landenmouth, OK 96734-1030','','Quisquam dolorem nemo asperiores sint sit ullam nesciunt. Commodi repudiandae amet sint aut commodi placeat.','4719261-ou99c9mcwtihxdgtcfsn'),(371,15,871,33,'761 Eddie Stravenue\nTrompchester, KY 23694-9568','','Aut quia sed est est eligendi voluptatem non. Enim autem in minus quos animi quia sunt. Officia reprehenderit aut magni voluptates impedit velit nesciunt placeat. Aspernatur rerum fugit dolores explicabo explicabo. Voluptatibus harum perferendis sit molestias.','1699456-q877eo5d5r7v9dc7xkgn'),(372,13,872,66,'93344 Heathcote Heights Apt. 236\nWest Jadechester, LA 54807','','Alias expedita non reiciendis nesciunt ut rerum. Et nam facere consequuntur culpa quia. Nobis nisi ab magni ipsa et facere. A ut placeat nobis aut.','7341196-9m1uqb1bga6xohmf052p'),(373,8,873,93,'428 Julie Stravenue\nKorbinland, SD 83925','','Facere ipsa nemo aut est velit in. Iure ducimus accusantium fuga dolor voluptatem qui.','887515-plbhir6zajdqdbqcafqq'),(374,18,874,121,'833 Chaim Motorway\nPort Serenity, NC 46364','','Repudiandae ea quo voluptatem sequi. Mollitia debitis corrupti sunt nulla. Sed delectus repellendus dolores et omnis. Culpa repudiandae eum mollitia cupiditate sunt voluptas autem. Nulla nihil omnis illo sit eveniet est dolores.','3505635-ryj8amzntz0v744r0p29'),(375,2,875,32,'826 Abel Stream\nEmmanuellefurt, MN 21247','','Quaerat repudiandae et est minus nobis reiciendis. Aut natus expedita ipsa aut molestiae omnis.','26666666-t9r3p8ub3l4d25mpzlck'),(376,14,876,87,'1508 Jordane Ferry\nGreenville, RI 90683','','Dignissimos itaque enim natus eligendi. Praesentium atque voluptatem quae nisi rerum voluptate. Officia voluptates optio eius aut et non totam aut.','3205328-u4m1il2qulstb91kzwow'),(377,8,877,48,'27953 Pagac Forks Suite 293\nNew Lenora, DC 99205-8656','','Est ut asperiores consectetur. Commodi iusto reprehenderit qui rem qui assumenda. Dolor illo deleniti et aspernatur velit minus hic aliquid.','887515-ahbn86adquyb7gec3wpa'),(378,16,878,5,'2982 Allan Run\nHansenborough, TX 89977','','Aut at maiores sit id expedita. Ipsum corrupti asperiores cum ex unde molestias voluptatem. Veniam quia fugiat totam blanditiis numquam adipisci.','5635556-vqsb35m2rlpw57fe2v8e'),(379,18,879,111,'331 Franecki Underpass\nAugustustown, NH 58550-1762','','Est quae sint rerum. Ea consequatur et placeat quis. Quae fugiat cumque aut corrupti recusandae rem.','3505635-vbu3l0mibwbg3o0fkarw'),(380,10,880,67,'22441 Senger Bridge Suite 508\nNorth Jedediahview, AR 33655','','Voluptatem sit ut facere. Odio necessitatibus qui reprehenderit optio temporibus.','6902858-egl5gwtlaweozm8oozxj'),(381,16,881,96,'22783 Willis Wells\nLockmanside, AL 96409','','Et occaecati sapiente atque est. Voluptas a non sunt doloribus. Provident doloremque cumque veniam id nemo architecto. Aut omnis mollitia debitis fugiat.','5635556-4vo55dacebbzp1trru37'),(382,16,882,2,'5969 Alfreda Fords\nWest Mona, DC 02171','','Quibusdam aperiam vitae ducimus non asperiores debitis soluta aperiam. Asperiores atque nihil laudantium nesciunt. Harum deleniti sunt dolores reiciendis explicabo. Quia ea delectus saepe rerum. Quidem laudantium corrupti qui ut.','5635556-axgkzsk2mb2auzsp806c'),(383,2,883,37,'187 Mariela Ville\nZorahaven, IL 05498','','Eius veritatis ea dolorum sapiente hic magni. Non aut quis dolores. Atque qui est laboriosam voluptates et vel.','26666666-p6i7d4vmdx5gkzrip442'),(384,19,884,101,'2858 Beverly Lodge Suite 273\nWest Ruthfort, PA 79670','','Mollitia debitis itaque vitae ut. Maiores nihil perspiciatis quisquam tenetur et ut. Pariatur et earum voluptatem assumenda et voluptatem. Laudantium sed maiores voluptatem reiciendis dolores voluptatem.','5098744-j6cxvcaj9kp17n3oy67p'),(385,9,885,35,'55185 Heaven Centers\nSouth Rubiefort, FL 81367-4654','','Temporibus consequatur eos minima commodi laudantium consectetur. Cum consequatur suscipit magni eos est laborum. Asperiores omnis placeat tempora.','8183481-ki1fad1bdzdb2ct351fu'),(386,13,886,34,'7916 Elda Green\nMellieview, MN 91095','','Cupiditate placeat optio quaerat itaque ab officia. Et aut harum quae alias velit et maxime. Ut sunt incidunt voluptatem ratione. Voluptates illo consequuntur sed nulla quasi sed.','7341196-a6ned1ermwwc7o532ait'),(387,20,887,99,'92050 Gwen Course Apt. 088\nMedhurstchester, NM 07807','','Deleniti fugiat labore aut quas repellendus necessitatibus ipsa saepe. Eum autem suscipit molestiae consequatur ut doloremque. Quod modi quia laboriosam et voluptas. Placeat ut qui ut ut quam eius aut.','4719261-kzy0b8ysar5r4wap43e6'),(388,11,888,29,'6632 Hahn Alley Suite 776\nEast Jarred, FL 33837','','Voluptatem et expedita voluptate quas. Ut quo corrupti fugit et vero qui vel.','4334906-qfwl6y28uaqi9gbn20l4'),(389,15,889,72,'422 Hudson Coves Suite 787\nEast Oda, MT 23994','','Ea error distinctio veniam. Culpa et qui laboriosam eaque debitis deserunt rem. Iusto fugiat unde soluta.','1699456-j32ugz1mc07jll4nsbzq'),(390,17,890,3,'653 Haag Crossroad\nWest Hazelport, CO 52365','','Iusto delectus id sunt possimus accusantium. Rem corrupti et amet eligendi commodi placeat. Vel vero sit cupiditate aut. Deserunt animi harum rerum enim et.','1611240-u64mbfn4tkxyczexsx2b'),(391,20,891,107,'196 Rogahn Land Apt. 104\nLake Alena, WA 29942-9440','','Non fugiat rerum aut voluptatem et quidem non. Exercitationem et repudiandae praesentium voluptas. Sequi officia quaerat libero dolorum. Natus eos quia unde animi quas.','4719261-8hjmi4tyl59v9apo3ptp'),(392,7,892,49,'423 Myrtie Mountain Suite 584\nNorth Domenicomouth, SC 62109-8619','','Et minus autem et accusamus et enim. Corporis dolor optio consequatur ipsum. Nemo perferendis deserunt sit debitis omnis.','7825308-2ygl0xtxfmqu18vwm5yh'),(393,12,893,51,'26732 Prince Haven\nMacejkovicbury, IN 29745-6191','','Ipsam aut nam sit eum. Quos cumque quibusdam velit doloribus consequatur.','2579795-1y0cy7ggt48dw56ll2ep'),(394,15,894,113,'4717 Margaret Mews Apt. 427\nOthahaven, GA 44064','','Optio et corporis modi accusantium aut. Modi reprehenderit sit aut eum maiores occaecati iusto.','1699456-3dhpcdp4kdyfkkbes0tq'),(395,13,895,91,'115 Douglas Fall Apt. 768\nQuigleyhaven, KS 80688-2872','','Ipsum aut provident sit sit aut expedita magnam. Beatae dolor labore quis molestias temporibus quos fuga. Quis libero ut alias maxime veritatis.','7341196-plxitpjwqldmwfcprbz0'),(396,15,896,45,'651 Israel Lights Suite 088\nEast Terry, WY 48925','','Sit quos distinctio dolores hic similique fugiat. Omnis debitis sit deleniti mollitia iure. Molestiae aliquam incidunt autem aut quo tempora est accusamus. Vero rerum quia ut nesciunt.','1699456-i9pl3ep65oga67psc78n'),(397,12,897,1,'2933 Eunice Views Apt. 308\nLucioville, FL 04929-6970','','Autem velit ut ea sed. Voluptate culpa est quaerat ducimus at. Ipsa repellendus dolores quia est optio aliquam voluptas. Iusto esse corrupti earum in asperiores asperiores minus.','2579795-jaepozxstht6n0ifijjd'),(398,17,898,100,'89169 Amparo Via\nLednerport, VT 53891','','Ullam consequatur laboriosam vel beatae. Est eius dolores quas. Qui quo et blanditiis provident ipsam error. Quo debitis cum perferendis ad cupiditate.','1611240-xjrgjg4y93kegokbma3p'),(399,8,899,87,'257 Desmond Bridge\nLake Alicia, IL 54284','','Libero possimus vero rerum nesciunt et fugiat totam. Vero sit nam ut doloremque quam occaecati et. Enim et voluptatum quia aut. Dolorem cum molestiae amet ut laborum. Sequi sit debitis perspiciatis qui facilis amet ea.','887515-u4m1il2qulstb91kzwow'),(400,5,900,74,'3213 Turner Ranch Apt. 882\nEast Greyson, OK 21944-3652','','Vero accusamus id eius accusantium quo error aliquam. Modi omnis magni dolorem consectetur.','1668717-nfcgdq4b3rwx41lnsf1m'),(401,11,901,91,'85128 Wyman Springs Suite 500\nTownetown, MS 94152-6499','','Et vero quia assumenda iste. Ex omnis non et consequuntur qui facilis. Facere corporis voluptas placeat assumenda voluptate est.','4334906-plxitpjwqldmwfcprbz0'),(402,9,902,135,'2730 Corkery Ridge\nCruickshankbury, ME 53876','','Corporis quia sed et. Ad in sed illo rem ut id. Excepturi velit molestias rerum porro dolorem. Iusto provident ut vel.','8183481-378osarhc9dzywym1wb6'),(403,5,903,115,'3371 Ocie Pines\nPort Hollie, AR 42361-8242','','Quis sunt quo perferendis qui cumque rem id. Consequatur velit aut omnis officiis fugiat numquam.','1668717-kjzv7og3ixnx09ihb42n'),(404,14,904,116,'883 Hand Forest\nEast Clairechester, KY 10914-1327','','Ex aspernatur asperiores reiciendis sed. Fugit doloremque et laborum accusamus exercitationem est sit ab. In ut sed quasi esse dolores.','3205328-j35k1q992fvt3rq0k7td'),(405,10,905,22,'137 Linda Pine\nLake Beatrice, IL 56547','','Illum repellendus nobis sit doloremque sit est voluptas. Sit officiis dolores veniam ut quisquam. Adipisci quas aut quod. Sint accusantium veniam sit sint cum doloribus.','6902858-caaiuonuihp1mctfqwlo'),(406,9,906,135,'88586 Alfonso Port Suite 924\nStantonside, PA 97461','','Quo est harum deleniti qui quia ab. Amet nihil quaerat aut libero voluptas odio necessitatibus. Aut eaque necessitatibus quo nostrum. Minus voluptatibus cum ratione voluptatum placeat qui.','8183481-378osarhc9dzywym1wb6'),(407,10,907,96,'820 Conroy Locks\nWest Sedrick, ID 11281-6801','','Qui earum quo et vitae enim laudantium. Facilis et et sint et autem aliquid officiis. Qui et consectetur et qui aut molestiae. Unde necessitatibus natus voluptas cupiditate quibusdam eum voluptatem.','6902858-4vo55dacebbzp1trru37'),(408,12,908,78,'50479 Korbin Parkways\nEast Darrionmouth, SC 04608-4260','','Possimus magnam at asperiores quo. Veritatis nostrum est voluptatibus dolores ex explicabo. Qui quia iure rerum voluptatem quasi iusto in.','2579795-ak9o3oc0qgsl1wps7iz8'),(409,6,909,27,'9521 Blick Cove Suite 307\nNorth Adolfville, RI 22411','','Repudiandae eos aut voluptas quia velit quibusdam in. Eius sit nam accusamus minus reiciendis qui soluta. Ipsum ipsum sed sapiente dolor id dolore voluptatem. Totam laboriosam molestiae iure ipsum accusantium accusantium et.','3884388-0v1yp2x5uza965zoqutg'),(410,15,910,101,'746 Ferry Forges\nKaseyfort, ME 98902-6968','','Ea culpa maiores doloremque non voluptatem ipsam ab. Sit consectetur incidunt exercitationem totam ut. Sapiente dolorem odio perferendis. Consequatur temporibus incidunt reprehenderit laboriosam dolor nesciunt magnam.','1699456-j6cxvcaj9kp17n3oy67p'),(411,19,911,2,'4773 Lemke Village\nBartonmouth, NV 80556','','Aut assumenda id maxime commodi cumque nam fugiat. A est tempore quia omnis pariatur ut. Cupiditate quia quibusdam rerum officiis et. Praesentium sed accusamus optio accusantium perferendis possimus.','5098744-axgkzsk2mb2auzsp806c'),(412,20,912,60,'922 Althea Ville Apt. 281\nOkunevaborough, GA 77621-1377','','Voluptate soluta inventore aut voluptates eligendi. Dolores excepturi qui quo omnis rerum.','4719261-29jtgby4q6ilg6vbzu25'),(413,2,913,79,'9795 Viva Club Apt. 430\nJordonfurt, NE 76641','','Rerum deserunt animi est voluptatem iusto quis ex. Et atque culpa accusantium et nesciunt. Odit qui cum ea tempore. Fugit quisquam qui blanditiis quaerat ut natus.','26666666-qdpqztodizoa9ga7mi2t'),(414,5,914,62,'1793 Karson Inlet Suite 354\nWest Nakia, WY 72033-5737','','Ab voluptate et inventore voluptatem et ratione voluptas. Ut exercitationem ea quos blanditiis. Rerum modi numquam ab quam sint. Mollitia et officiis recusandae et ea dolorem. Ea sint cupiditate voluptatem laborum est.','1668717-7adfkhnhkr9vls5z9z59'),(415,12,915,95,'5494 Holly Station Apt. 995\nValerieport, HI 74318-2287','','Voluptas est rerum eos dolor animi libero. Esse modi dolorem veniam sint cumque. Saepe dolor et deleniti beatae quae labore. Quisquam in est neque esse.','2579795-a90lnyiwelfsfhirrh0n'),(416,14,916,124,'61123 Considine Roads\nEast Natasha, CA 87277-0550','','Aut rerum ut quas doloremque molestiae quia. Voluptatem velit sed ea eveniet corrupti molestiae et et. Unde tempore quod impedit enim.','3205328-10ufbqfzhncisvph2jh8'),(417,9,917,43,'55772 Kaleb Corners\nProvidenciport, TX 72022-0020','','Est sed corrupti ullam molestias aut voluptatem officiis qui. Qui quibusdam cumque provident dolor. Omnis quibusdam vitae placeat quia voluptatem.','8183481-b9cf1t32x70gl593q96b'),(418,2,918,9,'77974 Tiffany Parks Apt. 536\nHoldenmouth, MT 06966','','Voluptate assumenda ab magni quis voluptas est. Accusantium molestiae laudantium velit culpa iste tempora. Consequatur eum dolor enim tenetur facere corporis soluta et. Praesentium ut voluptatum aut beatae ut facilis corrupti perferendis.','26666666-mk4u4hhebt7ge3v38zrd'),(419,4,919,22,'65231 Pascale Spur Suite 192\nNorth Jensenberg, KS 24996','','Eaque aliquid dolor non et neque occaecati pariatur. Aliquam vero nemo aut et. Minus blanditiis voluptatem fugiat omnis recusandae. Aut et incidunt et.','9599901-caaiuonuihp1mctfqwlo'),(420,19,920,105,'96760 Shields Tunnel Apt. 857\nLake Ewellhaven, SC 91406-5227','','Quis nihil velit consequatur iusto porro. Voluptas explicabo ducimus nihil nobis in. Error dolor recusandae deleniti esse molestias nesciunt qui reprehenderit.','5098744-97rsnkzgp84um7hdnq4l'),(421,14,921,109,'41013 Walter Fords Suite 788\nSouth Carmenchester, ID 62168','','Rerum quisquam consectetur iusto ut quod. Eius quaerat saepe deleniti id quasi a quo. Animi maiores quibusdam eos praesentium aut aut perspiciatis qui. Aut in laborum ex sequi repudiandae.','3205328-ienxsb1ecfvy470cqgah'),(422,5,922,51,'32848 Ismael Squares Suite 122\nEast Svenmouth, NH 19991-8223','','Est voluptatem velit nostrum odit deserunt iusto. Tenetur optio enim atque dicta corrupti officiis dolores.','1668717-1y0cy7ggt48dw56ll2ep'),(423,3,923,72,'46388 Arnaldo Fork Suite 861\nPort Raleighmouth, LA 63706','','A rerum nemo ipsa veritatis quos beatae. Vel excepturi quia repudiandae voluptas est nemo eum. Dolore quos temporibus et ad molestiae repellendus modi delectus. Ipsam sequi dolor natus corporis. Velit et quia autem ut doloribus.','8883868-j32ugz1mc07jll4nsbzq'),(424,8,924,1,'446 Carroll Mount\nEast Zellaton, DE 28340-4122','','Doloribus atque similique iure error voluptate maiores. Expedita dolorem magnam et consequuntur explicabo dolore ea iste.','887515-jaepozxstht6n0ifijjd'),(425,18,925,27,'788 Dallin Flats Suite 229\nWilliammouth, FL 82162','','Ducimus beatae quos animi laboriosam explicabo explicabo nisi corporis. Nam laborum laboriosam veniam saepe. Dolor omnis omnis illum velit assumenda. Ab accusamus et fuga similique molestiae eaque sit.','3505635-0v1yp2x5uza965zoqutg'),(426,11,926,1,'7091 Maureen Park\nJeramieville, ID 23991','','Et sit atque et sequi iusto qui ipsa. Qui explicabo non quaerat blanditiis rerum. Reprehenderit quaerat impedit rem soluta rerum. Quis magni veniam possimus excepturi assumenda.','4334906-jaepozxstht6n0ifijjd'),(427,3,927,73,'78605 Kub Island\nWest Geovannybury, MS 37980','','Ut laboriosam odit quia enim eius consectetur. Ullam ipsum porro ullam blanditiis quod. Dolores id molestiae est architecto et in. Deserunt aliquid nihil quo rerum.','8883868-khgseszmh23rfc2lc7cm'),(428,2,928,3,'503 Haley Estate\nPriceburgh, AK 71489','','Ea eos provident ipsam ea molestias odio sint quod. Ipsa consequatur vitae voluptatem perferendis et sequi. Laudantium pariatur ipsum quia sed voluptatem recusandae. Ut sint rerum est qui. Aut rerum est voluptatem dolores.','26666666-u64mbfn4tkxyczexsx2b'),(429,17,929,122,'295 Willms Junctions\nNew Caleighmouth, AR 87944-4727','','Tenetur dolor nesciunt inventore ipsum ea et est. Beatae ut blanditiis quas ab minus recusandae quisquam. Voluptas dolorum voluptatem quos corrupti. Aut magni repellat non laudantium.','1611240-11qmb8yp27yypdr4qj6m'),(430,13,930,105,'7792 Walker Run\nNorth Hope, VA 28249','','Quis itaque assumenda reprehenderit libero ut labore. Veritatis ea rerum temporibus aliquid.','7341196-97rsnkzgp84um7hdnq4l'),(431,3,931,57,'10710 Zemlak Glen Apt. 869\nLavonmouth, OR 43296','','Natus vitae ratione veniam cumque voluptatem et alias. Quod sint explicabo eum sunt. Ad aut quos sed qui cupiditate est earum.','8883868-b92vldi7g9r2pmbro9i6'),(432,2,932,106,'6592 Olen Causeway\nBreitenbergland, KS 68576','','Sit fugit et dolor aut sapiente ullam. Eos aliquid ipsa id nobis quas qui. Voluptas non repellat qui architecto.','26666666-o59xt4x1qg56jukoa2jn'),(433,9,933,80,'53834 Connelly Drive\nEast Charlene, WV 31165-3024','','Ullam ut culpa possimus velit. Temporibus officiis et consequatur sit eum dolores soluta. Harum voluptatem accusamus deleniti. Voluptatem consectetur blanditiis tempora at.','8183481-m6jxe4743zjoklhmitzk'),(434,2,934,119,'87303 Monahan Well\nPort Janelleborough, TN 55782-5707','','Molestiae enim mollitia quos quisquam. Quam a dolore veniam beatae accusamus amet est. Vel velit exercitationem numquam ut. Mollitia facere dolore aliquid ducimus optio.','26666666-oth5m2vtzgdmr18rym5p'),(435,15,935,25,'57157 Jackie Mews Apt. 315\nLonniestad, CT 30032-5604','','Qui quibusdam assumenda sit nobis voluptates facilis impedit. Facilis quas saepe quo eum laborum. Quo commodi asperiores et ut sit.','1699456-ytw3ogyv73b01m33w3wo'),(436,8,936,125,'2311 Mallie Plains Suite 763\nLake Elwin, CO 03070','','Provident est dignissimos sunt ad. Recusandae aliquam eum nihil quidem veniam quam in. Enim sint magnam provident quae ut laborum. Est cupiditate quaerat in iusto.','887515-dl8x2wadl093esqk9pf0'),(437,11,937,76,'834 Myrtice Island\nNew Miltonmouth, NM 95764-9410','','Sit aut similique velit cupiditate eos voluptatum praesentium. Voluptas harum repellendus porro provident est at suscipit architecto. Rerum repudiandae doloribus voluptatum suscipit odio. Tempora cupiditate in quasi dicta distinctio accusantium aut nihil.','4334906-5u8qsu29j3g2rxmom6jk'),(438,14,938,23,'439 Faye Pike\nJoyborough, MA 98697-7911','','Laborum qui autem ut aut modi veniam impedit. Enim accusantium consequatur ut distinctio suscipit pariatur ut. Enim eum cum sed. Est cupiditate iure enim cumque qui.','3205328-l351w0pcxkataoli2ng3'),(439,8,939,128,'1750 Montana Villages\nJimmymouth, HI 15433','','Veritatis et aut inventore optio delectus molestiae amet. Dignissimos veritatis unde voluptatibus quo voluptate molestiae. Ad tenetur culpa repellendus veniam sint perferendis sequi.','887515-ztf48u2qn6p5mxs7f8qy'),(440,8,940,119,'63332 Brooks Divide Suite 739\nGleichnermouth, ME 80555','','Porro id alias enim rerum dolorem. Enim quibusdam qui commodi laborum quo vel deserunt. Ut tempore rerum itaque ea nemo. Id odio suscipit distinctio quos alias. Cumque ex fuga quo rerum ducimus.','887515-oth5m2vtzgdmr18rym5p'),(441,17,941,40,'966 Bogisich Lane\nBrennamouth, NY 03116','','Deleniti laborum commodi fugiat temporibus eius voluptas non. Praesentium nihil ullam dolor voluptas. Aut veniam unde minus omnis dolorem et. Quam qui iusto quia accusamus.','1611240-gvzj823gl2g7hifhn6ij'),(442,4,942,27,'678 Powlowski Orchard\nJaronbury, SC 30279-9634','','Ducimus odit nulla qui. Eum fugiat itaque rerum harum. Laborum tenetur cupiditate commodi doloremque reprehenderit culpa et minus. Facere maxime voluptas non ab voluptatem reiciendis.','9599901-0v1yp2x5uza965zoqutg'),(443,10,943,20,'99041 Lurline Extensions Apt. 745\nBrooklynborough, MO 56039-2184','','Non illo unde voluptatem omnis voluptates laboriosam est. Ratione itaque quasi et ut alias ea. Libero impedit et iste vel hic sapiente velit.','6902858-79bjjflai3mxcdi4cobx'),(444,16,944,49,'390 Mueller Overpass\nNorth Milan, IL 58021','','Sequi sed cupiditate est delectus. Illum exercitationem id est cupiditate aut ut voluptatem praesentium. Molestiae minima dolorum quaerat. Porro ad eius quidem quasi nobis et qui.','5635556-2ygl0xtxfmqu18vwm5yh'),(445,13,945,13,'3329 Wintheiser Course Suite 529\nKochshire, TN 30936-1327','','Facilis deserunt necessitatibus ab ea. Sunt omnis magni voluptatum vel voluptate. Eum aut minus magni. Possimus rerum doloribus laboriosam doloremque dolores dolorem.','7341196-h2uyjywor2n0w5n445sj'),(446,5,946,35,'31630 Mante Crescent\nEast Ephraim, MO 63417','','Non dolorem laudantium vero voluptatibus nam sunt iste. Modi ad quo ipsa et praesentium aliquid et eum. A impedit perspiciatis qui cum voluptatum repellendus.','1668717-ki1fad1bdzdb2ct351fu'),(447,4,947,119,'5593 Spinka Trace Suite 193\nSchmelerstad, ME 47068-7393','','Ex expedita dolorem aperiam corrupti porro placeat esse. Et reprehenderit voluptate neque voluptatem ab animi quo laboriosam.','9599901-oth5m2vtzgdmr18rym5p'),(448,3,948,107,'36214 Natasha Hills\nLegrosstad, MD 27741','','Quaerat nobis corrupti impedit nemo earum qui. Et placeat ad ullam odit quo. Quod facilis amet consequatur.','8883868-8hjmi4tyl59v9apo3ptp'),(449,17,949,100,'693 Alena Station Suite 112\nMaryseland, AK 72433','','Possimus sapiente occaecati illo porro natus. Est ea dolor aliquam. Natus minus officiis id possimus ducimus.','1611240-xjrgjg4y93kegokbma3p'),(450,4,950,49,'186 Amara Mews Suite 534\nLittelhaven, MS 34697-7364','','Eaque sed error reprehenderit rerum aut commodi non. Quam aliquid est non. Exercitationem aliquid inventore sequi quia dicta.','9599901-2ygl0xtxfmqu18vwm5yh'),(451,7,951,98,'33606 Robbie Spurs Suite 621\nSouth Emory, UT 35614-7939','','Ratione omnis id id doloremque ipsam. Aut non voluptatem qui error esse saepe voluptas molestiae. Quam reprehenderit eligendi dolorum consequatur voluptas ducimus distinctio debitis.','7825308-azdrfyvr6jggjpbhe4i7'),(452,3,952,11,'421 Allen Ridge Suite 605\nNew Elisha, MN 80933-6605','','Saepe voluptate qui vitae. Nihil eos placeat ut est dolor laboriosam quidem. Dolores nihil eum nihil dolorem ea sequi fuga.','8883868-796gp2dg5tqgedm1g7er'),(453,9,953,10,'672 Gardner River Apt. 854\nEast Gretchen, AK 78836-4860','','Consequuntur consequuntur et quia quia. Harum vero nostrum aut molestias sunt. Deserunt et veritatis et ut impedit reprehenderit. Ad ducimus reprehenderit soluta quia ut deleniti sit delectus.','8183481-705frbbdkyk7ak4hba25'),(454,16,954,30,'92872 Corkery Isle Suite 166\nLake Jay, WA 47406-5197','','Sint et inventore voluptatum aut veritatis doloremque odio. Ut ut eos libero laboriosam consequuntur. Atque eum modi autem id totam. Nihil quos veniam similique odit.','5635556-rjokid0d6995vnf4xos4'),(455,16,955,49,'218 Nichole Dale Apt. 848\nNew Lisa, FL 88915-4552','','Unde explicabo qui repudiandae in amet corporis. Sit ipsa molestiae aut ipsum qui. Autem quis non esse iure et velit.','5635556-2ygl0xtxfmqu18vwm5yh'),(456,10,956,123,'120 Kuhlman Valleys\nWest Harrystad, LA 78287-5486','','Voluptas ut accusantium adipisci. Consequatur excepturi molestiae sunt molestiae ea id. Enim qui libero et aspernatur facilis culpa sit voluptatem.','6902858-q3marxhr8detf3hbjida'),(457,4,957,59,'123 Trever Mall\nNorth Joelle, VT 29539-4894','','Aut et quos dolores rem distinctio. Ex dignissimos maxime sit eum et et optio. Nesciunt aut est omnis sunt. Ea aperiam sint sit qui aut possimus odit.','9599901-rxgtno3cjqdzhkjscbdw'),(458,15,958,13,'54159 Willms Turnpike\nKarastad, AZ 88026-6025','','Enim sed magnam magni corrupti et ut eius. Eius facilis reiciendis vero sunt. Porro quia dolorem rerum et et corporis natus quia.','1699456-h2uyjywor2n0w5n445sj'),(459,15,959,127,'1485 Runolfsson Island\nCorkeryhaven, MD 71426','','Dolore asperiores eum unde ad dolores et sed. Recusandae ut hic iure corporis. Id magni officiis voluptatem totam qui.','1699456-9xktjoe9izaz9jejmz69'),(460,14,960,82,'4587 Della Hill\nDanielport, MD 21447-0727','','Et molestiae repudiandae est quae sed. Quia incidunt voluptatem omnis quia repudiandae eligendi. Repudiandae quidem ut cum et quo.','3205328-40hjqqf4293gtp1c5igf'),(461,17,961,81,'52842 Stroman Spur\nHansenberg, CT 77999-5399','','Est sint voluptas voluptate laborum suscipit ab. Ut et occaecati iure vero dolorem. Cumque illo quia corrupti tempora officiis libero. Enim neque sapiente aut asperiores voluptatem repellat.','1611240-nlq20wkk221lgiridf0f'),(462,14,962,105,'7059 Renner Lodge Suite 823\nGreenholtbury, ME 95917','','Aut ullam tempore velit praesentium laborum. Non neque aliquid aut ex. Dignissimos veritatis minus corporis et vel explicabo.','3205328-97rsnkzgp84um7hdnq4l'),(463,5,963,85,'23451 Reichert Place Apt. 687\nEast Joesph, WV 03010-2436','','Est quia labore quia quas nihil. Rerum nesciunt dolores a animi sunt nihil. Et rerum magnam libero sit. Dignissimos error praesentium et mollitia excepturi vero.','1668717-000q6zgyldxjgibsb5i7'),(464,11,964,72,'312 Erdman Lake\nElainafurt, DE 91910-9475','','Hic numquam et dolor accusamus neque voluptas omnis. Illum ab nobis quo odit et quo. Ex et dolor enim sit.','4334906-j32ugz1mc07jll4nsbzq'),(465,19,965,80,'1891 Deckow Dam Apt. 974\nLake Trace, NM 79090-9977','','Laborum fuga veniam ullam itaque repellendus odit doloremque voluptatem. Eius aliquam omnis commodi quae temporibus vel exercitationem. Exercitationem soluta amet ea esse. Et amet unde excepturi expedita a iste id commodi. Necessitatibus molestiae consequatur veritatis.','5098744-m6jxe4743zjoklhmitzk'),(466,18,966,70,'150 Runolfsdottir Harbor Suite 553\nNew Albinahaven, RI 97990','','Eos corporis et nesciunt adipisci voluptas. Aut ipsa quaerat enim fugit tempore qui. Iusto vitae vel perferendis id perspiciatis et eos.','3505635-hkhdszxdptq62tu6g0tt'),(467,17,967,121,'52305 Jocelyn Overpass\nPort Audrastad, NC 86694-9819','','Veniam consequuntur maiores aliquid error perferendis consequatur. Aspernatur quas perspiciatis et esse blanditiis corrupti fugiat. Pariatur sed fuga earum accusantium omnis et ad. Enim magni accusamus autem provident.','1611240-ryj8amzntz0v744r0p29'),(468,19,968,107,'75306 Wilderman Walk\nWest Rosalia, NV 66576-0070','','Et mollitia ullam quia quia corporis et qui ipsam. Itaque neque enim animi pariatur. Aspernatur numquam molestias ad fugiat velit facere earum vel. Debitis saepe quidem tempora animi velit est est ab. Itaque qui iure repudiandae esse nam.','5098744-8hjmi4tyl59v9apo3ptp'),(469,11,969,62,'67720 Schroeder Trail Suite 037\nWest Eribertoshire, RI 78195-8429','','Possimus repellendus laborum modi exercitationem. Rerum voluptatem ea dolore explicabo mollitia at. Ullam similique eligendi hic minima ut ut et.','4334906-7adfkhnhkr9vls5z9z59'),(470,3,970,78,'42470 Zachary Road\nSouth Sidney, VT 04782-8975','','Quia quo sapiente consequuntur minus animi. Velit iure ut qui voluptas saepe eaque. Non architecto consequatur odit et qui molestiae. Consequatur magni nemo minus distinctio.','8883868-ak9o3oc0qgsl1wps7iz8'),(471,20,971,134,'3126 Samara Manors Suite 964\nMariahborough, IA 26144','','Iste sed dolor autem deleniti. Qui quia sed ex officia commodi culpa ratione facere. Et error ab qui sit pariatur aut assumenda expedita. Explicabo ea delectus aut.','4719261-vu8fzi7655u4via65fho'),(472,19,972,18,'503 Minerva Overpass\nDarienland, NE 77140-1457','','Omnis tempore beatae perferendis minus beatae. Rerum temporibus iste aut labore cum. Consequatur fugit debitis tempora quod ducimus. Voluptatum corporis asperiores quia aut explicabo est ullam sed.','5098744-fj0cct892zfz8dgrdm6p'),(473,10,973,62,'33399 Legros Street Suite 297\nWest Rodrick, RI 79766','','Voluptas vero ab qui qui. Tenetur fugit quia voluptatem laborum minima et. Ad quis doloribus ea itaque velit.','6902858-7adfkhnhkr9vls5z9z59'),(474,17,974,123,'360 Pfeffer Way Suite 591\nPierreport, MI 50806-0300','','Recusandae omnis asperiores pariatur a cupiditate provident autem. Voluptas recusandae eius harum quos ipsam. Et quia quis id est.','1611240-q3marxhr8detf3hbjida'),(475,10,975,122,'301 Kautzer Camp Suite 836\nWest Grover, ME 25266-2194','','Asperiores qui blanditiis ea repellat fugiat. Ut aut quia sunt magni animi iure ut. Corporis alias neque quia iure velit. Possimus illo dolorem id ab vel dolorem blanditiis. Omnis consequatur ea porro voluptatem eum velit.','6902858-11qmb8yp27yypdr4qj6m'),(476,13,976,117,'9304 Kurtis Lock\nGutkowskihaven, NY 71734-6639','','Dicta amet consequuntur eaque maxime magni asperiores. Sint ut numquam veniam illo rerum. Magni dolor animi et inventore est temporibus debitis.','7341196-y6u9i32w5887yg5ytht1'),(477,15,977,2,'275 Jacobs Brooks\nWest Cleta, PA 31599-5970','','Saepe ea laborum accusamus perferendis qui ex. Quidem velit hic laborum libero libero occaecati.','1699456-axgkzsk2mb2auzsp806c'),(478,19,978,23,'68761 Kuphal Corners\nEast Vernonberg, CT 52809','','Voluptatem aut esse suscipit ipsa. Aut vitae tenetur ut maxime quia et. Nihil laudantium tempore aliquam tempore excepturi. Et nostrum ut corrupti est voluptas porro.','5098744-l351w0pcxkataoli2ng3'),(479,9,979,10,'4025 Monahan Circles\nEast Vinceside, AL 81249','','Cupiditate itaque ut ab dolorum atque. Vitae culpa cupiditate provident. Maiores hic aut est inventore nulla. Magnam perspiciatis molestiae et.','8183481-705frbbdkyk7ak4hba25'),(480,7,980,44,'80472 Pearl Passage Suite 132\nNorth Carterhaven, IN 24247-6695','','Ducimus aperiam fugiat sunt consequuntur dolores facilis. Nemo voluptatem quo voluptatibus facere cupiditate omnis numquam explicabo. Qui rerum enim iure sit possimus nesciunt aut.','7825308-hp6zdu1mvykaf6752rno'),(481,16,981,120,'932 Witting Mount\nAbrahamborough, FL 01265-4642','','Doloremque earum atque doloremque sit voluptatum soluta ipsum velit. Incidunt autem omnis enim enim. Occaecati perspiciatis esse in incidunt.','5635556-y8rh509ugd59jiuuf8zq'),(482,14,982,37,'15652 Kathlyn Spring\nGastonshire, RI 15261','','Aperiam quis tempora ut et. Tempora soluta dolores voluptatibus et necessitatibus fugiat. Harum vero molestias facilis quia. Natus sit corrupti numquam neque.','3205328-p6i7d4vmdx5gkzrip442'),(483,8,983,86,'430 Ezequiel Keys Suite 238\nEast Saulmouth, CT 32458-4236','','Non consequatur sit qui et occaecati distinctio. Qui et consequatur corporis et aut nulla repellendus. Sed non repellat reiciendis delectus quae qui.','887515-oyxrin26bzja52ebp3dz'),(484,16,984,22,'1016 Goldner Rest Suite 082\nWest Gayville, FL 76261','','Nobis exercitationem ab reprehenderit non tempora et. Laborum porro dolorem libero et ipsum. Aut nihil quidem facere ipsa. Non et exercitationem maiores voluptatibus consequatur maxime.','5635556-caaiuonuihp1mctfqwlo'),(485,14,985,15,'820 Leanne Ferry\nPort Annabelleport, IL 21988','','Nihil sint voluptas quisquam et cum ut quia. Necessitatibus nesciunt dolores officia vitae. Est eum animi tenetur. Voluptatibus est labore recusandae aperiam id.','3205328-81b6j916bkqnpep4ktiv'),(486,2,986,64,'8384 Wolf Rest\nNew Taryn, SC 57545-8420','','Qui veniam doloremque nisi iste quas incidunt. Adipisci tenetur possimus est quas quas accusamus magnam. Amet distinctio doloremque est officiis illum sed. Sit id qui dolor unde perferendis nesciunt eveniet voluptas. Aut sit quia aperiam consequatur.','26666666-hyvwldriivthq6ievc0g'),(487,20,987,124,'124 Cristopher Hollow\nConorchester, MS 20806','','Maiores suscipit vitae modi at. Dolor aperiam qui ut. Quas voluptas doloribus quia molestiae magni.','4719261-10ufbqfzhncisvph2jh8'),(488,3,988,125,'4885 Abbey Station\nLake Lexiville, NV 26926-0680','','Ut quod sequi nihil maiores aliquam qui. Sunt molestiae autem in voluptatum quia veritatis similique.','8883868-dl8x2wadl093esqk9pf0'),(489,12,989,41,'217 Guiseppe Harbor\nNorth Alanville, IN 46482-8197','','Debitis voluptas ut consequatur dolor nihil qui. Commodi sit odit non quis pariatur nisi debitis. Ad praesentium consequuntur ipsam fugit suscipit autem.','2579795-7hqg6l6pxxnmoybhxmu3'),(490,19,990,83,'8581 Labadie Vista\nBeverlyshire, FL 07201-3388','','Delectus exercitationem aut corporis maxime cum. Aspernatur accusantium odit sunt voluptas sint. Laborum eum consectetur animi nihil.','5098744-7p1g80oivqyrbjrcu6qb'),(491,18,991,111,'377 Brannon Squares\nSouth Lambert, ID 00159','','Corporis quae exercitationem et quia. Recusandae voluptatem ipsa est provident est placeat. Hic repudiandae nihil sunt odit. Quibusdam dolores ea consequatur nisi similique quae.','3505635-vbu3l0mibwbg3o0fkarw'),(492,19,992,69,'6376 Sporer Trace\nAnniehaven, WI 37437-5182','','Doloremque et perspiciatis asperiores dignissimos veritatis nihil error. Et odio quasi molestiae odit. Est dicta perferendis iste iusto natus molestiae aliquid. Doloremque quaerat delectus aliquam eaque. Sit accusamus incidunt eligendi omnis ut.','5098744-zxpfepbqdd8mdh1s94qy'),(493,6,993,50,'1141 Lucie Knoll Apt. 317\nLake Eloystad, NH 51684','','Omnis nihil non qui reprehenderit. Ut molestiae non est fuga voluptatem officia aperiam architecto. Aut error fugit corrupti id voluptates accusantium. Laboriosam et nam perferendis rerum autem.','3884388-7vl5q0deh65ghqeangaa'),(494,4,994,48,'7322 Hilbert Squares Apt. 724\nStephontown, ND 74496','','Aperiam eaque eaque non earum voluptatem. Sit veniam commodi fuga recusandae. Rerum adipisci debitis illum aut voluptatum.','9599901-ahbn86adquyb7gec3wpa'),(495,5,995,96,'2003 George Estates\nPort Walkerville, KY 02606','','Sit asperiores odio asperiores dolorem maiores aut. Voluptate non in dolore deleniti omnis autem qui. Velit placeat qui qui animi rem. Esse dolor suscipit eum vero nostrum.','1668717-4vo55dacebbzp1trru37'),(496,8,996,110,'101 Quigley Keys\nWest Elmore, ME 05736-0549','','Suscipit nobis ex et sed. Nihil assumenda corporis sed saepe qui porro illum. Id aut modi aut ea ratione nam eos ratione. Et blanditiis quidem et sit sed amet.','887515-fak19fzp5i9vy08wct0r'),(497,20,997,126,'513 Kelsie Wall Apt. 192\nAllymouth, MD 15943','','Nemo quas velit molestiae quidem odit et harum. Necessitatibus neque esse quidem nemo fugiat quam.','4719261-q0yntlpknbfdtev6fw8w'),(498,12,998,78,'703 Berge Roads\nEast Adellemouth, SC 34746-9410','','Alias est exercitationem aliquid. Quia praesentium doloremque occaecati magni libero omnis enim. Cumque et qui voluptates molestiae harum dolores molestiae. Possimus laboriosam asperiores cumque adipisci enim saepe.','2579795-ak9o3oc0qgsl1wps7iz8'),(499,8,999,98,'85076 Claud Row Suite 092\nEbertborough, DC 23621','','Debitis ut quam ut velit pariatur sint et. Ut nobis qui enim dicta veritatis optio. Eaque sequi nulla quisquam. Omnis et non harum dolorem dolor molestiae.','887515-azdrfyvr6jggjpbhe4i7'),(500,3,1000,102,'5213 Herman Via Suite 533\nNew Alberta, MO 08452','','Laboriosam fuga ut in ipsum. Nisi a rerum est ea aperiam. Autem facilis non aut non praesentium repudiandae. Expedita tempora ab voluptatem necessitatibus dicta non.','8883868-2457s4pmvvv8pxvtkmbu');
/*!40000 ALTER TABLE `visitors` ENABLE KEYS */;
UNLOCK TABLES;
DROP TABLE IF EXISTS `zones`;
/*!40101 SET @saved_cs_client     = @@character_set_client */;
/*!40101 SET character_set_client = utf8 */;
CREATE TABLE `zones` (
  `id` bigint(20) unsigned NOT NULL AUTO_INCREMENT,
  `zone` varchar(255) COLLATE utf8mb4_unicode_ci NOT NULL,
  PRIMARY KEY (`id`)
) ENGINE=InnoDB AUTO_INCREMENT=7 DEFAULT CHARSET=utf8mb4 COLLATE=utf8mb4_unicode_ci;
/*!40101 SET character_set_client = @saved_cs_client */;

LOCK TABLES `zones` WRITE;
/*!40000 ALTER TABLE `zones` DISABLE KEYS */;
INSERT INTO `zones` VALUES (1,'ZONA 1'),(2,'ZONA 2'),(3,'ZONA A'),(4,'ZONA B'),(5,'ZONA C'),(6,'DESPACHO');
/*!40000 ALTER TABLE `zones` ENABLE KEYS */;
UNLOCK TABLES;
/*!40103 SET TIME_ZONE=@OLD_TIME_ZONE */;

/*!40101 SET SQL_MODE=@OLD_SQL_MODE */;
/*!40014 SET FOREIGN_KEY_CHECKS=@OLD_FOREIGN_KEY_CHECKS */;
/*!40014 SET UNIQUE_CHECKS=@OLD_UNIQUE_CHECKS */;
/*!40101 SET CHARACTER_SET_CLIENT=@OLD_CHARACTER_SET_CLIENT */;
/*!40101 SET CHARACTER_SET_RESULTS=@OLD_CHARACTER_SET_RESULTS */;
/*!40101 SET COLLATION_CONNECTION=@OLD_COLLATION_CONNECTION */;
/*!40111 SET SQL_NOTES=@OLD_SQL_NOTES */;

