
/*!40101 SET @OLD_CHARACTER_SET_CLIENT=@@CHARACTER_SET_CLIENT */;
/*!40101 SET @OLD_CHARACTER_SET_RESULTS=@@CHARACTER_SET_RESULTS */;
/*!40101 SET @OLD_COLLATION_CONNECTION=@@COLLATION_CONNECTION */;
/*!40101 SET NAMES utf8mb4 */;
/*!40103 SET @OLD_TIME_ZONE=@@TIME_ZONE */;
/*!40103 SET TIME_ZONE='+00:00' */;
/*!40014 SET @OLD_UNIQUE_CHECKS=@@UNIQUE_CHECKS, UNIQUE_CHECKS=0 */;
/*!40014 SET @OLD_FOREIGN_KEY_CHECKS=@@FOREIGN_KEY_CHECKS, FOREIGN_KEY_CHECKS=0 */;
/*!40101 SET @OLD_SQL_MODE=@@SQL_MODE, SQL_MODE='NO_AUTO_VALUE_ON_ZERO' */;
/*!40111 SET @OLD_SQL_NOTES=@@SQL_NOTES, SQL_NOTES=0 */;
DROP TABLE IF EXISTS `actions`;
/*!40101 SET @saved_cs_client     = @@character_set_client */;
/*!40101 SET character_set_client = utf8 */;
CREATE TABLE `actions` (
  `id` bigint(20) unsigned NOT NULL AUTO_INCREMENT,
  `action` varchar(255) COLLATE utf8mb4_unicode_ci NOT NULL,
  PRIMARY KEY (`id`)
) ENGINE=InnoDB AUTO_INCREMENT=6 DEFAULT CHARSET=utf8mb4 COLLATE=utf8mb4_unicode_ci;
/*!40101 SET character_set_client = @saved_cs_client */;

LOCK TABLES `actions` WRITE;
/*!40000 ALTER TABLE `actions` DISABLE KEYS */;
INSERT INTO `actions` VALUES (1,'Registro de Entrada de una Visita'),(2,'Registro de Salida de una Visita'),(3,'Modificacion a su Perfil'),(4,'Visualizo los Reportes de Visita'),(5,'Descarga de Reportes de Visita');
/*!40000 ALTER TABLE `actions` ENABLE KEYS */;
UNLOCK TABLES;
DROP TABLE IF EXISTS `bitacores`;
/*!40101 SET @saved_cs_client     = @@character_set_client */;
/*!40101 SET character_set_client = utf8 */;
CREATE TABLE `bitacores` (
  `id` bigint(20) unsigned NOT NULL AUTO_INCREMENT,
  `user_id` bigint(20) unsigned DEFAULT NULL,
  `action_id` bigint(20) unsigned DEFAULT NULL,
  `details` text COLLATE utf8mb4_unicode_ci NOT NULL,
  `input` timestamp NULL DEFAULT NULL,
  PRIMARY KEY (`id`),
  KEY `bitacores_user_id_foreign` (`user_id`),
  KEY `bitacores_action_id_foreign` (`action_id`),
  CONSTRAINT `bitacores_action_id_foreign` FOREIGN KEY (`action_id`) REFERENCES `actions` (`id`) ON DELETE CASCADE,
  CONSTRAINT `bitacores_user_id_foreign` FOREIGN KEY (`user_id`) REFERENCES `users` (`id`) ON DELETE CASCADE
) ENGINE=InnoDB AUTO_INCREMENT=28 DEFAULT CHARSET=utf8mb4 COLLATE=utf8mb4_unicode_ci;
/*!40101 SET character_set_client = @saved_cs_client */;

LOCK TABLES `bitacores` WRITE;
/*!40000 ALTER TABLE `bitacores` DISABLE KEYS */;
INSERT INTO `bitacores` VALUES (1,2,1,'hizo un registro de entrada del visitante Carlos Francisco a la zona de FUNDABIT','2020-07-02 06:49:04'),(2,1,4,'El usuario visualizo los registros de visitas en el edificio','2020-07-02 06:52:47'),(3,1,3,'El usuario hizo una actualización en su perfil personal','2020-07-03 01:27:02'),(4,1,3,'El usuario hizo una actualización en su perfil personal','2020-07-03 01:27:59'),(5,2,3,'El usuario hizo una actualización en su perfil personal','2020-07-03 01:39:00'),(6,2,3,'El usuario hizo una actualización en su perfil personal','2020-07-03 01:40:57'),(7,2,3,'El usuario hizo una actualización en su perfil personal','2020-07-03 01:41:32'),(8,2,3,'El usuario hizo una actualización en su perfil personal','2020-07-03 01:41:57'),(9,2,1,'registro la visita del usuario jose perez 06133224 el cual se dirijia al sector: Atención al Ciudadano','2020-07-03 01:55:09'),(10,2,2,'registro la salida del edificio del usuario \n         jose \n         perez \n         06133224 el cual accedio al sector: \n         Atención al Ciudadano','2020-07-03 01:56:41'),(11,2,1,'registro la visita del usuario jose perez 26132224 el cual se dirijia al sector: Atención al Ciudadano','2020-07-03 02:03:23'),(12,2,2,'registro la salida del edificio del usuario \n         Joaquin \n         Torphy \n         8883868 el cual accedio al sector: \n         Seguridad Social/SISME','2020-07-03 02:04:15'),(13,2,1,'registro la visita del usuario jose perez 26133224 el cual se dirijia al sector: Atención al Ciudadano','2020-07-03 02:18:33'),(14,2,2,'registro la salida del edificio del usuario \n         General \n         Donnelly \n         1699456 el cual accedio al sector: \n         Coordinación de Educación Física y Recreación','2020-07-03 02:19:28'),(15,2,2,'registro la salida del edificio del usuario \n         jose \n         perez \n         26133224 el cual accedio al sector: \n         Atención al Ciudadano','2020-07-03 02:20:21'),(16,2,5,'El usuario descargo los registros de visitas en el edificio','2020-07-03 02:23:19'),(17,2,4,'El usuario visualizo los registros de visitas en el edificio','2020-07-03 02:23:27'),(18,2,5,'El usuario descargo los registros de visitas en el edificio','2020-07-03 02:25:09'),(19,2,4,'El usuario visualizo los registros de visitas en el edificio','2020-07-03 02:25:20'),(20,2,5,'El usuario descargo los registros de visitas en el edificio','2020-07-03 02:26:22'),(21,2,3,'El usuario hizo una actualización en su perfil personal','2020-07-03 02:27:20'),(22,2,4,'El usuario visualizo los registros de visitas en el edificio','2020-07-03 02:29:39'),(23,3,4,'El usuario visualizo los registros de visitas en el edificio','2020-07-03 02:31:02'),(24,1,1,'registro la visita del usuario jose perez 26133224 el cual se dirijia al sector: Atención al Ciudadano','2020-07-03 02:40:11'),(25,1,2,'registro la salida del edificio del usuario \n         Jace \n         Vandervort \n         5098744 el cual accedio al sector: \n         Archivo','2020-07-03 02:40:18'),(26,1,2,'registro la salida del edificio del usuario \n         Justus \n         Mann \n         2579795 el cual accedio al sector: \n         División de Supervisión','2020-07-03 02:40:19'),(27,1,4,'El usuario visualizo los registros de visitas en el edificio','2020-07-03 02:41:43');
/*!40000 ALTER TABLE `bitacores` ENABLE KEYS */;
UNLOCK TABLES;
DROP TABLE IF EXISTS `direction_tickets`;
/*!40101 SET @saved_cs_client     = @@character_set_client */;
/*!40101 SET character_set_client = utf8 */;
CREATE TABLE `direction_tickets` (
  `id` bigint(20) unsigned NOT NULL AUTO_INCREMENT,
  `direction_id` bigint(20) unsigned DEFAULT NULL,
  `ticket_id` bigint(20) unsigned DEFAULT NULL,
  `code` varchar(255) COLLATE utf8mb4_unicode_ci NOT NULL,
  PRIMARY KEY (`id`),
  KEY `direction_tickets_direction_id_foreign` (`direction_id`),
  KEY `direction_tickets_ticket_id_foreign` (`ticket_id`),
  CONSTRAINT `direction_tickets_direction_id_foreign` FOREIGN KEY (`direction_id`) REFERENCES `directions` (`id`) ON DELETE CASCADE,
  CONSTRAINT `direction_tickets_ticket_id_foreign` FOREIGN KEY (`ticket_id`) REFERENCES `tickets` (`id`) ON DELETE CASCADE
) ENGINE=InnoDB AUTO_INCREMENT=136 DEFAULT CHARSET=utf8mb4 COLLATE=utf8mb4_unicode_ci;
/*!40101 SET character_set_client = @saved_cs_client */;

LOCK TABLES `direction_tickets` WRITE;
/*!40000 ALTER TABLE `direction_tickets` DISABLE KEYS */;
INSERT INTO `direction_tickets` VALUES (1,1,1,'dmiee509vvkodtr2q1z0'),(2,1,2,'pm0gvh6gym1iso8gxicy'),(3,1,3,'ad4q4i0wxxtgfyqad0xk'),(4,2,1,'kbtjabixjajpi9bo58m8'),(5,2,2,'v3avfy2vu5mjqhahnh1x'),(6,2,3,'brgn1fbz0fbut8zsx9ym'),(7,3,1,'fsfz6hb7qd9iszqfi9z0'),(8,3,2,'cphzdyffr9x7m8wvwb4w'),(9,3,3,'gpiobbw1et0vt28x6khj'),(10,4,1,'2320c9tu1dpqvceocu86'),(11,4,2,'sayc55dpfbguabp6300h'),(12,4,3,'2w9r72zib30w9880btbt'),(13,5,1,'tg980wkvzjs5ysi21k2y'),(14,5,2,'v402c09j2w28hbnw5ne3'),(15,5,3,'8r2u4zonrefvq0uv2f6p'),(16,6,1,'kp43awv3u9gjydeqwspt'),(17,6,2,'7s4jzctraij2g8iy7e5i'),(18,6,3,'2wedbmack2dj1fdkcy8k'),(19,7,1,'3v90yymxoa1dml42xrg1'),(20,7,2,'77smsxyvhzdpbeg7dkhi'),(21,7,3,'46jotbwwg7uz7z73fhtf'),(22,8,1,'v6rawoo1wxxw5ye65o5a'),(23,8,2,'tgj3k1q2t21ekkh2jlu2'),(24,8,3,'kxnxhnpidn3dzqyh2ul5'),(25,9,1,'eavuxuo4vtmua8e7ylwp'),(26,9,2,'s9jguetzm9po3zo2dyd9'),(27,9,3,'476jj5nt59s2u85qme83'),(28,10,1,'lq3uiywyun3ehdgiglpn'),(29,10,2,'jhka7pozk2ars1pwekeq'),(30,10,3,'onj1ns8bzascq9l62caz'),(31,11,1,'qsut16hcfwz3eswg8tjz'),(32,11,2,'6aj3df2d88lrvn6khmsd'),(33,11,3,'ipt692b950azk8gpwcz6'),(34,12,1,'h76nu0fnhojt3peyzq1b'),(35,12,2,'2a7347gxbdiwzxbwsizi'),(36,12,3,'4934ecukmt3rdhh253kn'),(37,13,1,'14hoe0e1fg1xq5d35ji7'),(38,13,2,'vauzg4ivn90gtrixhd3d'),(39,13,3,'by5gui1bwn3qrful55yx'),(40,14,1,'a0ggcp3mcgxg7hv7lkcs'),(41,14,2,'971pkengxi4oik4ejzbp'),(42,14,3,'65ckjkrwqzl5ud40fi51'),(43,15,1,'1vy4uxyb39o5tkukdxdw'),(44,15,2,'9ym6i7ne8yf7lll7cx8q'),(45,15,3,'g4hjx9wmoj0shb8xfgd4'),(46,16,1,'096p1wbakl6m8f2ig7s4'),(47,16,2,'am64mn9c3kzhye0ey5s0'),(48,16,3,'tddongv6ctvwclmivdkc'),(49,17,1,'xr2ziqtpici23lw24tg3'),(50,17,2,'gdhq2tgluojc5t3820o5'),(51,17,3,'6bntjp72pwnly9uuwjwn'),(52,18,1,'kuimdyighdp7kml131ui'),(53,18,2,'zbmwyt6saplcfehonqyk'),(54,18,3,'fp3jxp8d43w7ogpoz49p'),(55,19,1,'uuo1by0kxp49wgm6igye'),(56,19,2,'5wtrbn1do32f173nk1vd'),(57,19,3,'pp8bbihqhcei2j0lmrlm'),(58,20,1,'w38c7l2tjjhk9do09hub'),(59,20,2,'m9c67glokqfhi3yltl6t'),(60,20,3,'xnaqylla6dtbwisxp3n8'),(61,21,1,'ncg2phil5crzv9vosaon'),(62,21,2,'yj5ovp92ike4hb0jmr21'),(63,21,3,'aq5njmx23t5cektbio56'),(64,22,1,'prvlj3o625vocrnaowlj'),(65,22,2,'ded1zyc2apry6webwq6v'),(66,22,3,'22ugwd8byf08oz56wn1o'),(67,23,1,'hmm2vlxtmg9yfmgnc8v6'),(68,23,2,'n6670i540n9ccdri1jqb'),(69,23,3,'qtcu94nc16rzbilgoazo'),(70,24,1,'3cs9xv7dbsjz57cbh4bd'),(71,24,2,'8g4d30o2g5olqd68c7uu'),(72,24,3,'orw2lyqwdex7qkjfr1iz'),(73,25,1,'tu2uwhai7ct7na27eo57'),(74,25,2,'b4ugcehhkr7jzuhm4qew'),(75,25,3,'wy23pvjtfxez0gxfxgtv'),(76,26,1,'609eo4b3sl4b68mp7owe'),(77,26,2,'l0wcm1u9mk2ho12fdfob'),(78,26,3,'gugg0ll7f03juc8yh4fi'),(79,27,1,'xivvh94sya9h94i8kik6'),(80,27,2,'0940s1zy6sn83w7x233l'),(81,27,3,'ecxp1p87epwsytqagfzs'),(82,28,1,'l07pnvbiqmlo4r80kdtm'),(83,28,2,'iy3kj2jfajkjn5jne7kd'),(84,28,3,'ugfdvio9xcwibkyx5q9k'),(85,29,1,'s7ln7yg0fqmbg4ccfjij'),(86,29,2,'q83xjzpk469omf95gv6k'),(87,29,3,'yisntroas3igasv7b9jm'),(88,30,1,'c34e4493jjawdn83kpji'),(89,30,2,'f4emoh48g16uvlrln41u'),(90,30,3,'98g24rks7qxj6bmdanvq'),(91,31,1,'6vqu24s78j4n6cdubzvf'),(92,31,2,'h3fh6h0col230e1w5fwv'),(93,31,3,'dwte2dwyb6zoi3q7thma'),(94,32,1,'m6tdwc4u8dn18i6y9njc'),(95,32,2,'wr38d7vcdnjti3ynjwt6'),(96,32,3,'9gpshw0ib35du28s0uuz'),(97,33,1,'s5ci6kxfm2u2yo0c0df0'),(98,33,2,'qg9ghozjijgrmxmuyult'),(99,33,3,'yijrmpqiu8plxk9zjuj8'),(100,34,1,'am817b271bcf6kcsnwcf'),(101,34,2,'c2in72b8smt5p60l91fc'),(102,34,3,'f9kfhf5c973u2dqnxjwn'),(103,35,1,'9izfubitu7txcru1ub5m'),(104,35,2,'2q91hxtwna24z1lut12d'),(105,35,3,'10y32bw6iiz1pj2q1n1m'),(106,36,1,'4u9d13cr4mpx9mkl4qvu'),(107,36,2,'nzq9iqyzbvzd0701r1so'),(108,36,3,'ne78hncrrny0gciee5v4'),(109,37,1,'52br2zlcx52915f375ab'),(110,37,2,'pb03bu8t285bpcjwegns'),(111,37,3,'7a35fdfopdnx6nc3mpnp'),(112,38,1,'4ngjk88w4xoo9s37o5nf'),(113,38,2,'bg01rvk589sbqh2f04f0'),(114,38,3,'mf7u55xp2mxr7z2qgoyj'),(115,39,1,'f2zti0lrxaj3vwvs8owd'),(116,39,2,'dpbcvtt7gy01fc4fckgp'),(117,39,3,'28tw3tpfgzukb8at4g9h'),(118,40,1,'s7x5dliesf214o7hdkwq'),(119,40,2,'rdyzlentdzw4umqqtugx'),(120,40,3,'txlsfp3hxm2q9voylpn7'),(121,41,1,'kzh2m3w3krpfx8wsi2hi'),(122,41,2,'v23zqml2uczex05lgqdq'),(123,41,3,'otsmiiatbbor0dnvku72'),(124,42,1,'ccdtz4fnld0recdw67zz'),(125,42,2,'jl8b5lw1zxv58bfuuvy1'),(126,42,3,'4pygyd69aaci6kp7wj1d'),(127,43,1,'rbf5e9d5bu6yw0mjxrxl'),(128,43,2,'0vwrqf0b1zohe7a4irl8'),(129,43,3,'h71jc5i3nwqj8b4lz9oy'),(130,44,1,'ebrav2ikvtssgmy4n9i1'),(131,44,2,'f4evy7rwxrn8oukz6xey'),(132,44,3,'4xm7y1pid73p1ltb53lb'),(133,45,1,'wsqq7ksbvy258ga5yode'),(134,45,2,'t6wcxh0opoqz2u9q9m5q'),(135,45,3,'hqgw93gyr2t9odd6rzly');
/*!40000 ALTER TABLE `direction_tickets` ENABLE KEYS */;
UNLOCK TABLES;
DROP TABLE IF EXISTS `directions`;
/*!40101 SET @saved_cs_client     = @@character_set_client */;
/*!40101 SET character_set_client = utf8 */;
CREATE TABLE `directions` (
  `id` bigint(20) unsigned NOT NULL AUTO_INCREMENT,
  `floor_id` bigint(20) unsigned DEFAULT NULL,
  `zone_id` bigint(20) unsigned DEFAULT NULL,
  `sector_id` bigint(20) unsigned DEFAULT NULL,
  `dependence` tinyint(1) NOT NULL,
  PRIMARY KEY (`id`),
  KEY `directions_floor_id_foreign` (`floor_id`),
  KEY `directions_zone_id_foreign` (`zone_id`),
  KEY `directions_sector_id_foreign` (`sector_id`),
  CONSTRAINT `directions_floor_id_foreign` FOREIGN KEY (`floor_id`) REFERENCES `floors` (`id`) ON DELETE CASCADE,
  CONSTRAINT `directions_sector_id_foreign` FOREIGN KEY (`sector_id`) REFERENCES `sectors` (`id`) ON DELETE CASCADE,
  CONSTRAINT `directions_zone_id_foreign` FOREIGN KEY (`zone_id`) REFERENCES `zones` (`id`) ON DELETE CASCADE
) ENGINE=InnoDB AUTO_INCREMENT=46 DEFAULT CHARSET=utf8mb4 COLLATE=utf8mb4_unicode_ci;
/*!40101 SET character_set_client = @saved_cs_client */;

LOCK TABLES `directions` WRITE;
/*!40000 ALTER TABLE `directions` DISABLE KEYS */;
INSERT INTO `directions` VALUES (1,1,1,1,1),(2,1,1,2,0),(3,1,1,3,1),(4,1,2,4,1),(5,1,2,5,1),(6,1,2,6,1),(7,1,2,7,1),(8,1,2,8,1),(9,2,3,9,1),(10,2,3,10,1),(11,2,3,11,1),(12,2,3,12,1),(13,2,3,13,1),(14,2,4,14,1),(15,2,4,15,1),(16,2,4,16,1),(17,2,4,17,1),(18,2,4,18,1),(19,2,4,19,1),(20,2,5,20,1),(21,2,5,21,1),(22,2,5,22,1),(23,2,5,23,1),(24,2,5,24,1),(25,2,5,25,1),(26,2,5,26,1),(27,2,5,27,1),(28,3,6,28,1),(29,3,6,29,1),(30,3,6,30,1),(31,3,3,31,1),(32,3,3,32,1),(33,3,3,33,0),(34,3,3,34,0),(35,3,4,35,1),(36,3,4,36,1),(37,3,4,37,1),(38,3,4,38,1),(39,3,4,39,1),(40,3,4,40,1),(41,4,3,41,1),(42,4,4,42,0),(43,4,4,43,0),(44,4,5,44,0),(45,4,5,45,1);
/*!40000 ALTER TABLE `directions` ENABLE KEYS */;
UNLOCK TABLES;
DROP TABLE IF EXISTS `floors`;
/*!40101 SET @saved_cs_client     = @@character_set_client */;
/*!40101 SET character_set_client = utf8 */;
CREATE TABLE `floors` (
  `id` bigint(20) unsigned NOT NULL AUTO_INCREMENT,
  `floor` varchar(255) COLLATE utf8mb4_unicode_ci NOT NULL,
  `letter_code` varchar(255) COLLATE utf8mb4_unicode_ci NOT NULL,
  PRIMARY KEY (`id`)
) ENGINE=InnoDB AUTO_INCREMENT=5 DEFAULT CHARSET=utf8mb4 COLLATE=utf8mb4_unicode_ci;
/*!40101 SET character_set_client = @saved_cs_client */;

LOCK TABLES `floors` WRITE;
/*!40000 ALTER TABLE `floors` DISABLE KEYS */;
INSERT INTO `floors` VALUES (1,'planta baja','a'),(2,'piso 1','b'),(3,'piso 2','c'),(4,'piso 3','d');
/*!40000 ALTER TABLE `floors` ENABLE KEYS */;
UNLOCK TABLES;
DROP TABLE IF EXISTS `handling_times`;
/*!40101 SET @saved_cs_client     = @@character_set_client */;
/*!40101 SET character_set_client = utf8 */;
CREATE TABLE `handling_times` (
  `id` bigint(20) unsigned NOT NULL AUTO_INCREMENT,
  `input` timestamp NULL DEFAULT NULL,
  `output` timestamp NULL DEFAULT NULL,
  PRIMARY KEY (`id`)
) ENGINE=InnoDB AUTO_INCREMENT=1015 DEFAULT CHARSET=utf8mb4 COLLATE=utf8mb4_unicode_ci;
/*!40101 SET character_set_client = @saved_cs_client */;

LOCK TABLES `handling_times` WRITE;
/*!40000 ALTER TABLE `handling_times` DISABLE KEYS */;
INSERT INTO `handling_times` VALUES (1,'2020-07-02 06:45:00',NULL),(2,'2020-07-02 06:45:00',NULL),(3,'2020-07-02 06:45:00',NULL),(4,'2020-07-02 06:45:00',NULL),(5,'2020-07-02 06:45:00',NULL),(6,'2020-07-02 06:45:00',NULL),(7,'2020-07-02 06:45:00',NULL),(8,'2020-07-02 06:45:00',NULL),(9,'2020-07-02 06:45:00',NULL),(10,'2020-07-02 06:45:00',NULL),(11,'2020-07-02 06:45:00',NULL),(12,'2020-07-02 06:45:00',NULL),(13,'2020-07-02 06:45:00',NULL),(14,'2020-07-02 06:45:00',NULL),(15,'2020-07-02 06:45:00',NULL),(16,'2020-07-02 06:45:00',NULL),(17,'2020-07-02 06:45:00',NULL),(18,'2020-07-02 06:45:00',NULL),(19,'2020-07-02 06:45:00',NULL),(20,'2020-07-02 06:45:01',NULL),(21,'2020-07-02 06:45:01',NULL),(22,'2020-07-02 06:45:01',NULL),(23,'2020-07-02 06:45:01',NULL),(24,'2020-07-02 06:45:01',NULL),(25,'2020-07-02 06:45:01',NULL),(26,'2020-07-02 06:45:01',NULL),(27,'2020-07-02 06:45:01',NULL),(28,'2020-07-02 06:45:01',NULL),(29,'2020-07-02 06:45:01',NULL),(30,'2020-07-02 06:45:01',NULL),(31,'2020-07-02 06:45:01',NULL),(32,'2020-07-02 06:45:01',NULL),(33,'2020-07-02 06:45:01',NULL),(34,'2020-07-02 06:45:01',NULL),(35,'2020-07-02 06:45:01',NULL),(36,'2020-07-02 06:45:01',NULL),(37,'2020-07-02 06:45:01',NULL),(38,'2020-07-02 06:45:01',NULL),(39,'2020-07-02 06:45:01',NULL),(40,'2020-07-02 06:45:01',NULL),(41,'2020-07-02 06:45:01',NULL),(42,'2020-07-02 06:45:01',NULL),(43,'2020-07-02 06:45:01',NULL),(44,'2020-07-02 06:45:01',NULL),(45,'2020-07-02 06:45:01',NULL),(46,'2020-07-02 06:45:01',NULL),(47,'2020-07-02 06:45:01',NULL),(48,'2020-07-02 06:45:01',NULL),(49,'2020-07-02 06:45:01',NULL),(50,'2020-07-02 06:45:02',NULL),(51,'2020-07-02 06:45:02',NULL),(52,'2020-07-02 06:45:02',NULL),(53,'2020-07-02 06:45:02',NULL),(54,'2020-07-02 06:45:02',NULL),(55,'2020-07-02 06:45:02',NULL),(56,'2020-07-02 06:45:02',NULL),(57,'2020-07-02 06:45:02',NULL),(58,'2020-07-02 06:45:02',NULL),(59,'2020-07-02 06:45:02',NULL),(60,'2020-07-02 06:45:02',NULL),(61,'2020-07-02 06:45:02',NULL),(62,'2020-07-02 06:45:02',NULL),(63,'2020-07-02 06:45:02',NULL),(64,'2020-07-02 06:45:02',NULL),(65,'2020-07-02 06:45:02',NULL),(66,'2020-07-02 06:45:02',NULL),(67,'2020-07-02 06:45:02',NULL),(68,'2020-07-02 06:45:02',NULL),(69,'2020-07-02 06:45:02',NULL),(70,'2020-07-02 06:45:02',NULL),(71,'2020-07-02 06:45:02',NULL),(72,'2020-07-02 06:45:02',NULL),(73,'2020-07-02 06:45:02',NULL),(74,'2020-07-02 06:45:02',NULL),(75,'2020-07-02 06:45:02',NULL),(76,'2020-07-02 06:45:03',NULL),(77,'2020-07-02 06:45:03',NULL),(78,'2020-07-02 06:45:03',NULL),(79,'2020-07-02 06:45:03',NULL),(80,'2020-07-02 06:45:03',NULL),(81,'2020-07-02 06:45:03',NULL),(82,'2020-07-02 06:45:03',NULL),(83,'2020-07-02 06:45:03',NULL),(84,'2020-07-02 06:45:03',NULL),(85,'2020-07-02 06:45:03',NULL),(86,'2020-07-02 06:45:03',NULL),(87,'2020-07-02 06:45:03',NULL),(88,'2020-07-02 06:45:03',NULL),(89,'2020-07-02 06:45:03',NULL),(90,'2020-07-02 06:45:03',NULL),(91,'2020-07-02 06:45:03',NULL),(92,'2020-07-02 06:45:03',NULL),(93,'2020-07-02 06:45:03',NULL),(94,'2020-07-02 06:45:03',NULL),(95,'2020-07-02 06:45:03',NULL),(96,'2020-07-02 06:45:03',NULL),(97,'2020-07-02 06:45:03',NULL),(98,'2020-07-02 06:45:03',NULL),(99,'2020-07-02 06:45:03',NULL),(100,'2020-07-02 06:45:03',NULL),(101,'2020-07-02 06:45:03',NULL),(102,'2020-07-02 06:45:03',NULL),(103,'2020-07-02 06:45:03',NULL),(104,'2020-07-02 06:45:03',NULL),(105,'2020-07-02 06:45:04',NULL),(106,'2020-07-02 06:45:04',NULL),(107,'2020-07-02 06:45:04',NULL),(108,'2020-07-02 06:45:04',NULL),(109,'2020-07-02 06:45:04',NULL),(110,'2020-07-02 06:45:04',NULL),(111,'2020-07-02 06:45:04',NULL),(112,'2020-07-02 06:45:04',NULL),(113,'2020-07-02 06:45:04',NULL),(114,'2020-07-02 06:45:04',NULL),(115,'2020-07-02 06:45:04',NULL),(116,'2020-07-02 06:45:04',NULL),(117,'2020-07-02 06:45:04',NULL),(118,'2020-07-02 06:45:04',NULL),(119,'2020-07-02 06:45:04',NULL),(120,'2020-07-02 06:45:04',NULL),(121,'2020-07-02 06:45:04',NULL),(122,'2020-07-02 06:45:04',NULL),(123,'2020-07-02 06:45:04',NULL),(124,'2020-07-02 06:45:04',NULL),(125,'2020-07-02 06:45:04',NULL),(126,'2020-07-02 06:45:04',NULL),(127,'2020-07-02 06:45:04',NULL),(128,'2020-07-02 06:45:04',NULL),(129,'2020-07-02 06:45:04',NULL),(130,'2020-07-02 06:45:04',NULL),(131,'2020-07-02 06:45:04',NULL),(132,'2020-07-02 06:45:04',NULL),(133,'2020-07-02 06:45:05',NULL),(134,'2020-07-02 06:45:05',NULL),(135,'2020-07-02 06:45:05',NULL),(136,'2020-07-02 06:45:05',NULL),(137,'2020-07-02 06:45:05',NULL),(138,'2020-07-02 06:45:05',NULL),(139,'2020-07-02 06:45:05',NULL),(140,'2020-07-02 06:45:05',NULL),(141,'2020-07-02 06:45:05',NULL),(142,'2020-07-02 06:45:05',NULL),(143,'2020-07-02 06:45:05',NULL),(144,'2020-07-02 06:45:05',NULL),(145,'2020-07-02 06:45:05',NULL),(146,'2020-07-02 06:45:05',NULL),(147,'2020-07-02 06:45:05',NULL),(148,'2020-07-02 06:45:05',NULL),(149,'2020-07-02 06:45:05',NULL),(150,'2020-07-02 06:45:05',NULL),(151,'2020-07-02 06:45:05',NULL),(152,'2020-07-02 06:45:05',NULL),(153,'2020-07-02 06:45:05',NULL),(154,'2020-07-02 06:45:05',NULL),(155,'2020-07-02 06:45:05',NULL),(156,'2020-07-02 06:45:05',NULL),(157,'2020-07-02 06:45:05',NULL),(158,'2020-07-02 06:45:05',NULL),(159,'2020-07-02 06:45:06',NULL),(160,'2020-07-02 06:45:06',NULL),(161,'2020-07-02 06:45:06',NULL),(162,'2020-07-02 06:45:06',NULL),(163,'2020-07-02 06:45:06',NULL),(164,'2020-07-02 06:45:06',NULL),(165,'2020-07-02 06:45:06',NULL),(166,'2020-07-02 06:45:06',NULL),(167,'2020-07-02 06:45:06',NULL),(168,'2020-07-02 06:45:06',NULL),(169,'2020-07-02 06:45:06',NULL),(170,'2020-07-02 06:45:06',NULL),(171,'2020-07-02 06:45:06',NULL),(172,'2020-07-02 06:45:06',NULL),(173,'2020-07-02 06:45:06',NULL),(174,'2020-07-02 06:45:06',NULL),(175,'2020-07-02 06:45:06',NULL),(176,'2020-07-02 06:45:06',NULL),(177,'2020-07-02 06:45:06',NULL),(178,'2020-07-02 06:45:06',NULL),(179,'2020-07-02 06:45:06',NULL),(180,'2020-07-02 06:45:06',NULL),(181,'2020-07-02 06:45:06',NULL),(182,'2020-07-02 06:45:06',NULL),(183,'2020-07-02 06:45:06',NULL),(184,'2020-07-02 06:45:06',NULL),(185,'2020-07-02 06:45:06',NULL),(186,'2020-07-02 06:45:06',NULL),(187,'2020-07-02 06:45:06',NULL),(188,'2020-07-02 06:45:06',NULL),(189,'2020-07-02 06:45:07',NULL),(190,'2020-07-02 06:45:07',NULL),(191,'2020-07-02 06:45:07',NULL),(192,'2020-07-02 06:45:07',NULL),(193,'2020-07-02 06:45:07',NULL),(194,'2020-07-02 06:45:07',NULL),(195,'2020-07-02 06:45:07',NULL),(196,'2020-07-02 06:45:07',NULL),(197,'2020-07-02 06:45:07',NULL),(198,'2020-07-02 06:45:07',NULL),(199,'2020-07-02 06:45:07',NULL),(200,'2020-07-02 06:45:07',NULL),(201,'2020-07-02 06:45:07',NULL),(202,'2020-07-02 06:45:07',NULL),(203,'2020-07-02 06:45:07',NULL),(204,'2020-07-02 06:45:07',NULL),(205,'2020-07-02 06:45:07',NULL),(206,'2020-07-02 06:45:07',NULL),(207,'2020-07-02 06:45:07',NULL),(208,'2020-07-02 06:45:07',NULL),(209,'2020-07-02 06:45:07',NULL),(210,'2020-07-02 06:45:07',NULL),(211,'2020-07-02 06:45:07',NULL),(212,'2020-07-02 06:45:07',NULL),(213,'2020-07-02 06:45:07',NULL),(214,'2020-07-02 06:45:07',NULL),(215,'2020-07-02 06:45:07',NULL),(216,'2020-07-02 06:45:08',NULL),(217,'2020-07-02 06:45:08',NULL),(218,'2020-07-02 06:45:08',NULL),(219,'2020-07-02 06:45:08',NULL),(220,'2020-07-02 06:45:08',NULL),(221,'2020-07-02 06:45:08',NULL),(222,'2020-07-02 06:45:08',NULL),(223,'2020-07-02 06:45:08',NULL),(224,'2020-07-02 06:45:08',NULL),(225,'2020-07-02 06:45:08',NULL),(226,'2020-07-02 06:45:08',NULL),(227,'2020-07-02 06:45:08',NULL),(228,'2020-07-02 06:45:08',NULL),(229,'2020-07-02 06:45:08',NULL),(230,'2020-07-02 06:45:08',NULL),(231,'2020-07-02 06:45:08',NULL),(232,'2020-07-02 06:45:08',NULL),(233,'2020-07-02 06:45:08',NULL),(234,'2020-07-02 06:45:08',NULL),(235,'2020-07-02 06:45:08',NULL),(236,'2020-07-02 06:45:08',NULL),(237,'2020-07-02 06:45:08',NULL),(238,'2020-07-02 06:45:08',NULL),(239,'2020-07-02 06:45:08',NULL),(240,'2020-07-02 06:45:08',NULL),(241,'2020-07-02 06:45:08',NULL),(242,'2020-07-02 06:45:08',NULL),(243,'2020-07-02 06:45:08',NULL),(244,'2020-07-02 06:45:08',NULL),(245,'2020-07-02 06:45:08',NULL),(246,'2020-07-02 06:45:08',NULL),(247,'2020-07-02 06:45:08',NULL),(248,'2020-07-02 06:45:08',NULL),(249,'2020-07-02 06:45:08',NULL),(250,'2020-07-02 06:45:08',NULL),(251,'2020-07-02 06:45:09',NULL),(252,'2020-07-02 06:45:09',NULL),(253,'2020-07-02 06:45:09',NULL),(254,'2020-07-02 06:45:09',NULL),(255,'2020-07-02 06:45:09',NULL),(256,'2020-07-02 06:45:09',NULL),(257,'2020-07-02 06:45:09',NULL),(258,'2020-07-02 06:45:09',NULL),(259,'2020-07-02 06:45:09',NULL),(260,'2020-07-02 06:45:09',NULL),(261,'2020-07-02 06:45:09',NULL),(262,'2020-07-02 06:45:09',NULL),(263,'2020-07-02 06:45:09',NULL),(264,'2020-07-02 06:45:09',NULL),(265,'2020-07-02 06:45:09',NULL),(266,'2020-07-02 06:45:09',NULL),(267,'2020-07-02 06:45:09',NULL),(268,'2020-07-02 06:45:09',NULL),(269,'2020-07-02 06:45:09',NULL),(270,'2020-07-02 06:45:09',NULL),(271,'2020-07-02 06:45:09',NULL),(272,'2020-07-02 06:45:09',NULL),(273,'2020-07-02 06:45:09',NULL),(274,'2020-07-02 06:45:09',NULL),(275,'2020-07-02 06:45:09',NULL),(276,'2020-07-02 06:45:09',NULL),(277,'2020-07-02 06:45:09',NULL),(278,'2020-07-02 06:45:09',NULL),(279,'2020-07-02 06:45:09',NULL),(280,'2020-07-02 06:45:10',NULL),(281,'2020-07-02 06:45:10',NULL),(282,'2020-07-02 06:45:10',NULL),(283,'2020-07-02 06:45:10',NULL),(284,'2020-07-02 06:45:10',NULL),(285,'2020-07-02 06:45:10',NULL),(286,'2020-07-02 06:45:10',NULL),(287,'2020-07-02 06:45:10',NULL),(288,'2020-07-02 06:45:10',NULL),(289,'2020-07-02 06:45:10',NULL),(290,'2020-07-02 06:45:10',NULL),(291,'2020-07-02 06:45:10',NULL),(292,'2020-07-02 06:45:10',NULL),(293,'2020-07-02 06:45:10',NULL),(294,'2020-07-02 06:45:10',NULL),(295,'2020-07-02 06:45:10',NULL),(296,'2020-07-02 06:45:10',NULL),(297,'2020-07-02 06:45:10',NULL),(298,'2020-07-02 06:45:10',NULL),(299,'2020-07-02 06:45:10',NULL),(300,'2020-07-02 06:45:10',NULL),(301,'2020-07-02 06:45:10',NULL),(302,'2020-07-02 06:45:10',NULL),(303,'2020-07-02 06:45:10',NULL),(304,'2020-07-02 06:45:10',NULL),(305,'2020-07-02 06:45:10',NULL),(306,'2020-07-02 06:45:10',NULL),(307,'2020-07-02 06:45:10',NULL),(308,'2020-07-02 06:45:11',NULL),(309,'2020-07-02 06:45:11',NULL),(310,'2020-07-02 06:45:11',NULL),(311,'2020-07-02 06:45:11',NULL),(312,'2020-07-02 06:45:11',NULL),(313,'2020-07-02 06:45:11',NULL),(314,'2020-07-02 06:45:11',NULL),(315,'2020-07-02 06:45:11',NULL),(316,'2020-07-02 06:45:11',NULL),(317,'2020-07-02 06:45:11',NULL),(318,'2020-07-02 06:45:11',NULL),(319,'2020-07-02 06:45:11',NULL),(320,'2020-07-02 06:45:11',NULL),(321,'2020-07-02 06:45:11',NULL),(322,'2020-07-02 06:45:11',NULL),(323,'2020-07-02 06:45:11',NULL),(324,'2020-07-02 06:45:11',NULL),(325,'2020-07-02 06:45:11',NULL),(326,'2020-07-02 06:45:11',NULL),(327,'2020-07-02 06:45:11',NULL),(328,'2020-07-02 06:45:11',NULL),(329,'2020-07-02 06:45:12',NULL),(330,'2020-07-02 06:45:12',NULL),(331,'2020-07-02 06:45:12',NULL),(332,'2020-07-02 06:45:12',NULL),(333,'2020-07-02 06:45:12',NULL),(334,'2020-07-02 06:45:12',NULL),(335,'2020-07-02 06:45:12',NULL),(336,'2020-07-02 06:45:12',NULL),(337,'2020-07-02 06:45:12',NULL),(338,'2020-07-02 06:45:12',NULL),(339,'2020-07-02 06:45:12',NULL),(340,'2020-07-02 06:45:12',NULL),(341,'2020-07-02 06:45:12',NULL),(342,'2020-07-02 06:45:12',NULL),(343,'2020-07-02 06:45:12',NULL),(344,'2020-07-02 06:45:12',NULL),(345,'2020-07-02 06:45:12',NULL),(346,'2020-07-02 06:45:12',NULL),(347,'2020-07-02 06:45:12',NULL),(348,'2020-07-02 06:45:12',NULL),(349,'2020-07-02 06:45:12',NULL),(350,'2020-07-02 06:45:12',NULL),(351,'2020-07-02 06:45:12',NULL),(352,'2020-07-02 06:45:12',NULL),(353,'2020-07-02 06:45:12',NULL),(354,'2020-07-02 06:45:12',NULL),(355,'2020-07-02 06:45:12',NULL),(356,'2020-07-02 06:45:12',NULL),(357,'2020-07-02 06:45:12',NULL),(358,'2020-07-02 06:45:12',NULL),(359,'2020-07-02 06:45:12',NULL),(360,'2020-07-02 06:45:12',NULL),(361,'2020-07-02 06:45:13',NULL),(362,'2020-07-02 06:45:13',NULL),(363,'2020-07-02 06:45:13',NULL),(364,'2020-07-02 06:45:13',NULL),(365,'2020-07-02 06:45:13',NULL),(366,'2020-07-02 06:45:13',NULL),(367,'2020-07-02 06:45:13',NULL),(368,'2020-07-02 06:45:13',NULL),(369,'2020-07-02 06:45:13',NULL),(370,'2020-07-02 06:45:13',NULL),(371,'2020-07-02 06:45:13',NULL),(372,'2020-07-02 06:45:13',NULL),(373,'2020-07-02 06:45:13',NULL),(374,'2020-07-02 06:45:13',NULL),(375,'2020-07-02 06:45:13',NULL),(376,'2020-07-02 06:45:13',NULL),(377,'2020-07-02 06:45:13',NULL),(378,'2020-07-02 06:45:13',NULL),(379,'2020-07-02 06:45:13',NULL),(380,'2020-07-02 06:45:13',NULL),(381,'2020-07-02 06:45:13',NULL),(382,'2020-07-02 06:45:13',NULL),(383,'2020-07-02 06:45:13',NULL),(384,'2020-07-02 06:45:13',NULL),(385,'2020-07-02 06:45:13',NULL),(386,'2020-07-02 06:45:13',NULL),(387,'2020-07-02 06:45:13',NULL),(388,'2020-07-02 06:45:13',NULL),(389,'2020-07-02 06:45:14',NULL),(390,'2020-07-02 06:45:14',NULL),(391,'2020-07-02 06:45:14',NULL),(392,'2020-07-02 06:45:14',NULL),(393,'2020-07-02 06:45:14',NULL),(394,'2020-07-02 06:45:14',NULL),(395,'2020-07-02 06:45:14',NULL),(396,'2020-07-02 06:45:14',NULL),(397,'2020-07-02 06:45:14',NULL),(398,'2020-07-02 06:45:14',NULL),(399,'2020-07-02 06:45:14',NULL),(400,'2020-07-02 06:45:14',NULL),(401,'2020-07-02 06:45:14',NULL),(402,'2020-07-02 06:45:14',NULL),(403,'2020-07-02 06:45:14',NULL),(404,'2020-07-02 06:45:14',NULL),(405,'2020-07-02 06:45:14',NULL),(406,'2020-07-02 06:45:14',NULL),(407,'2020-07-02 06:45:14',NULL),(408,'2020-07-02 06:45:14',NULL),(409,'2020-07-02 06:45:14',NULL),(410,'2020-07-02 06:45:14',NULL),(411,'2020-07-02 06:45:14',NULL),(412,'2020-07-02 06:45:14',NULL),(413,'2020-07-02 06:45:14',NULL),(414,'2020-07-02 06:45:14',NULL),(415,'2020-07-02 06:45:14',NULL),(416,'2020-07-02 06:45:14',NULL),(417,'2020-07-02 06:45:14',NULL),(418,'2020-07-02 06:45:14',NULL),(419,'2020-07-02 06:45:14',NULL),(420,'2020-07-02 06:45:15',NULL),(421,'2020-07-02 06:45:15',NULL),(422,'2020-07-02 06:45:15',NULL),(423,'2020-07-02 06:45:15',NULL),(424,'2020-07-02 06:45:15',NULL),(425,'2020-07-02 06:45:15',NULL),(426,'2020-07-02 06:45:15',NULL),(427,'2020-07-02 06:45:15',NULL),(428,'2020-07-02 06:45:15',NULL),(429,'2020-07-02 06:45:15',NULL),(430,'2020-07-02 06:45:15',NULL),(431,'2020-07-02 06:45:15',NULL),(432,'2020-07-02 06:45:15',NULL),(433,'2020-07-02 06:45:15',NULL),(434,'2020-07-02 06:45:15',NULL),(435,'2020-07-02 06:45:15',NULL),(436,'2020-07-02 06:45:15',NULL),(437,'2020-07-02 06:45:15',NULL),(438,'2020-07-02 06:45:15',NULL),(439,'2020-07-02 06:45:15',NULL),(440,'2020-07-02 06:45:15',NULL),(441,'2020-07-02 06:45:15',NULL),(442,'2020-07-02 06:45:15',NULL),(443,'2020-07-02 06:45:15',NULL),(444,'2020-07-02 06:45:15',NULL),(445,'2020-07-02 06:45:15',NULL),(446,'2020-07-02 06:45:15',NULL),(447,'2020-07-02 06:45:15',NULL),(448,'2020-07-02 06:45:15',NULL),(449,'2020-07-02 06:45:16',NULL),(450,'2020-07-02 06:45:16',NULL),(451,'2020-07-02 06:45:16',NULL),(452,'2020-07-02 06:45:16',NULL),(453,'2020-07-02 06:45:16',NULL),(454,'2020-07-02 06:45:16',NULL),(455,'2020-07-02 06:45:16',NULL),(456,'2020-07-02 06:45:16',NULL),(457,'2020-07-02 06:45:16',NULL),(458,'2020-07-02 06:45:16',NULL),(459,'2020-07-02 06:45:16',NULL),(460,'2020-07-02 06:45:16',NULL),(461,'2020-07-02 06:45:16',NULL),(462,'2020-07-02 06:45:16',NULL),(463,'2020-07-02 06:45:16',NULL),(464,'2020-07-02 06:45:16',NULL),(465,'2020-07-02 06:45:16',NULL),(466,'2020-07-02 06:45:16',NULL),(467,'2020-07-02 06:45:16',NULL),(468,'2020-07-02 06:45:16',NULL),(469,'2020-07-02 06:45:16',NULL),(470,'2020-07-02 06:45:16',NULL),(471,'2020-07-02 06:45:16',NULL),(472,'2020-07-02 06:45:16',NULL),(473,'2020-07-02 06:45:16',NULL),(474,'2020-07-02 06:45:16',NULL),(475,'2020-07-02 06:45:16',NULL),(476,'2020-07-02 06:45:16',NULL),(477,'2020-07-02 06:45:16',NULL),(478,'2020-07-02 06:45:16',NULL),(479,'2020-07-02 06:45:16',NULL),(480,'2020-07-02 06:45:16',NULL),(481,'2020-07-02 06:45:16',NULL),(482,'2020-07-02 06:45:16',NULL),(483,'2020-07-02 06:45:17',NULL),(484,'2020-07-02 06:45:17',NULL),(485,'2020-07-02 06:45:17',NULL),(486,'2020-07-02 06:45:17',NULL),(487,'2020-07-02 06:45:17',NULL),(488,'2020-07-02 06:45:17',NULL),(489,'2020-07-02 06:45:17',NULL),(490,'2020-07-02 06:45:17',NULL),(491,'2020-07-02 06:45:17',NULL),(492,'2020-07-02 06:45:17',NULL),(493,'2020-07-02 06:45:17',NULL),(494,'2020-07-02 06:45:17',NULL),(495,'2020-07-02 06:45:17',NULL),(496,'2020-07-02 06:45:17',NULL),(497,'2020-07-02 06:45:17',NULL),(498,'2020-07-02 06:45:17',NULL),(499,'2020-07-02 06:45:17',NULL),(500,'2020-07-02 06:45:17',NULL),(501,'2020-07-02 06:48:33',NULL),(502,'2020-07-02 06:48:33',NULL),(503,'2020-07-02 06:48:33',NULL),(504,'2020-07-02 06:48:33',NULL),(505,'2020-07-02 06:48:33',NULL),(506,'2020-07-02 06:48:33',NULL),(507,'2020-07-02 06:48:33',NULL),(508,'2020-07-02 06:48:33',NULL),(509,'2020-07-02 06:48:33',NULL),(510,'2020-07-02 06:48:33',NULL),(511,'2020-07-02 06:48:33',NULL),(512,'2020-07-02 06:48:33',NULL),(513,'2020-07-02 06:48:33',NULL),(514,'2020-07-02 06:48:33',NULL),(515,'2020-07-02 06:48:33',NULL),(516,'2020-07-02 06:48:33',NULL),(517,'2020-07-02 06:48:33',NULL),(518,'2020-07-02 06:48:33',NULL),(519,'2020-07-02 06:48:33',NULL),(520,'2020-07-02 06:48:33',NULL),(521,'2020-07-02 06:48:33',NULL),(522,'2020-07-02 06:48:33',NULL),(523,'2020-07-02 06:48:34',NULL),(524,'2020-07-02 06:48:34',NULL),(525,'2020-07-02 06:48:34',NULL),(526,'2020-07-02 06:48:34',NULL),(527,'2020-07-02 06:48:34',NULL),(528,'2020-07-02 06:48:34',NULL),(529,'2020-07-02 06:48:34',NULL),(530,'2020-07-02 06:48:34',NULL),(531,'2020-07-02 06:48:34',NULL),(532,'2020-07-02 06:48:34',NULL),(533,'2020-07-02 06:48:34',NULL),(534,'2020-07-02 06:48:34',NULL),(535,'2020-07-02 06:48:34',NULL),(536,'2020-07-02 06:48:34',NULL),(537,'2020-07-02 06:48:34',NULL),(538,'2020-07-02 06:48:34',NULL),(539,'2020-07-02 06:48:34',NULL),(540,'2020-07-02 06:48:34',NULL),(541,'2020-07-02 06:48:34',NULL),(542,'2020-07-02 06:48:34',NULL),(543,'2020-07-02 06:48:34',NULL),(544,'2020-07-02 06:48:34',NULL),(545,'2020-07-02 06:48:34',NULL),(546,'2020-07-02 06:48:34',NULL),(547,'2020-07-02 06:48:34',NULL),(548,'2020-07-02 06:48:34',NULL),(549,'2020-07-02 06:48:34',NULL),(550,'2020-07-02 06:48:34',NULL),(551,'2020-07-02 06:48:34',NULL),(552,'2020-07-02 06:48:34',NULL),(553,'2020-07-02 06:48:35',NULL),(554,'2020-07-02 06:48:35',NULL),(555,'2020-07-02 06:48:35',NULL),(556,'2020-07-02 06:48:35',NULL),(557,'2020-07-02 06:48:35',NULL),(558,'2020-07-02 06:48:35',NULL),(559,'2020-07-02 06:48:35',NULL),(560,'2020-07-02 06:48:35',NULL),(561,'2020-07-02 06:48:35',NULL),(562,'2020-07-02 06:48:35',NULL),(563,'2020-07-02 06:48:35',NULL),(564,'2020-07-02 06:48:35',NULL),(565,'2020-07-02 06:48:35',NULL),(566,'2020-07-02 06:48:35',NULL),(567,'2020-07-02 06:48:35',NULL),(568,'2020-07-02 06:48:35',NULL),(569,'2020-07-02 06:48:35',NULL),(570,'2020-07-02 06:48:35',NULL),(571,'2020-07-02 06:48:35',NULL),(572,'2020-07-02 06:48:35',NULL),(573,'2020-07-02 06:48:35',NULL),(574,'2020-07-02 06:48:35',NULL),(575,'2020-07-02 06:48:35',NULL),(576,'2020-07-02 06:48:35',NULL),(577,'2020-07-02 06:48:35',NULL),(578,'2020-07-02 06:48:35',NULL),(579,'2020-07-02 06:48:35',NULL),(580,'2020-07-02 06:48:35',NULL),(581,'2020-07-02 06:48:35',NULL),(582,'2020-07-02 06:48:35',NULL),(583,'2020-07-02 06:48:35',NULL),(584,'2020-07-02 06:48:36',NULL),(585,'2020-07-02 06:48:36',NULL),(586,'2020-07-02 06:48:36',NULL),(587,'2020-07-02 06:48:36',NULL),(588,'2020-07-02 06:48:36',NULL),(589,'2020-07-02 06:48:36',NULL),(590,'2020-07-02 06:48:36',NULL),(591,'2020-07-02 06:48:36',NULL),(592,'2020-07-02 06:48:36',NULL),(593,'2020-07-02 06:48:36',NULL),(594,'2020-07-02 06:48:36',NULL),(595,'2020-07-02 06:48:36',NULL),(596,'2020-07-02 06:48:36',NULL),(597,'2020-07-02 06:48:36',NULL),(598,'2020-07-02 06:48:36',NULL),(599,'2020-07-02 06:48:36',NULL),(600,'2020-07-02 06:48:36',NULL),(601,'2020-07-02 06:48:36',NULL),(602,'2020-07-02 06:48:36',NULL),(603,'2020-07-02 06:48:36',NULL),(604,'2020-07-02 06:48:36',NULL),(605,'2020-07-02 06:48:36',NULL),(606,'2020-07-02 06:48:36',NULL),(607,'2020-07-02 06:48:36',NULL),(608,'2020-07-02 06:48:36',NULL),(609,'2020-07-02 06:48:36',NULL),(610,'2020-07-02 06:48:36',NULL),(611,'2020-07-02 06:48:36',NULL),(612,'2020-07-02 06:48:36',NULL),(613,'2020-07-02 06:48:37',NULL),(614,'2020-07-02 06:48:37',NULL),(615,'2020-07-02 06:48:37',NULL),(616,'2020-07-02 06:48:37',NULL),(617,'2020-07-02 06:48:37',NULL),(618,'2020-07-02 06:48:37',NULL),(619,'2020-07-02 06:48:37',NULL),(620,'2020-07-02 06:48:37',NULL),(621,'2020-07-02 06:48:37',NULL),(622,'2020-07-02 06:48:37',NULL),(623,'2020-07-02 06:48:37',NULL),(624,'2020-07-02 06:48:37',NULL),(625,'2020-07-02 06:48:37',NULL),(626,'2020-07-02 06:48:37',NULL),(627,'2020-07-02 06:48:37',NULL),(628,'2020-07-02 06:48:37',NULL),(629,'2020-07-02 06:48:37',NULL),(630,'2020-07-02 06:48:37',NULL),(631,'2020-07-02 06:48:37',NULL),(632,'2020-07-02 06:48:37',NULL),(633,'2020-07-02 06:48:37',NULL),(634,'2020-07-02 06:48:37',NULL),(635,'2020-07-02 06:48:37',NULL),(636,'2020-07-02 06:48:37',NULL),(637,'2020-07-02 06:48:37',NULL),(638,'2020-07-02 06:48:37',NULL),(639,'2020-07-02 06:48:37',NULL),(640,'2020-07-02 06:48:37',NULL),(641,'2020-07-02 06:48:37',NULL),(642,'2020-07-02 06:48:37',NULL),(643,'2020-07-02 06:48:37',NULL),(644,'2020-07-02 06:48:37',NULL),(645,'2020-07-02 06:48:38',NULL),(646,'2020-07-02 06:48:38',NULL),(647,'2020-07-02 06:48:38',NULL),(648,'2020-07-02 06:48:38',NULL),(649,'2020-07-02 06:48:38',NULL),(650,'2020-07-02 06:48:38',NULL),(651,'2020-07-02 06:48:38',NULL),(652,'2020-07-02 06:48:38',NULL),(653,'2020-07-02 06:48:38',NULL),(654,'2020-07-02 06:48:38',NULL),(655,'2020-07-02 06:48:38',NULL),(656,'2020-07-02 06:48:38',NULL),(657,'2020-07-02 06:48:38',NULL),(658,'2020-07-02 06:48:38',NULL),(659,'2020-07-02 06:48:38',NULL),(660,'2020-07-02 06:48:38',NULL),(661,'2020-07-02 06:48:38',NULL),(662,'2020-07-02 06:48:38',NULL),(663,'2020-07-02 06:48:38',NULL),(664,'2020-07-02 06:48:38',NULL),(665,'2020-07-02 06:48:38',NULL),(666,'2020-07-02 06:48:38',NULL),(667,'2020-07-02 06:48:38',NULL),(668,'2020-07-02 06:48:38',NULL),(669,'2020-07-02 06:48:38',NULL),(670,'2020-07-02 06:48:38',NULL),(671,'2020-07-02 06:48:39',NULL),(672,'2020-07-02 06:48:39',NULL),(673,'2020-07-02 06:48:39',NULL),(674,'2020-07-02 06:48:39',NULL),(675,'2020-07-02 06:48:39',NULL),(676,'2020-07-02 06:48:39',NULL),(677,'2020-07-02 06:48:39',NULL),(678,'2020-07-02 06:48:39',NULL),(679,'2020-07-02 06:48:39',NULL),(680,'2020-07-02 06:48:39',NULL),(681,'2020-07-02 06:48:39',NULL),(682,'2020-07-02 06:48:39',NULL),(683,'2020-07-02 06:48:39',NULL),(684,'2020-07-02 06:48:39',NULL),(685,'2020-07-02 06:48:39',NULL),(686,'2020-07-02 06:48:39',NULL),(687,'2020-07-02 06:48:39',NULL),(688,'2020-07-02 06:48:39',NULL),(689,'2020-07-02 06:48:39',NULL),(690,'2020-07-02 06:48:39',NULL),(691,'2020-07-02 06:48:39',NULL),(692,'2020-07-02 06:48:39',NULL),(693,'2020-07-02 06:48:39',NULL),(694,'2020-07-02 06:48:39',NULL),(695,'2020-07-02 06:48:39',NULL),(696,'2020-07-02 06:48:39',NULL),(697,'2020-07-02 06:48:39',NULL),(698,'2020-07-02 06:48:39',NULL),(699,'2020-07-02 06:48:39',NULL),(700,'2020-07-02 06:48:39',NULL),(701,'2020-07-02 06:48:39',NULL),(702,'2020-07-02 06:48:40',NULL),(703,'2020-07-02 06:48:40',NULL),(704,'2020-07-02 06:48:40',NULL),(705,'2020-07-02 06:48:40',NULL),(706,'2020-07-02 06:48:40',NULL),(707,'2020-07-02 06:48:40',NULL),(708,'2020-07-02 06:48:40',NULL),(709,'2020-07-02 06:48:40',NULL),(710,'2020-07-02 06:48:40',NULL),(711,'2020-07-02 06:48:40',NULL),(712,'2020-07-02 06:48:40',NULL),(713,'2020-07-02 06:48:40',NULL),(714,'2020-07-02 06:48:40',NULL),(715,'2020-07-02 06:48:40',NULL),(716,'2020-07-02 06:48:40',NULL),(717,'2020-07-02 06:48:40',NULL),(718,'2020-07-02 06:48:40',NULL),(719,'2020-07-02 06:48:40',NULL),(720,'2020-07-02 06:48:40',NULL),(721,'2020-07-02 06:48:40',NULL),(722,'2020-07-02 06:48:40',NULL),(723,'2020-07-02 06:48:40',NULL),(724,'2020-07-02 06:48:40',NULL),(725,'2020-07-02 06:48:40',NULL),(726,'2020-07-02 06:48:40',NULL),(727,'2020-07-02 06:48:40',NULL),(728,'2020-07-02 06:48:40',NULL),(729,'2020-07-02 06:48:40',NULL),(730,'2020-07-02 06:48:41',NULL),(731,'2020-07-02 06:48:41',NULL),(732,'2020-07-02 06:48:41',NULL),(733,'2020-07-02 06:48:41',NULL),(734,'2020-07-02 06:48:41',NULL),(735,'2020-07-02 06:48:41',NULL),(736,'2020-07-02 06:48:41',NULL),(737,'2020-07-02 06:48:41',NULL),(738,'2020-07-02 06:48:41',NULL),(739,'2020-07-02 06:48:41',NULL),(740,'2020-07-02 06:48:41',NULL),(741,'2020-07-02 06:48:41',NULL),(742,'2020-07-02 06:48:41',NULL),(743,'2020-07-02 06:48:41',NULL),(744,'2020-07-02 06:48:41',NULL),(745,'2020-07-02 06:48:41',NULL),(746,'2020-07-02 06:48:41',NULL),(747,'2020-07-02 06:48:41',NULL),(748,'2020-07-02 06:48:41',NULL),(749,'2020-07-02 06:48:41',NULL),(750,'2020-07-02 06:48:41',NULL),(751,'2020-07-02 06:48:41',NULL),(752,'2020-07-02 06:48:41',NULL),(753,'2020-07-02 06:48:41',NULL),(754,'2020-07-02 06:48:41',NULL),(755,'2020-07-02 06:48:41',NULL),(756,'2020-07-02 06:48:41',NULL),(757,'2020-07-02 06:48:41',NULL),(758,'2020-07-02 06:48:42',NULL),(759,'2020-07-02 06:48:42',NULL),(760,'2020-07-02 06:48:42',NULL),(761,'2020-07-02 06:48:42',NULL),(762,'2020-07-02 06:48:42',NULL),(763,'2020-07-02 06:48:42',NULL),(764,'2020-07-02 06:48:42',NULL),(765,'2020-07-02 06:48:42',NULL),(766,'2020-07-02 06:48:42',NULL),(767,'2020-07-02 06:48:42',NULL),(768,'2020-07-02 06:48:42',NULL),(769,'2020-07-02 06:48:42',NULL),(770,'2020-07-02 06:48:42',NULL),(771,'2020-07-02 06:48:42',NULL),(772,'2020-07-02 06:48:42',NULL),(773,'2020-07-02 06:48:42',NULL),(774,'2020-07-02 06:48:42',NULL),(775,'2020-07-02 06:48:42',NULL),(776,'2020-07-02 06:48:42',NULL),(777,'2020-07-02 06:48:42',NULL),(778,'2020-07-02 06:48:42',NULL),(779,'2020-07-02 06:48:42',NULL),(780,'2020-07-02 06:48:42',NULL),(781,'2020-07-02 06:48:42',NULL),(782,'2020-07-02 06:48:42',NULL),(783,'2020-07-02 06:48:42',NULL),(784,'2020-07-02 06:48:42',NULL),(785,'2020-07-02 06:48:42',NULL),(786,'2020-07-02 06:48:42',NULL),(787,'2020-07-02 06:48:42',NULL),(788,'2020-07-02 06:48:43',NULL),(789,'2020-07-02 06:48:43',NULL),(790,'2020-07-02 06:48:43',NULL),(791,'2020-07-02 06:48:43',NULL),(792,'2020-07-02 06:48:43',NULL),(793,'2020-07-02 06:48:43',NULL),(794,'2020-07-02 06:48:43',NULL),(795,'2020-07-02 06:48:43',NULL),(796,'2020-07-02 06:48:43',NULL),(797,'2020-07-02 06:48:43',NULL),(798,'2020-07-02 06:48:43',NULL),(799,'2020-07-02 06:48:43',NULL),(800,'2020-07-02 06:48:43',NULL),(801,'2020-07-02 06:48:43',NULL),(802,'2020-07-02 06:48:43',NULL),(803,'2020-07-02 06:48:43',NULL),(804,'2020-07-02 06:48:43',NULL),(805,'2020-07-02 06:48:43',NULL),(806,'2020-07-02 06:48:43',NULL),(807,'2020-07-02 06:48:43',NULL),(808,'2020-07-02 06:48:43',NULL),(809,'2020-07-02 06:48:43',NULL),(810,'2020-07-02 06:48:43',NULL),(811,'2020-07-02 06:48:43',NULL),(812,'2020-07-02 06:48:43',NULL),(813,'2020-07-02 06:48:43',NULL),(814,'2020-07-02 06:48:44',NULL),(815,'2020-07-02 06:48:44',NULL),(816,'2020-07-02 06:48:44',NULL),(817,'2020-07-02 06:48:44',NULL),(818,'2020-07-02 06:48:44',NULL),(819,'2020-07-02 06:48:44',NULL),(820,'2020-07-02 06:48:44',NULL),(821,'2020-07-02 06:48:44',NULL),(822,'2020-07-02 06:48:44',NULL),(823,'2020-07-02 06:48:44',NULL),(824,'2020-07-02 06:48:44',NULL),(825,'2020-07-02 06:48:44',NULL),(826,'2020-07-02 06:48:44',NULL),(827,'2020-07-02 06:48:44',NULL),(828,'2020-07-02 06:48:44',NULL),(829,'2020-07-02 06:48:44',NULL),(830,'2020-07-02 06:48:44',NULL),(831,'2020-07-02 06:48:44',NULL),(832,'2020-07-02 06:48:44',NULL),(833,'2020-07-02 06:48:44',NULL),(834,'2020-07-02 06:48:44',NULL),(835,'2020-07-02 06:48:44',NULL),(836,'2020-07-02 06:48:44',NULL),(837,'2020-07-02 06:48:44',NULL),(838,'2020-07-02 06:48:44',NULL),(839,'2020-07-02 06:48:44',NULL),(840,'2020-07-02 06:48:44',NULL),(841,'2020-07-02 06:48:44',NULL),(842,'2020-07-02 06:48:44',NULL),(843,'2020-07-02 06:48:44',NULL),(844,'2020-07-02 06:48:44',NULL),(845,'2020-07-02 06:48:44',NULL),(846,'2020-07-02 06:48:44',NULL),(847,'2020-07-02 06:48:45',NULL),(848,'2020-07-02 06:48:45',NULL),(849,'2020-07-02 06:48:45',NULL),(850,'2020-07-02 06:48:45',NULL),(851,'2020-07-02 06:48:45',NULL),(852,'2020-07-02 06:48:45',NULL),(853,'2020-07-02 06:48:45',NULL),(854,'2020-07-02 06:48:45',NULL),(855,'2020-07-02 06:48:45',NULL),(856,'2020-07-02 06:48:45',NULL),(857,'2020-07-02 06:48:45',NULL),(858,'2020-07-02 06:48:45',NULL),(859,'2020-07-02 06:48:45',NULL),(860,'2020-07-02 06:48:45',NULL),(861,'2020-07-02 06:48:45',NULL),(862,'2020-07-02 06:48:45',NULL),(863,'2020-07-02 06:48:45',NULL),(864,'2020-07-02 06:48:45',NULL),(865,'2020-07-02 06:48:45',NULL),(866,'2020-07-02 06:48:45',NULL),(867,'2020-07-02 06:48:45',NULL),(868,'2020-07-02 06:48:45',NULL),(869,'2020-07-02 06:48:45',NULL),(870,'2020-07-02 06:48:45',NULL),(871,'2020-07-02 06:48:45',NULL),(872,'2020-07-02 06:48:45',NULL),(873,'2020-07-02 06:48:45',NULL),(874,'2020-07-02 06:48:45',NULL),(875,'2020-07-02 06:48:46',NULL),(876,'2020-07-02 06:48:46',NULL),(877,'2020-07-02 06:48:46',NULL),(878,'2020-07-02 06:48:46',NULL),(879,'2020-07-02 06:48:46',NULL),(880,'2020-07-02 06:48:46',NULL),(881,'2020-07-02 06:48:46',NULL),(882,'2020-07-02 06:48:46',NULL),(883,'2020-07-02 06:48:46',NULL),(884,'2020-07-02 06:48:46',NULL),(885,'2020-07-02 06:48:46',NULL),(886,'2020-07-02 06:48:46',NULL),(887,'2020-07-02 06:48:46',NULL),(888,'2020-07-02 06:48:46',NULL),(889,'2020-07-02 06:48:46',NULL),(890,'2020-07-02 06:48:46',NULL),(891,'2020-07-02 06:48:46',NULL),(892,'2020-07-02 06:48:46',NULL),(893,'2020-07-02 06:48:46',NULL),(894,'2020-07-02 06:48:46',NULL),(895,'2020-07-02 06:48:46',NULL),(896,'2020-07-02 06:48:46',NULL),(897,'2020-07-02 06:48:46',NULL),(898,'2020-07-02 06:48:46',NULL),(899,'2020-07-02 06:48:46',NULL),(900,'2020-07-02 06:48:46',NULL),(901,'2020-07-02 06:48:46',NULL),(902,'2020-07-02 06:48:46',NULL),(903,'2020-07-02 06:48:46',NULL),(904,'2020-07-02 06:48:46',NULL),(905,'2020-07-02 06:48:46',NULL),(906,'2020-07-02 06:48:46',NULL),(907,'2020-07-02 06:48:47',NULL),(908,'2020-07-02 06:48:47',NULL),(909,'2020-07-02 06:48:47',NULL),(910,'2020-07-02 06:48:47',NULL),(911,'2020-07-02 06:48:47',NULL),(912,'2020-07-02 06:48:47',NULL),(913,'2020-07-02 06:48:47',NULL),(914,'2020-07-02 06:48:47',NULL),(915,'2020-07-02 06:48:47',NULL),(916,'2020-07-02 06:48:47',NULL),(917,'2020-07-02 06:48:47',NULL),(918,'2020-07-02 06:48:47',NULL),(919,'2020-07-02 06:48:47',NULL),(920,'2020-07-02 06:48:47',NULL),(921,'2020-07-02 06:48:47',NULL),(922,'2020-07-02 06:48:47',NULL),(923,'2020-07-02 06:48:47',NULL),(924,'2020-07-02 06:48:47',NULL),(925,'2020-07-02 06:48:47',NULL),(926,'2020-07-02 06:48:47',NULL),(927,'2020-07-02 06:48:47',NULL),(928,'2020-07-02 06:48:47',NULL),(929,'2020-07-02 06:48:47',NULL),(930,'2020-07-02 06:48:47',NULL),(931,'2020-07-02 06:48:47',NULL),(932,'2020-07-02 06:48:47',NULL),(933,'2020-07-02 06:48:47',NULL),(934,'2020-07-02 06:48:47',NULL),(935,'2020-07-02 06:48:48',NULL),(936,'2020-07-02 06:48:48',NULL),(937,'2020-07-02 06:48:48',NULL),(938,'2020-07-02 06:48:48',NULL),(939,'2020-07-02 06:48:48',NULL),(940,'2020-07-02 06:48:48',NULL),(941,'2020-07-02 06:48:48',NULL),(942,'2020-07-02 06:48:48',NULL),(943,'2020-07-02 06:48:48',NULL),(944,'2020-07-02 06:48:48',NULL),(945,'2020-07-02 06:48:48',NULL),(946,'2020-07-02 06:48:48',NULL),(947,'2020-07-02 06:48:48',NULL),(948,'2020-07-02 06:48:48',NULL),(949,'2020-07-02 06:48:48',NULL),(950,'2020-07-02 06:48:48',NULL),(951,'2020-07-02 06:48:48',NULL),(952,'2020-07-02 06:48:48',NULL),(953,'2020-07-02 06:48:48',NULL),(954,'2020-07-02 06:48:48',NULL),(955,'2020-07-02 06:48:48',NULL),(956,'2020-07-02 06:48:48',NULL),(957,'2020-07-02 06:48:48',NULL),(958,'2020-07-02 06:48:48',NULL),(959,'2020-07-02 06:48:48',NULL),(960,'2020-07-02 06:48:48',NULL),(961,'2020-07-02 06:48:48',NULL),(962,'2020-07-02 06:48:48',NULL),(963,'2020-07-02 06:48:48',NULL),(964,'2020-07-02 06:48:48',NULL),(965,'2020-07-02 06:48:48',NULL),(966,'2020-07-02 06:48:48',NULL),(967,'2020-07-02 06:48:48',NULL),(968,'2020-07-02 06:48:49',NULL),(969,'2020-07-02 06:48:49',NULL),(970,'2020-07-02 06:48:49',NULL),(971,'2020-07-02 06:48:49',NULL),(972,'2020-07-02 06:48:49',NULL),(973,'2020-07-02 06:48:49',NULL),(974,'2020-07-02 06:48:49',NULL),(975,'2020-07-02 06:48:49',NULL),(976,'2020-07-02 06:48:49',NULL),(977,'2020-07-02 06:48:49',NULL),(978,'2020-07-02 06:48:49',NULL),(979,'2020-07-02 06:48:49',NULL),(980,'2020-07-02 06:48:49',NULL),(981,'2020-07-02 06:48:49',NULL),(982,'2020-07-02 06:48:49',NULL),(983,'2020-07-02 06:48:49',NULL),(984,'2020-07-02 06:48:49',NULL),(985,'2020-07-02 06:48:49',NULL),(986,'2020-07-02 06:48:49',NULL),(987,'2020-07-02 06:48:49',NULL),(988,'2020-07-02 06:48:49',NULL),(989,'2020-07-02 06:48:49',NULL),(990,'2020-07-02 06:48:49',NULL),(991,'2020-07-02 06:48:49',NULL),(992,'2020-07-02 06:48:49',NULL),(993,'2020-07-02 06:48:49',NULL),(994,'2020-07-02 06:48:50',NULL),(995,'2020-07-02 06:48:50',NULL),(996,'2020-07-02 06:48:50',NULL),(997,'2020-07-02 06:48:50',NULL),(998,'2020-07-02 06:48:50',NULL),(999,'2020-07-02 06:48:50',NULL),(1000,'2020-07-02 06:48:50',NULL),(1001,'2020-07-03 01:19:14',NULL),(1002,'2020-07-03 01:19:14',NULL),(1003,'2020-07-03 01:19:14',NULL),(1004,'2020-07-03 01:19:14',NULL),(1005,'2020-07-03 01:19:14',NULL),(1006,'2020-07-03 01:19:14',NULL),(1007,'2020-07-03 01:19:14','2020-07-03 02:40:18'),(1008,'2020-07-03 01:19:14','2020-07-03 02:40:18'),(1009,'2020-07-03 01:19:14','2020-07-03 02:19:28'),(1010,'2020-07-03 01:19:14','2020-07-03 02:04:15'),(1011,'2020-07-03 01:55:09','2020-07-03 01:56:41'),(1012,'2020-07-03 02:03:23',NULL),(1013,'2020-07-03 02:18:33','2020-07-03 02:20:20'),(1014,'2020-07-03 02:40:11',NULL);
/*!40000 ALTER TABLE `handling_times` ENABLE KEYS */;
UNLOCK TABLES;
DROP TABLE IF EXISTS `migrations`;
/*!40101 SET @saved_cs_client     = @@character_set_client */;
/*!40101 SET character_set_client = utf8 */;
CREATE TABLE `migrations` (
  `id` int(10) unsigned NOT NULL AUTO_INCREMENT,
  `migration` varchar(255) COLLATE utf8mb4_unicode_ci NOT NULL,
  `batch` int(11) NOT NULL,
  PRIMARY KEY (`id`)
) ENGINE=InnoDB AUTO_INCREMENT=271 DEFAULT CHARSET=utf8mb4 COLLATE=utf8mb4_unicode_ci;
/*!40101 SET character_set_client = @saved_cs_client */;

LOCK TABLES `migrations` WRITE;
/*!40000 ALTER TABLE `migrations` DISABLE KEYS */;
INSERT INTO `migrations` VALUES (244,'2014_10_12_000000_create_users_table',1),(245,'2019_11_13_133216_create_rols_table',1),(246,'2019_11_13_133852_add_rol_id_to_users',1),(247,'2020_01_03_003809_create_visitors_table',1),(248,'2020_01_03_003934_create_handling_times_table',1),(249,'2020_01_03_004159_create_tickets_table',1),(250,'2020_01_03_004343_create_floors_table',1),(251,'2020_01_03_010044_create_sectors_table',1),(252,'2020_01_03_010152_create_zones_table',1),(253,'2020_01_03_020051_add_user_id_to_visitors_table',1),(254,'2020_01_22_233258_create_directions_table',1),(255,'2020_01_22_233748_add_floor_id_to_directions_table',1),(256,'2020_01_22_233901_add_zone_id_to_directions_table',1),(257,'2020_01_22_233952_add_sector_id_to_directions_table',1),(258,'2020_01_23_120016_add_handling_time_id_to_visitors_table',1),(259,'2020_01_29_092758_add_dependeci_to_directions_table',1),(260,'2020_02_10_032530_create_password_recovers_table',1),(261,'2020_05_13_233552_create_bitacores_table',1),(262,'2020_05_13_233637_add_user_id_to_bitacores_table',1),(263,'2020_05_17_155438_create_actions_table',1),(264,'2020_05_26_215629_create_direction_tickets_table',1),(265,'2020_05_26_215732_add_direction_id_to_direction_tickets_table',1),(266,'2020_05_26_220420_add_ticket_id_to_direction_tickets_table',1),(267,'2020_05_26_220827_add_action_id_to_bitacores_table',1),(268,'2020_06_06_225204_add_direction_ticket_id_to_visitors_table',1),(269,'2020_06_22_051955_add_sign_to_users_table',1),(270,'2020_06_23_210311_create_sistems_table',1);
/*!40000 ALTER TABLE `migrations` ENABLE KEYS */;
UNLOCK TABLES;
DROP TABLE IF EXISTS `password_recovers`;
/*!40101 SET @saved_cs_client     = @@character_set_client */;
/*!40101 SET character_set_client = utf8 */;
CREATE TABLE `password_recovers` (
  `id` bigint(20) unsigned NOT NULL AUTO_INCREMENT,
  `email` varchar(255) COLLATE utf8mb4_unicode_ci NOT NULL,
  `token` varchar(255) COLLATE utf8mb4_unicode_ci NOT NULL,
  `created_at` timestamp NULL DEFAULT NULL,
  `updated_at` timestamp NULL DEFAULT NULL,
  PRIMARY KEY (`id`),
  KEY `password_recovers_email_index` (`email`)
) ENGINE=InnoDB DEFAULT CHARSET=utf8mb4 COLLATE=utf8mb4_unicode_ci;
/*!40101 SET character_set_client = @saved_cs_client */;

LOCK TABLES `password_recovers` WRITE;
/*!40000 ALTER TABLE `password_recovers` DISABLE KEYS */;
/*!40000 ALTER TABLE `password_recovers` ENABLE KEYS */;
UNLOCK TABLES;
DROP TABLE IF EXISTS `rols`;
/*!40101 SET @saved_cs_client     = @@character_set_client */;
/*!40101 SET character_set_client = utf8 */;
CREATE TABLE `rols` (
  `id` bigint(20) unsigned NOT NULL AUTO_INCREMENT,
  `rol` varchar(255) COLLATE utf8mb4_unicode_ci NOT NULL,
  PRIMARY KEY (`id`)
) ENGINE=InnoDB AUTO_INCREMENT=5 DEFAULT CHARSET=utf8mb4 COLLATE=utf8mb4_unicode_ci;
/*!40101 SET character_set_client = @saved_cs_client */;

LOCK TABLES `rols` WRITE;
/*!40000 ALTER TABLE `rols` DISABLE KEYS */;
INSERT INTO `rols` VALUES (1,'Super Admin'),(2,'Admin'),(3,'visitante'),(4,'Jefe de Zona');
/*!40000 ALTER TABLE `rols` ENABLE KEYS */;
UNLOCK TABLES;
DROP TABLE IF EXISTS `sectors`;
/*!40101 SET @saved_cs_client     = @@character_set_client */;
/*!40101 SET character_set_client = utf8 */;
CREATE TABLE `sectors` (
  `id` bigint(20) unsigned NOT NULL AUTO_INCREMENT,
  `sector` varchar(255) COLLATE utf8mb4_unicode_ci NOT NULL,
  `letter_code` varchar(255) COLLATE utf8mb4_unicode_ci NOT NULL,
  PRIMARY KEY (`id`)
) ENGINE=InnoDB AUTO_INCREMENT=46 DEFAULT CHARSET=utf8mb4 COLLATE=utf8mb4_unicode_ci;
/*!40101 SET character_set_client = @saved_cs_client */;

LOCK TABLES `sectors` WRITE;
/*!40000 ALTER TABLE `sectors` DISABLE KEYS */;
INSERT INTO `sectors` VALUES (1,'Atención al Ciudadano','a'),(2,'División de Educación Niños, Niñas y Población con Necesidades Educativas\nEspeciales','b'),(3,'Seguridad Social/SISME','c'),(4,'División de Supervisión','a'),(5,'Coordinación de Registro Control de Estudio','b'),(6,'Coordinación de Planteles Privados','c'),(7,'Coordinación de Municipios Escolares','d'),(8,'Archivo y Tipeo','e'),(9,'División de Gestión Interna','a'),(10,'Coordinación de Gestión Humana','b'),(11,'Oficina de Gremiales, Reposo, Vacaciones y Suplencias','c'),(12,'Oficina de Permisos y Área Social','d'),(13,'Analistas de Gestión Humana','d'),(14,'División de Adolescentes, Jóvenes y Población Adulta','a'),(15,'Auditoria Interna','b'),(16,'Coordinación de Media Técnica','c'),(17,'Coordinación de Media General','d'),(18,'Coordinación Modalidad Adultos','e'),(19,'Coordinación de Educación Física y Recreación','f'),(20,'División de Comunidades Educativas y Unión con el Pueblo','a'),(21,'Coordinación de Administración','b'),(22,'Oficina de Planificación y Presupuesto','c'),(23,'Coordinación de Defensoría y Orientación Educativa','d'),(24,'Oficina OPSU','e'),(25,'Coordinación de Participación Estudiantil','f'),(26,'Coordinación del Programa Todas las Manos a la Siembra','g'),(27,'Centro de Reproducción, Impresión y Copiado','h'),(28,'Despacho','a'),(29,'Asistente del Despacho','b'),(30,'Sala Situacional','c'),(31,'Sala Video Conferencia','a'),(32,'FUNDABIT','b'),(33,'Informática','c'),(34,'Prensa','d'),(35,'División de Instalaciones y Logística','a'),(36,'Coordinación de Seguridad','b'),(37,'Coordinación de Instalaciones','c'),(38,'Coordinación de Logística','d'),(39,'Coordinación de Protección Socio-Económica y Salud','e'),(40,'Coordinación de Cultura','e'),(41,'Archivo','a'),(42,'Coordinación de Consultoría Jurídica','a'),(43,'División de Investigación y Formación Docente','b'),(44,'Oficina de Misión Robinson','a'),(45,'Archivo de Auditoria Interna','b');
/*!40000 ALTER TABLE `sectors` ENABLE KEYS */;
UNLOCK TABLES;
DROP TABLE IF EXISTS `sistems`;
/*!40101 SET @saved_cs_client     = @@character_set_client */;
/*!40101 SET character_set_client = utf8 */;
CREATE TABLE `sistems` (
  `id` bigint(20) unsigned NOT NULL AUTO_INCREMENT,
  `copy` varchar(255) COLLATE utf8mb4_unicode_ci NOT NULL,
  PRIMARY KEY (`id`)
) ENGINE=InnoDB AUTO_INCREMENT=13 DEFAULT CHARSET=utf8mb4 COLLATE=utf8mb4_unicode_ci;
/*!40101 SET character_set_client = @saved_cs_client */;

LOCK TABLES `sistems` WRITE;
/*!40000 ALTER TABLE `sistems` DISABLE KEYS */;
INSERT INTO `sistems` VALUES (11,'securitycopy2020-07-02 01:11:34'),(12,'securitycopy2020-07-02 02:25:19');
/*!40000 ALTER TABLE `sistems` ENABLE KEYS */;
UNLOCK TABLES;
DROP TABLE IF EXISTS `tickets`;
/*!40101 SET @saved_cs_client     = @@character_set_client */;
/*!40101 SET character_set_client = utf8 */;
CREATE TABLE `tickets` (
  `id` bigint(20) unsigned NOT NULL AUTO_INCREMENT,
  `ticket` varchar(255) COLLATE utf8mb4_unicode_ci NOT NULL,
  PRIMARY KEY (`id`)
) ENGINE=InnoDB AUTO_INCREMENT=4 DEFAULT CHARSET=utf8mb4 COLLATE=utf8mb4_unicode_ci;
/*!40101 SET character_set_client = @saved_cs_client */;

LOCK TABLES `tickets` WRITE;
/*!40000 ALTER TABLE `tickets` DISABLE KEYS */;
INSERT INTO `tickets` VALUES (1,'visitante'),(2,'provisional'),(3,'video conferencia');
/*!40000 ALTER TABLE `tickets` ENABLE KEYS */;
UNLOCK TABLES;
DROP TABLE IF EXISTS `users`;
/*!40101 SET @saved_cs_client     = @@character_set_client */;
/*!40101 SET character_set_client = utf8 */;
CREATE TABLE `users` (
  `id` bigint(20) unsigned NOT NULL AUTO_INCREMENT,
  `first_name` varchar(255) COLLATE utf8mb4_unicode_ci DEFAULT NULL,
  `last_name` varchar(255) COLLATE utf8mb4_unicode_ci DEFAULT NULL,
  `identification_card` varchar(255) COLLATE utf8mb4_unicode_ci DEFAULT NULL,
  `email` varchar(255) COLLATE utf8mb4_unicode_ci DEFAULT NULL,
  `phone` varchar(255) COLLATE utf8mb4_unicode_ci DEFAULT NULL,
  `picture` varchar(255) COLLATE utf8mb4_unicode_ci DEFAULT NULL,
  `password` varchar(255) COLLATE utf8mb4_unicode_ci DEFAULT NULL,
  `remember_token` varchar(100) COLLATE utf8mb4_unicode_ci DEFAULT NULL,
  `rol_id` bigint(20) unsigned DEFAULT NULL,
  `sign` varchar(255) COLLATE utf8mb4_unicode_ci DEFAULT NULL,
  PRIMARY KEY (`id`),
  UNIQUE KEY `users_identification_card_unique` (`identification_card`),
  UNIQUE KEY `users_email_unique` (`email`),
  KEY `users_rol_id_foreign` (`rol_id`),
  CONSTRAINT `users_rol_id_foreign` FOREIGN KEY (`rol_id`) REFERENCES `rols` (`id`) ON DELETE CASCADE
) ENGINE=InnoDB AUTO_INCREMENT=40 DEFAULT CHARSET=utf8mb4 COLLATE=utf8mb4_unicode_ci;
/*!40101 SET character_set_client = @saved_cs_client */;

LOCK TABLES `users` WRITE;
/*!40000 ALTER TABLE `users` DISABLE KEYS */;
INSERT INTO `users` VALUES (1,'Gabriel Antonio','Viloria Aparicio','27167028','gabriel.viloria0812@gmail.com','04149017184','vilo.jpg','$2y$10$jvpah9dU7KGkMvRPQPlWP.rEQPGK9LzT2ty9Yq8otl6YQjE/E8swq',NULL,1,'sign.jpg'),(2,'Miguels','Zarajoso','29856120','miguelzarajosa1234@gmail.com','04129017184','1.jpg','$2y$10$iH1hZzVTC49289GNC12FGezW9xyKQJ2oTYtIM3k/PB12a.XgAG0K6',NULL,2,'sign_miguel.jpg'),(3,'Joaquin','Torphy','8883868','ymiller@example.com','4187279','default.jpg','$2y$10$SoPIf85E0aXrDuNmehqKJuZAR01s9SPWfmRyovVxFH3zoCKni2wiy',NULL,3,NULL),(4,'Melvin','Gusikowski','9599901','olemke@example.com','6743751','default.jpg','$2y$10$LOf.j.nWp3iFZhZoRZNVp.zyscKqcgaMsDms70WhLHvBY2H2CV6jG',NULL,3,NULL),(5,'Harley','Turner','1668717','collins.alyson@example.com','9879251','gaby.jpg','$2y$10$sJiwq1BZ/AMOTRWcwggE8.tnYP7b..V1nMqTh.a5JC1nriesPfzli',NULL,2,NULL),(6,'Myrtie','Parker','3884388','rolando48@example.org','1218053','default.jpg','$2y$10$IF43XXa.v7KQKtx48VKDk.4JmO9ecyU1fHSRNdy7mM6RecIPuzBTu',NULL,3,NULL),(7,'Kiarra','Olson','7825308','marks.polly@example.com','5616441','default.jpg','$2y$10$HhbtmcjlPZGPj4xQvxjwXOOIbPTZoREkbHYRwEm31WfWs24EBEKk2',NULL,4,NULL),(8,'Helena','Grimes','887515','durgan.amie@example.net','260485','default.jpg','$2y$10$a.SE55zUccceyMTSXPgxVerHH7FDNlYBiIvfD6HOwhxrCiZoRDxbe',NULL,4,NULL),(9,'Cyrus','Tremblay','8183481','rhea.kohler@example.org','2199602','default.jpg','$2y$10$Oc6CEliakyUel27gsT28NOhdcYYOOKOm6sLhv3J.tFIXg8YEDFo4u',NULL,4,NULL),(10,'Minerva','Feest','6902858','wbruen@example.net','2804156','default.jpg','$2y$10$f.Kv.aEIGXga6rVwQTHW9uKFGcpehPNdhVG5KP73l4uco7u3CWmxi',NULL,3,NULL),(11,'Nicolette','Hermiston','4334906','elijah.howell@example.com','4219801','default.jpg','$2y$10$/joag5vwGLQIuZJF/v0hT.2JT8XN/e2RyEPdFOSZ3Sz6CZ/t09Xte',NULL,3,NULL),(12,'Justus','Mann','2579795','lockman.melody@example.org','8551453','default.jpg','$2y$10$D8HL38nhZ7DYbFa9C/rnvu0kbuJbD0F2AVD08UsMqerOw7mMiJsLC',NULL,4,NULL),(13,'Burdette','Harber','7341196','hhudson@example.org','113248','miguel.jpg','$2y$10$Eo8CWHfsI3EzVMadtWKBg.VEc0pttKFFonIszu1X/BS99EMvWad.e',NULL,2,NULL),(14,'Vincent','Pagac','3205328','ograham@example.net','8288292','default.jpg','$2y$10$7WA.zgxa6VA0JlkfBXcVweMLHvf.4Ui8sAHdwfcenc0jqEeRc5XNO',NULL,3,NULL),(15,'General','Donnelly','1699456','elegros@example.net','5435328','pedro.jpg','$2y$10$j9me1VKPt.wO/eJKEsGWAeAlAE5z8NhQuAzoFe3zk9cIk8rK6/NdS',NULL,2,NULL),(16,'Janessa','Kessler','5635556','mpagac@example.net','1804392','default.jpg','$2y$10$nUTd7hqzZIi7/OOmnd8qk.rjw6OVTuMZjYGOYerI0B71EM5dyt.6K',NULL,4,NULL),(17,'Tyrell','Streich','1611240','genesis20@example.com','8361774','default.jpg','$2y$10$Qjh4GdgymxeDYF6iuGIGquNqm.4I1WQgfuBjq5fWruLJu1PPPHgky',NULL,3,NULL),(18,'Dedrick','Fahey','3505635','jewel09@example.net','1301697','default.jpg','$2y$10$sUO9z7mqA07yDZh8cQb7Yu9AAUTp7yY7FT519oNZ9OUwAmQQ8f3ae',NULL,4,NULL),(19,'Jace','Vandervort','5098744','noemie.okeefe@example.net','3452315','default.jpg','$2y$10$EveJsAdUkl8ihljaqEnW8uA6/xTRv/sanXar4sr9NntiiNuw5iPPS',NULL,3,NULL),(20,'Ruth','Blick','4719261','macejkovic.maryam@example.org','6357553','default.jpg','$2y$10$i.xN1CgFbFTNA5W5bX0.AeB8cg4P921xuDZPlu4ed9S069FH8MwqC',NULL,3,NULL),(21,'Fannie','Walter','1718491','kyler.swift@example.com','1286150','default.jpg','$2y$10$HyHNDFZRBlgww..SRpdnT.0a7Cj3VZI9p.1BkjBydnnbYGUHLDjf6',NULL,4,NULL),(22,'Lorena','Huels','8400065','orion99@example.org','7435526','default.jpg','$2y$10$zE49L.aPGxOSz1blp25l0emW93.4Onzdv9REUS7pRGxLQk5QR7ANq',NULL,3,NULL),(23,'jeison','Azuaje','25986541','jeisonazuaje0812@gmail.com','04149017184','5.jpg','$2y$10$oCotC3iHTnSSUgQQxirL/.ntSHzPNX7dolvqIjsACKn2nwSG6elpy',NULL,2,'sign.jpg'),(26,'Ana','Nelsen','25987412','ananelsen12345@gmail.com','04149017187','3.jpg','$2y$10$mjA2Sy.5.RFwthTFSE9.EO2h7kUSwGiAAED2hOVcB31QwiOdefPEO',NULL,2,NULL),(27,'Nathalia','Martines','23659871','nathalia0812@gmail.com','04149017184','4.jpg','$2y$10$k72eW9.rw9Dba8YvK9ZKEO5xjQovUvYNLMzhj9cLXDEONlICyplba',NULL,2,NULL),(28,'Rebeca','Cisnero','29856412','rebeca_cisnero0812@gmail.com','04149017184','6.jpg','$2y$10$sNwt1TbE7Rp1C8VmssQliubGPfm1p9WXUHooX7N8RL1AQkoUWYU0C',NULL,2,NULL),(29,'Linda','Bello','21021201','lindayourname0812@gmail.com','04149017184','7.jpg','$2y$10$THYyJdA7/T/GeDjvv3/wGOkEmo/AFhmKvdliyXsfzxHCDAClX85qi',NULL,2,NULL),(30,'Gisell','Aparicio','23541263','gisell_aparicio0812@gmail.com','04149017184','8.jpg','$2y$10$bbD5v/cjlEdOizu.5aFuge/Jr0lHiJhr.8bOv9u.Tetx3pjUK2l2O',NULL,2,NULL),(34,'jose','perez','26133224','joseperez1234@gmail.com','04149017164',NULL,NULL,NULL,3,NULL),(35,'juanito','Bello','27028777','ciclonsoft@gmail.com','04149017184','default.jpg','$2y$10$hUb1exZhoUe5d/IuVsmCvOGDk7cof4j02m.ZVIlS9RhRONB5FN7Be',NULL,2,NULL),(39,'gabriel','antonio','27820777','supervilo0812@gmail.com','04149018474','default.jpg','$2y$10$LYRu3Ncl/K2wNmga/vg8SOZdKfTxv2nifNjDbAw0ABIbq7x5GYprm',NULL,4,NULL);
/*!40000 ALTER TABLE `users` ENABLE KEYS */;
UNLOCK TABLES;
DROP TABLE IF EXISTS `visitors`;
/*!40101 SET @saved_cs_client     = @@character_set_client */;
/*!40101 SET character_set_client = utf8 */;
CREATE TABLE `visitors` (
  `id` bigint(20) unsigned NOT NULL AUTO_INCREMENT,
  `user_id` bigint(20) unsigned DEFAULT NULL,
  `handling_time_id` bigint(20) unsigned DEFAULT NULL,
  `direction_ticket_id` bigint(20) unsigned DEFAULT NULL,
  `provenance` varchar(255) COLLATE utf8mb4_unicode_ci DEFAULT NULL,
  `belongings` varchar(255) COLLATE utf8mb4_unicode_ci DEFAULT NULL,
  `observation` text COLLATE utf8mb4_unicode_ci DEFAULT NULL,
  `code` varchar(255) COLLATE utf8mb4_unicode_ci DEFAULT NULL,
  PRIMARY KEY (`id`),
  KEY `visitors_user_id_foreign` (`user_id`),
  KEY `visitors_handling_time_id_foreign` (`handling_time_id`),
  KEY `visitors_direction_ticket_id_foreign` (`direction_ticket_id`),
  CONSTRAINT `visitors_direction_ticket_id_foreign` FOREIGN KEY (`direction_ticket_id`) REFERENCES `direction_tickets` (`id`) ON DELETE CASCADE,
  CONSTRAINT `visitors_handling_time_id_foreign` FOREIGN KEY (`handling_time_id`) REFERENCES `handling_times` (`id`) ON DELETE CASCADE,
  CONSTRAINT `visitors_user_id_foreign` FOREIGN KEY (`user_id`) REFERENCES `users` (`id`) ON DELETE CASCADE
) ENGINE=InnoDB AUTO_INCREMENT=15 DEFAULT CHARSET=utf8mb4 COLLATE=utf8mb4_unicode_ci;
/*!40101 SET character_set_client = @saved_cs_client */;

LOCK TABLES `visitors` WRITE;
/*!40000 ALTER TABLE `visitors` DISABLE KEYS */;
INSERT INTO `visitors` VALUES (1,16,1001,104,'63759 Harry Shoals\nWest Martinemouth, WV 43694-2261','','Sit rerum sit et voluptatem. Corporis dolor non perferendis eius qui.','5635556-iuf3sc3kl67b99x1mqt1'),(2,16,1002,66,'1951 Harris Spur Apt. 761\nCristfort, MD 05660','','Et est consequatur sit ut voluptatem aut praesentium. Et optio fuga et ea soluta est possimus. Eaque aperiam dolores nihil sunt.','5635556-9m1uqb1bga6xohmf052p'),(3,2,1003,64,'5996 Timmothy Heights Apt. 661\nWernerfurt, MA 75570-2621','','Quis molestiae debitis placeat occaecati. Saepe quia vero quo et similique ut recusandae. Ab saepe quo libero impedit. Dolor a quia porro qui.','26666666-hyvwldriivthq6ievc0g'),(4,8,1004,29,'35828 West Terrace Suite 857\nAntoninashire, CT 69732-6200','','Quisquam quis eveniet voluptatem voluptas molestiae quas. Rerum qui sint nesciunt omnis velit enim laborum. Error voluptatibus expedita et veniam et enim. Autem et unde aut est architecto est. Ut voluptatem fugit et pariatur consectetur ratione molestiae voluptate.','887515-qfwl6y28uaqi9gbn20l4'),(5,3,1005,46,'58267 Montana Meadows Suite 072\nReinholdton, NV 07703-9120','','Autem deserunt hic molestiae nihil id modi amet. Voluptates sapiente corporis esse accusantium voluptas alias minus. Est adipisci incidunt placeat ratione est corporis est velit.','8883868-swp1u5jx9hbeun1al6f6'),(6,15,1006,70,'19628 Watsica Fields\nLilianamouth, NE 77161-0352','','Sit ad et voluptatem qui debitis reprehenderit veniam. Doloribus sint sed perferendis omnis. Nihil dolorem recusandae dignissimos deserunt amet deleniti alias. Repellendus aut vel illo a voluptates.','1699456-hkhdszxdptq62tu6g0tt'),(7,19,1007,123,'365 Kuvalis Brook Apt. 720\nSierrabury, OK 83889','','Et corporis et consequatur est nihil. Delectus dolorum libero voluptatum voluptas vel esse laborum quas.','5098744-q3marxhr8detf3hbjida'),(8,12,1008,12,'6511 Buckridge Crossroad Apt. 628\nMatildemouth, ID 93683','','Harum libero expedita id suscipit quia magnam hic. Enim non repellat qui voluptas. Optio dolorem labore exercitationem suscipit. Sit quisquam nemo voluptates autem dolore ullam odio.','2579795-jaintq5h2xw7u4oqlbzv'),(9,15,1009,56,'91867 Jensen Road Suite 451\nNikkiborough, MD 00431-7263','','Facilis itaque accusamus iure tenetur consequatur possimus. Eveniet voluptatem qui enim ea quo placeat explicabo. Eligendi asperiores adipisci ea cumque explicabo perspiciatis nihil.','1699456-0ykr6texlrif5fmxk1ej'),(10,3,1010,7,'30007 Hilpert Plaza Apt. 003\nEast Garrison, MS 03109','','Eum eos molestiae architecto reprehenderit quaerat tempore voluptas. Architecto nam non rerum qui voluptatem et fugit. Nostrum officia autem repudiandae ea similique. Nihil et ipsum odio incidunt.','8883868-73ttu05f4srx7r6hnfyp'),(13,34,1013,1,NULL,'portafolios importante','solicitar una información','26133224-jaepozxstht6n0ifijjd'),(14,34,1014,1,NULL,NULL,'visita','26133224-jaepozxstht6n0ifijjd');
/*!40000 ALTER TABLE `visitors` ENABLE KEYS */;
UNLOCK TABLES;
DROP TABLE IF EXISTS `zones`;
/*!40101 SET @saved_cs_client     = @@character_set_client */;
/*!40101 SET character_set_client = utf8 */;
CREATE TABLE `zones` (
  `id` bigint(20) unsigned NOT NULL AUTO_INCREMENT,
  `zone` varchar(255) COLLATE utf8mb4_unicode_ci NOT NULL,
  PRIMARY KEY (`id`)
) ENGINE=InnoDB AUTO_INCREMENT=7 DEFAULT CHARSET=utf8mb4 COLLATE=utf8mb4_unicode_ci;
/*!40101 SET character_set_client = @saved_cs_client */;

LOCK TABLES `zones` WRITE;
/*!40000 ALTER TABLE `zones` DISABLE KEYS */;
INSERT INTO `zones` VALUES (1,'ZONA 1'),(2,'ZONA 2'),(3,'ZONA A'),(4,'ZONA B'),(5,'ZONA C'),(6,'DESPACHO');
/*!40000 ALTER TABLE `zones` ENABLE KEYS */;
UNLOCK TABLES;
/*!40103 SET TIME_ZONE=@OLD_TIME_ZONE */;

/*!40101 SET SQL_MODE=@OLD_SQL_MODE */;
/*!40014 SET FOREIGN_KEY_CHECKS=@OLD_FOREIGN_KEY_CHECKS */;
/*!40014 SET UNIQUE_CHECKS=@OLD_UNIQUE_CHECKS */;
/*!40101 SET CHARACTER_SET_CLIENT=@OLD_CHARACTER_SET_CLIENT */;
/*!40101 SET CHARACTER_SET_RESULTS=@OLD_CHARACTER_SET_RESULTS */;
/*!40101 SET COLLATION_CONNECTION=@OLD_COLLATION_CONNECTION */;
/*!40111 SET SQL_NOTES=@OLD_SQL_NOTES */;

