
/*!40101 SET @OLD_CHARACTER_SET_CLIENT=@@CHARACTER_SET_CLIENT */;
/*!40101 SET @OLD_CHARACTER_SET_RESULTS=@@CHARACTER_SET_RESULTS */;
/*!40101 SET @OLD_COLLATION_CONNECTION=@@COLLATION_CONNECTION */;
/*!40101 SET NAMES utf8mb4 */;
/*!40103 SET @OLD_TIME_ZONE=@@TIME_ZONE */;
/*!40103 SET TIME_ZONE='+00:00' */;
/*!40014 SET @OLD_UNIQUE_CHECKS=@@UNIQUE_CHECKS, UNIQUE_CHECKS=0 */;
/*!40014 SET @OLD_FOREIGN_KEY_CHECKS=@@FOREIGN_KEY_CHECKS, FOREIGN_KEY_CHECKS=0 */;
/*!40101 SET @OLD_SQL_MODE=@@SQL_MODE, SQL_MODE='NO_AUTO_VALUE_ON_ZERO' */;
/*!40111 SET @OLD_SQL_NOTES=@@SQL_NOTES, SQL_NOTES=0 */;
DROP TABLE IF EXISTS `actions`;
/*!40101 SET @saved_cs_client     = @@character_set_client */;
/*!40101 SET character_set_client = utf8 */;
CREATE TABLE `actions` (
  `id` bigint(20) unsigned NOT NULL AUTO_INCREMENT,
  `action` varchar(255) COLLATE utf8mb4_unicode_ci NOT NULL,
  PRIMARY KEY (`id`)
) ENGINE=InnoDB AUTO_INCREMENT=6 DEFAULT CHARSET=utf8mb4 COLLATE=utf8mb4_unicode_ci;
/*!40101 SET character_set_client = @saved_cs_client */;

LOCK TABLES `actions` WRITE;
/*!40000 ALTER TABLE `actions` DISABLE KEYS */;
INSERT INTO `actions` VALUES (1,'Registro de Entrada de una Visita'),(2,'Registro de Salida de una Visita'),(3,'Modificacion a su Perfil'),(4,'Visualizo los Reportes de Visita'),(5,'Descarga de Reportes de Visita');
/*!40000 ALTER TABLE `actions` ENABLE KEYS */;
UNLOCK TABLES;
DROP TABLE IF EXISTS `bitacores`;
/*!40101 SET @saved_cs_client     = @@character_set_client */;
/*!40101 SET character_set_client = utf8 */;
CREATE TABLE `bitacores` (
  `id` bigint(20) unsigned NOT NULL AUTO_INCREMENT,
  `user_id` bigint(20) unsigned DEFAULT NULL,
  `action_id` bigint(20) unsigned DEFAULT NULL,
  `details` text COLLATE utf8mb4_unicode_ci NOT NULL,
  `input` timestamp NULL DEFAULT NULL,
  PRIMARY KEY (`id`),
  KEY `bitacores_user_id_foreign` (`user_id`),
  KEY `bitacores_action_id_foreign` (`action_id`),
  CONSTRAINT `bitacores_action_id_foreign` FOREIGN KEY (`action_id`) REFERENCES `actions` (`id`) ON DELETE CASCADE,
  CONSTRAINT `bitacores_user_id_foreign` FOREIGN KEY (`user_id`) REFERENCES `users` (`id`) ON DELETE CASCADE
) ENGINE=InnoDB AUTO_INCREMENT=2 DEFAULT CHARSET=utf8mb4 COLLATE=utf8mb4_unicode_ci;
/*!40101 SET character_set_client = @saved_cs_client */;

LOCK TABLES `bitacores` WRITE;
/*!40000 ALTER TABLE `bitacores` DISABLE KEYS */;
INSERT INTO `bitacores` VALUES (1,2,1,'hizo un registro de entrada del visitante Carlos Francisco a la zona de FUNDABIT','2020-06-24 05:32:52');
/*!40000 ALTER TABLE `bitacores` ENABLE KEYS */;
UNLOCK TABLES;
DROP TABLE IF EXISTS `direction_tickets`;
/*!40101 SET @saved_cs_client     = @@character_set_client */;
/*!40101 SET character_set_client = utf8 */;
CREATE TABLE `direction_tickets` (
  `id` bigint(20) unsigned NOT NULL AUTO_INCREMENT,
  `direction_id` bigint(20) unsigned DEFAULT NULL,
  `ticket_id` bigint(20) unsigned DEFAULT NULL,
  `code` varchar(255) COLLATE utf8mb4_unicode_ci NOT NULL,
  PRIMARY KEY (`id`),
  KEY `direction_tickets_direction_id_foreign` (`direction_id`),
  KEY `direction_tickets_ticket_id_foreign` (`ticket_id`),
  CONSTRAINT `direction_tickets_direction_id_foreign` FOREIGN KEY (`direction_id`) REFERENCES `directions` (`id`) ON DELETE CASCADE,
  CONSTRAINT `direction_tickets_ticket_id_foreign` FOREIGN KEY (`ticket_id`) REFERENCES `tickets` (`id`) ON DELETE CASCADE
) ENGINE=InnoDB AUTO_INCREMENT=136 DEFAULT CHARSET=utf8mb4 COLLATE=utf8mb4_unicode_ci;
/*!40101 SET character_set_client = @saved_cs_client */;

LOCK TABLES `direction_tickets` WRITE;
/*!40000 ALTER TABLE `direction_tickets` DISABLE KEYS */;
INSERT INTO `direction_tickets` VALUES (1,1,1,'h2ezk6czllgf0yzpqzzo'),(2,1,2,'2up4esro7pdqtsq97emu'),(3,1,3,'2r4ayuufhg0a71mh6lql'),(4,2,1,'5lvtutyem7lje6sawxzz'),(5,2,2,'vb77vf1m0na2r0ivl3li'),(6,2,3,'2ficyi6ia4rpznpth5br'),(7,3,1,'vttxl194zntsp14rqa87'),(8,3,2,'8je8g18me3xomdd9i7yb'),(9,3,3,'orqb6azdj09ebdbc4buh'),(10,4,1,'r9d81pew6cj1qb6cjf1n'),(11,4,2,'kpfbhpz4234mrphvsq9p'),(12,4,3,'z8aqthdkrnfgunr7wsv8'),(13,5,1,'ueor9ewijqgr7hnsla5v'),(14,5,2,'xfjo8v371aifoh9qajr4'),(15,5,3,'8u2uho2hrgp63a3wbffk'),(16,6,1,'jtwjjyavsz70pzqoxhk4'),(17,6,2,'vwsbc8r36tryjio0p9yd'),(18,6,3,'7xj57qj7cqkgjb043rvx'),(19,7,1,'1ietrf15fvos4shn1p0r'),(20,7,2,'qlbu7uz4q1dzv4r3xt52'),(21,7,3,'rkjolld03rm364c9jwcn'),(22,8,1,'mdlwlrbi2ikqwdlyutkl'),(23,8,2,'68tvp56dql53d7z2194f'),(24,8,3,'5970nn5xbe6c72cmojve'),(25,9,1,'udsghvakczv7hhxoxboy'),(26,9,2,'hmpxbhvp7y1r3rme9spw'),(27,9,3,'2ebokwlnvp7fg4lrciv5'),(28,10,1,'w0kll8tapd86yf2dzqsa'),(29,10,2,'7fymg2s1wojo5qt4g0xs'),(30,10,3,'79ug0x4rozw9n5u7jct5'),(31,11,1,'dfl8yo0mmmfh8z6wjt1y'),(32,11,2,'qr4uxyizdawttdgb5ae3'),(33,11,3,'87uqtoo8x43kd3p32e1l'),(34,12,1,'xvbheglg565e67x1u3ok'),(35,12,2,'cglddn006pt7ldspbacv'),(36,12,3,'j1s6jges6a65xohhlvhe'),(37,13,1,'64ov2gbpnpld3kzcaaqn'),(38,13,2,'7xw7reb1i92skp7o8ghv'),(39,13,3,'9468fezoc4tzvp9w35na'),(40,14,1,'mjajm2zzx2yq31kwq1x8'),(41,14,2,'zu4kfdyhbxchqz29h8yb'),(42,14,3,'bjh4nepfn3yv5oi7i6iq'),(43,15,1,'v9n34ghsjx0s1iisxywe'),(44,15,2,'k59p027qr2zbzx4uw4ff'),(45,15,3,'yvo8xgmvowqoegcl5idy'),(46,16,1,'s1c9vhnkl6261prtlfs5'),(47,16,2,'43juhet1byajpx8bcv68'),(48,16,3,'8a5yemsr70qsy5cu03at'),(49,17,1,'707gts9vabccm8dy5hzt'),(50,17,2,'ilz89b1v8e8bn6dfdloc'),(51,17,3,'wagvigkrdss4rrxnry15'),(52,18,1,'jt8sqec8892xau524xps'),(53,18,2,'de8btw7o3el8n4ofpdck'),(54,18,3,'d7x48szip22czqc401tn'),(55,19,1,'p7pcwknfz71cg7u3kj3r'),(56,19,2,'aip5n6gm0tyo44jpg9d3'),(57,19,3,'ptcnxwflunfj50qtrnbz'),(58,20,1,'xmy7zf4tzv609xz67kbv'),(59,20,2,'t10yqg9ijw4ypy19biw5'),(60,20,3,'fb1pj7eudm3ai5p8q7em'),(61,21,1,'ifls7zxc5huxf9awbrry'),(62,21,2,'sar56tadn1t22nnbf52g'),(63,21,3,'4gb1knsoszroeicgzgjt'),(64,22,1,'u9i1j6c2egtfx06cclu8'),(65,22,2,'96cipyuhjkuer0altkaz'),(66,22,3,'d8uatgpxh1br08m8pfmg'),(67,23,1,'mnj864p63e4z2p95ump4'),(68,23,2,'fek1bdbigou8biz0rhr2'),(69,23,3,'9sn08fuvf7n3lker92hj'),(70,24,1,'32fftgdvt82ae0iudqhw'),(71,24,2,'y9h0i74v17dju95hl1ey'),(72,24,3,'tp6fbltdm2dylw4ag231'),(73,25,1,'bzl9coaf53fzamkcdiac'),(74,25,2,'too0a7fle008667v7f0y'),(75,25,3,'9q8obu1bfjqysb8zy3ry'),(76,26,1,'i6sjr2uc2opgghf8reuw'),(77,26,2,'7dxk6aql6qca7vog6rfl'),(78,26,3,'7v53kcznmtz3otcp98tk'),(79,27,1,'856iipedcwdqsrgwnnk5'),(80,27,2,'pld81ttp4afp4h7qb4a6'),(81,27,3,'0747yo06o8mryr1ojegy'),(82,28,1,'8ow64jjdxfg6a9fdms92'),(83,28,2,'26sl2pour8n7mc7xqwee'),(84,28,3,'5o3wcfpynpkvn5oos8iq'),(85,29,1,'5v0p4hbwmuyz4nwi2svx'),(86,29,2,'905rbtm7jor8dzlbzjfl'),(87,29,3,'37pq0luyf4p4rz190y5x'),(88,30,1,'yle5b811hwao7hzy6ixv'),(89,30,2,'a63rs130ho6ctgpwdgcq'),(90,30,3,'8lvb2wyf4n6pez8ks2pp'),(91,31,1,'ick6wr7qt1ccq78r5tk0'),(92,31,2,'qhmpaora7v8fbzij3yip'),(93,31,3,'vww3oiey0wjfdcbyoyd6'),(94,32,1,'cnrmqfneo0pfv0t0tqus'),(95,32,2,'6w0u3jcyqp6vwbtwle24'),(96,32,3,'fz2s0kpt8wppt74yu21z'),(97,33,1,'xcr3g01d3b2vxg2r05tq'),(98,33,2,'gwvteylfcse8wl8a1iq7'),(99,33,3,'s2isazwmkzh5svvd9591'),(100,34,1,'pscyx0bli28mowgy564d'),(101,34,2,'agntdxs8la383vcvw5re'),(102,34,3,'c49ryxn1zietdljgbsd7'),(103,35,1,'3j803vgtvpr4vb10krqc'),(104,35,2,'j6sg585yuloq4puwuilx'),(105,35,3,'l5pa41s8p932s0hfe4m1'),(106,36,1,'720476ce7kv0xs8cjo6x'),(107,36,2,'8y151ly2s339jq5rhnt6'),(108,36,3,'qxsdjowjevmswmc64hs9'),(109,37,1,'tdkdrql1blx5lijqinya'),(110,37,2,'6ujtml2cra5ms7jb0b7u'),(111,37,3,'f9bby799qyozlhypq5vn'),(112,38,1,'rffbbpfpv8o8cxps0lmf'),(113,38,2,'rbh2g7qnw7648vvv78ep'),(114,38,3,'ot1whtsl98azn64prtrp'),(115,39,1,'32x34qsvay5ln63x8ro9'),(116,39,2,'xj3mamp7v06rk7hvl3d4'),(117,39,3,'lbsylw9c19ix7o5xodoe'),(118,40,1,'1m8cirdudfz0235igmoe'),(119,40,2,'ae6iqp62ihj24fbwarrt'),(120,40,3,'kvqn00w27alxxqgx25tq'),(121,41,1,'qit8c7h0mbyemc5i8e0u'),(122,41,2,'c4r0xmp4syzgclnneqws'),(123,41,3,'d5k62stbtag7fdwhaa4x'),(124,42,1,'he5jma4stkhcgae7nrw9'),(125,42,2,'d7ths8yk4x3z8wjxzui7'),(126,42,3,'wfohtwuhkuqiiyu7hf4f'),(127,43,1,'5po0k499jqfezx0u2m81'),(128,43,2,'34ikwpljatv13onpvz8v'),(129,43,3,'03fjpfr9fhzjtyb5nt57'),(130,44,1,'dsbmmncg2yojk4sz9hcw'),(131,44,2,'ahrekiz460r7hyjacwl2'),(132,44,3,'soy933vedcnpxinio1mo'),(133,45,1,'eljvpplg2orm1muuhg0p'),(134,45,2,'jttd25uh697noa5lhw88'),(135,45,3,'q0bkmxkkutlgn4bt5nbe');
/*!40000 ALTER TABLE `direction_tickets` ENABLE KEYS */;
UNLOCK TABLES;
DROP TABLE IF EXISTS `directions`;
/*!40101 SET @saved_cs_client     = @@character_set_client */;
/*!40101 SET character_set_client = utf8 */;
CREATE TABLE `directions` (
  `id` bigint(20) unsigned NOT NULL AUTO_INCREMENT,
  `floor_id` bigint(20) unsigned DEFAULT NULL,
  `zone_id` bigint(20) unsigned DEFAULT NULL,
  `sector_id` bigint(20) unsigned DEFAULT NULL,
  `dependence` tinyint(1) NOT NULL,
  PRIMARY KEY (`id`),
  KEY `directions_floor_id_foreign` (`floor_id`),
  KEY `directions_zone_id_foreign` (`zone_id`),
  KEY `directions_sector_id_foreign` (`sector_id`),
  CONSTRAINT `directions_floor_id_foreign` FOREIGN KEY (`floor_id`) REFERENCES `floors` (`id`) ON DELETE CASCADE,
  CONSTRAINT `directions_sector_id_foreign` FOREIGN KEY (`sector_id`) REFERENCES `sectors` (`id`) ON DELETE CASCADE,
  CONSTRAINT `directions_zone_id_foreign` FOREIGN KEY (`zone_id`) REFERENCES `zones` (`id`) ON DELETE CASCADE
) ENGINE=InnoDB AUTO_INCREMENT=46 DEFAULT CHARSET=utf8mb4 COLLATE=utf8mb4_unicode_ci;
/*!40101 SET character_set_client = @saved_cs_client */;

LOCK TABLES `directions` WRITE;
/*!40000 ALTER TABLE `directions` DISABLE KEYS */;
INSERT INTO `directions` VALUES (1,1,1,1,1),(2,1,1,2,1),(3,1,1,3,1),(4,1,2,4,1),(5,1,2,5,1),(6,1,2,6,1),(7,1,2,7,1),(8,1,2,8,1),(9,2,3,9,1),(10,2,3,10,1),(11,2,3,11,1),(12,2,3,12,1),(13,2,3,13,1),(14,2,4,14,1),(15,2,4,15,1),(16,2,4,16,1),(17,2,4,17,1),(18,2,4,18,1),(19,2,4,19,1),(20,2,5,20,1),(21,2,5,21,1),(22,2,5,22,1),(23,2,5,23,1),(24,2,5,24,1),(25,2,5,25,1),(26,2,5,26,1),(27,2,5,27,1),(28,3,6,28,1),(29,3,6,29,1),(30,3,6,30,1),(31,3,3,31,1),(32,3,3,32,1),(33,3,3,33,1),(34,3,3,34,1),(35,3,4,35,1),(36,3,4,36,1),(37,3,4,37,1),(38,3,4,38,1),(39,3,4,39,1),(40,3,4,40,1),(41,4,3,41,1),(42,4,4,42,1),(43,4,4,43,1),(44,4,5,44,1),(45,4,5,45,1);
/*!40000 ALTER TABLE `directions` ENABLE KEYS */;
UNLOCK TABLES;
DROP TABLE IF EXISTS `floors`;
/*!40101 SET @saved_cs_client     = @@character_set_client */;
/*!40101 SET character_set_client = utf8 */;
CREATE TABLE `floors` (
  `id` bigint(20) unsigned NOT NULL AUTO_INCREMENT,
  `floor` varchar(255) COLLATE utf8mb4_unicode_ci NOT NULL,
  `letter_code` varchar(255) COLLATE utf8mb4_unicode_ci NOT NULL,
  PRIMARY KEY (`id`)
) ENGINE=InnoDB AUTO_INCREMENT=5 DEFAULT CHARSET=utf8mb4 COLLATE=utf8mb4_unicode_ci;
/*!40101 SET character_set_client = @saved_cs_client */;

LOCK TABLES `floors` WRITE;
/*!40000 ALTER TABLE `floors` DISABLE KEYS */;
INSERT INTO `floors` VALUES (1,'planta baja','a'),(2,'piso 1','b'),(3,'piso 2','c'),(4,'piso 3','d');
/*!40000 ALTER TABLE `floors` ENABLE KEYS */;
UNLOCK TABLES;
DROP TABLE IF EXISTS `handling_times`;
/*!40101 SET @saved_cs_client     = @@character_set_client */;
/*!40101 SET character_set_client = utf8 */;
CREATE TABLE `handling_times` (
  `id` bigint(20) unsigned NOT NULL AUTO_INCREMENT,
  `input` timestamp NULL DEFAULT NULL,
  `output` timestamp NULL DEFAULT NULL,
  PRIMARY KEY (`id`)
) ENGINE=InnoDB AUTO_INCREMENT=501 DEFAULT CHARSET=utf8mb4 COLLATE=utf8mb4_unicode_ci;
/*!40101 SET character_set_client = @saved_cs_client */;

LOCK TABLES `handling_times` WRITE;
/*!40000 ALTER TABLE `handling_times` DISABLE KEYS */;
INSERT INTO `handling_times` VALUES (1,'2020-06-24 05:32:24',NULL),(2,'2020-06-24 05:32:24',NULL),(3,'2020-06-24 05:32:24',NULL),(4,'2020-06-24 05:32:24',NULL),(5,'2020-06-24 05:32:24',NULL),(6,'2020-06-24 05:32:24',NULL),(7,'2020-06-24 05:32:24',NULL),(8,'2020-06-24 05:32:24',NULL),(9,'2020-06-24 05:32:24',NULL),(10,'2020-06-24 05:32:24',NULL),(11,'2020-06-24 05:32:24',NULL),(12,'2020-06-24 05:32:24',NULL),(13,'2020-06-24 05:32:24',NULL),(14,'2020-06-24 05:32:24',NULL),(15,'2020-06-24 05:32:24',NULL),(16,'2020-06-24 05:32:24',NULL),(17,'2020-06-24 05:32:24',NULL),(18,'2020-06-24 05:32:24',NULL),(19,'2020-06-24 05:32:24',NULL),(20,'2020-06-24 05:32:24',NULL),(21,'2020-06-24 05:32:24',NULL),(22,'2020-06-24 05:32:24',NULL),(23,'2020-06-24 05:32:24',NULL),(24,'2020-06-24 05:32:24',NULL),(25,'2020-06-24 05:32:24',NULL),(26,'2020-06-24 05:32:24',NULL),(27,'2020-06-24 05:32:25',NULL),(28,'2020-06-24 05:32:25',NULL),(29,'2020-06-24 05:32:25',NULL),(30,'2020-06-24 05:32:25',NULL),(31,'2020-06-24 05:32:25',NULL),(32,'2020-06-24 05:32:25',NULL),(33,'2020-06-24 05:32:25',NULL),(34,'2020-06-24 05:32:25',NULL),(35,'2020-06-24 05:32:25',NULL),(36,'2020-06-24 05:32:25',NULL),(37,'2020-06-24 05:32:25',NULL),(38,'2020-06-24 05:32:25',NULL),(39,'2020-06-24 05:32:25',NULL),(40,'2020-06-24 05:32:25',NULL),(41,'2020-06-24 05:32:25',NULL),(42,'2020-06-24 05:32:25',NULL),(43,'2020-06-24 05:32:25',NULL),(44,'2020-06-24 05:32:25',NULL),(45,'2020-06-24 05:32:25',NULL),(46,'2020-06-24 05:32:25',NULL),(47,'2020-06-24 05:32:25',NULL),(48,'2020-06-24 05:32:25',NULL),(49,'2020-06-24 05:32:25',NULL),(50,'2020-06-24 05:32:25',NULL),(51,'2020-06-24 05:32:25',NULL),(52,'2020-06-24 05:32:25',NULL),(53,'2020-06-24 05:32:25',NULL),(54,'2020-06-24 05:32:25',NULL),(55,'2020-06-24 05:32:25',NULL),(56,'2020-06-24 05:32:25',NULL),(57,'2020-06-24 05:32:25',NULL),(58,'2020-06-24 05:32:25',NULL),(59,'2020-06-24 05:32:25',NULL),(60,'2020-06-24 05:32:25',NULL),(61,'2020-06-24 05:32:25',NULL),(62,'2020-06-24 05:32:25',NULL),(63,'2020-06-24 05:32:26',NULL),(64,'2020-06-24 05:32:26',NULL),(65,'2020-06-24 05:32:26',NULL),(66,'2020-06-24 05:32:26',NULL),(67,'2020-06-24 05:32:26',NULL),(68,'2020-06-24 05:32:26',NULL),(69,'2020-06-24 05:32:26',NULL),(70,'2020-06-24 05:32:26',NULL),(71,'2020-06-24 05:32:26',NULL),(72,'2020-06-24 05:32:26',NULL),(73,'2020-06-24 05:32:26',NULL),(74,'2020-06-24 05:32:26',NULL),(75,'2020-06-24 05:32:26',NULL),(76,'2020-06-24 05:32:26',NULL),(77,'2020-06-24 05:32:26',NULL),(78,'2020-06-24 05:32:26',NULL),(79,'2020-06-24 05:32:26',NULL),(80,'2020-06-24 05:32:26',NULL),(81,'2020-06-24 05:32:26',NULL),(82,'2020-06-24 05:32:26',NULL),(83,'2020-06-24 05:32:26',NULL),(84,'2020-06-24 05:32:26',NULL),(85,'2020-06-24 05:32:26',NULL),(86,'2020-06-24 05:32:26',NULL),(87,'2020-06-24 05:32:26',NULL),(88,'2020-06-24 05:32:26',NULL),(89,'2020-06-24 05:32:26',NULL),(90,'2020-06-24 05:32:26',NULL),(91,'2020-06-24 05:32:26',NULL),(92,'2020-06-24 05:32:26',NULL),(93,'2020-06-24 05:32:26',NULL),(94,'2020-06-24 05:32:26',NULL),(95,'2020-06-24 05:32:26',NULL),(96,'2020-06-24 05:32:26',NULL),(97,'2020-06-24 05:32:26',NULL),(98,'2020-06-24 05:32:26',NULL),(99,'2020-06-24 05:32:26',NULL),(100,'2020-06-24 05:32:26',NULL),(101,'2020-06-24 05:32:27',NULL),(102,'2020-06-24 05:32:27',NULL),(103,'2020-06-24 05:32:27',NULL),(104,'2020-06-24 05:32:27',NULL),(105,'2020-06-24 05:32:27',NULL),(106,'2020-06-24 05:32:27',NULL),(107,'2020-06-24 05:32:27',NULL),(108,'2020-06-24 05:32:27',NULL),(109,'2020-06-24 05:32:27',NULL),(110,'2020-06-24 05:32:27',NULL),(111,'2020-06-24 05:32:27',NULL),(112,'2020-06-24 05:32:27',NULL),(113,'2020-06-24 05:32:27',NULL),(114,'2020-06-24 05:32:27',NULL),(115,'2020-06-24 05:32:27',NULL),(116,'2020-06-24 05:32:27',NULL),(117,'2020-06-24 05:32:27',NULL),(118,'2020-06-24 05:32:27',NULL),(119,'2020-06-24 05:32:27',NULL),(120,'2020-06-24 05:32:27',NULL),(121,'2020-06-24 05:32:27',NULL),(122,'2020-06-24 05:32:27',NULL),(123,'2020-06-24 05:32:27',NULL),(124,'2020-06-24 05:32:27',NULL),(125,'2020-06-24 05:32:27',NULL),(126,'2020-06-24 05:32:27',NULL),(127,'2020-06-24 05:32:27',NULL),(128,'2020-06-24 05:32:27',NULL),(129,'2020-06-24 05:32:27',NULL),(130,'2020-06-24 05:32:27',NULL),(131,'2020-06-24 05:32:27',NULL),(132,'2020-06-24 05:32:27',NULL),(133,'2020-06-24 05:32:27',NULL),(134,'2020-06-24 05:32:27',NULL),(135,'2020-06-24 05:32:27',NULL),(136,'2020-06-24 05:32:28',NULL),(137,'2020-06-24 05:32:28',NULL),(138,'2020-06-24 05:32:28',NULL),(139,'2020-06-24 05:32:28',NULL),(140,'2020-06-24 05:32:28',NULL),(141,'2020-06-24 05:32:28',NULL),(142,'2020-06-24 05:32:28',NULL),(143,'2020-06-24 05:32:28',NULL),(144,'2020-06-24 05:32:28',NULL),(145,'2020-06-24 05:32:28',NULL),(146,'2020-06-24 05:32:28',NULL),(147,'2020-06-24 05:32:28',NULL),(148,'2020-06-24 05:32:28',NULL),(149,'2020-06-24 05:32:28',NULL),(150,'2020-06-24 05:32:28',NULL),(151,'2020-06-24 05:32:28',NULL),(152,'2020-06-24 05:32:28',NULL),(153,'2020-06-24 05:32:28',NULL),(154,'2020-06-24 05:32:28',NULL),(155,'2020-06-24 05:32:28',NULL),(156,'2020-06-24 05:32:28',NULL),(157,'2020-06-24 05:32:28',NULL),(158,'2020-06-24 05:32:28',NULL),(159,'2020-06-24 05:32:28',NULL),(160,'2020-06-24 05:32:28',NULL),(161,'2020-06-24 05:32:28',NULL),(162,'2020-06-24 05:32:28',NULL),(163,'2020-06-24 05:32:28',NULL),(164,'2020-06-24 05:32:28',NULL),(165,'2020-06-24 05:32:28',NULL),(166,'2020-06-24 05:32:28',NULL),(167,'2020-06-24 05:32:28',NULL),(168,'2020-06-24 05:32:28',NULL),(169,'2020-06-24 05:32:28',NULL),(170,'2020-06-24 05:32:28',NULL),(171,'2020-06-24 05:32:29',NULL),(172,'2020-06-24 05:32:29',NULL),(173,'2020-06-24 05:32:29',NULL),(174,'2020-06-24 05:32:29',NULL),(175,'2020-06-24 05:32:29',NULL),(176,'2020-06-24 05:32:29',NULL),(177,'2020-06-24 05:32:29',NULL),(178,'2020-06-24 05:32:29',NULL),(179,'2020-06-24 05:32:29',NULL),(180,'2020-06-24 05:32:29',NULL),(181,'2020-06-24 05:32:29',NULL),(182,'2020-06-24 05:32:29',NULL),(183,'2020-06-24 05:32:29',NULL),(184,'2020-06-24 05:32:29',NULL),(185,'2020-06-24 05:32:29',NULL),(186,'2020-06-24 05:32:29',NULL),(187,'2020-06-24 05:32:29',NULL),(188,'2020-06-24 05:32:29',NULL),(189,'2020-06-24 05:32:29',NULL),(190,'2020-06-24 05:32:29',NULL),(191,'2020-06-24 05:32:29',NULL),(192,'2020-06-24 05:32:29',NULL),(193,'2020-06-24 05:32:29',NULL),(194,'2020-06-24 05:32:29',NULL),(195,'2020-06-24 05:32:29',NULL),(196,'2020-06-24 05:32:29',NULL),(197,'2020-06-24 05:32:29',NULL),(198,'2020-06-24 05:32:29',NULL),(199,'2020-06-24 05:32:29',NULL),(200,'2020-06-24 05:32:29',NULL),(201,'2020-06-24 05:32:29',NULL),(202,'2020-06-24 05:32:29',NULL),(203,'2020-06-24 05:32:29',NULL),(204,'2020-06-24 05:32:29',NULL),(205,'2020-06-24 05:32:29',NULL),(206,'2020-06-24 05:32:29',NULL),(207,'2020-06-24 05:32:29',NULL),(208,'2020-06-24 05:32:29',NULL),(209,'2020-06-24 05:32:30',NULL),(210,'2020-06-24 05:32:30',NULL),(211,'2020-06-24 05:32:30',NULL),(212,'2020-06-24 05:32:30',NULL),(213,'2020-06-24 05:32:30',NULL),(214,'2020-06-24 05:32:30',NULL),(215,'2020-06-24 05:32:30',NULL),(216,'2020-06-24 05:32:30',NULL),(217,'2020-06-24 05:32:30',NULL),(218,'2020-06-24 05:32:30',NULL),(219,'2020-06-24 05:32:30',NULL),(220,'2020-06-24 05:32:30',NULL),(221,'2020-06-24 05:32:30',NULL),(222,'2020-06-24 05:32:30',NULL),(223,'2020-06-24 05:32:30',NULL),(224,'2020-06-24 05:32:30',NULL),(225,'2020-06-24 05:32:30',NULL),(226,'2020-06-24 05:32:30',NULL),(227,'2020-06-24 05:32:30',NULL),(228,'2020-06-24 05:32:30',NULL),(229,'2020-06-24 05:32:30',NULL),(230,'2020-06-24 05:32:30',NULL),(231,'2020-06-24 05:32:30',NULL),(232,'2020-06-24 05:32:30',NULL),(233,'2020-06-24 05:32:30',NULL),(234,'2020-06-24 05:32:30',NULL),(235,'2020-06-24 05:32:30',NULL),(236,'2020-06-24 05:32:30',NULL),(237,'2020-06-24 05:32:30',NULL),(238,'2020-06-24 05:32:30',NULL),(239,'2020-06-24 05:32:30',NULL),(240,'2020-06-24 05:32:30',NULL),(241,'2020-06-24 05:32:30',NULL),(242,'2020-06-24 05:32:30',NULL),(243,'2020-06-24 05:32:31',NULL),(244,'2020-06-24 05:32:31',NULL),(245,'2020-06-24 05:32:31',NULL),(246,'2020-06-24 05:32:31',NULL),(247,'2020-06-24 05:32:31',NULL),(248,'2020-06-24 05:32:31',NULL),(249,'2020-06-24 05:32:31',NULL),(250,'2020-06-24 05:32:31',NULL),(251,'2020-06-24 05:32:31',NULL),(252,'2020-06-24 05:32:31',NULL),(253,'2020-06-24 05:32:31',NULL),(254,'2020-06-24 05:32:31',NULL),(255,'2020-06-24 05:32:31',NULL),(256,'2020-06-24 05:32:31',NULL),(257,'2020-06-24 05:32:31',NULL),(258,'2020-06-24 05:32:31',NULL),(259,'2020-06-24 05:32:31',NULL),(260,'2020-06-24 05:32:31',NULL),(261,'2020-06-24 05:32:31',NULL),(262,'2020-06-24 05:32:31',NULL),(263,'2020-06-24 05:32:31',NULL),(264,'2020-06-24 05:32:31',NULL),(265,'2020-06-24 05:32:31',NULL),(266,'2020-06-24 05:32:31',NULL),(267,'2020-06-24 05:32:31',NULL),(268,'2020-06-24 05:32:31',NULL),(269,'2020-06-24 05:32:31',NULL),(270,'2020-06-24 05:32:31',NULL),(271,'2020-06-24 05:32:31',NULL),(272,'2020-06-24 05:32:31',NULL),(273,'2020-06-24 05:32:31',NULL),(274,'2020-06-24 05:32:31',NULL),(275,'2020-06-24 05:32:32',NULL),(276,'2020-06-24 05:32:32',NULL),(277,'2020-06-24 05:32:32',NULL),(278,'2020-06-24 05:32:32',NULL),(279,'2020-06-24 05:32:32',NULL),(280,'2020-06-24 05:32:32',NULL),(281,'2020-06-24 05:32:32',NULL),(282,'2020-06-24 05:32:32',NULL),(283,'2020-06-24 05:32:32',NULL),(284,'2020-06-24 05:32:32',NULL),(285,'2020-06-24 05:32:32',NULL),(286,'2020-06-24 05:32:32',NULL),(287,'2020-06-24 05:32:32',NULL),(288,'2020-06-24 05:32:32',NULL),(289,'2020-06-24 05:32:32',NULL),(290,'2020-06-24 05:32:32',NULL),(291,'2020-06-24 05:32:32',NULL),(292,'2020-06-24 05:32:32',NULL),(293,'2020-06-24 05:32:32',NULL),(294,'2020-06-24 05:32:32',NULL),(295,'2020-06-24 05:32:32',NULL),(296,'2020-06-24 05:32:32',NULL),(297,'2020-06-24 05:32:32',NULL),(298,'2020-06-24 05:32:32',NULL),(299,'2020-06-24 05:32:32',NULL),(300,'2020-06-24 05:32:32',NULL),(301,'2020-06-24 05:32:32',NULL),(302,'2020-06-24 05:32:32',NULL),(303,'2020-06-24 05:32:32',NULL),(304,'2020-06-24 05:32:32',NULL),(305,'2020-06-24 05:32:32',NULL),(306,'2020-06-24 05:32:32',NULL),(307,'2020-06-24 05:32:32',NULL),(308,'2020-06-24 05:32:32',NULL),(309,'2020-06-24 05:32:32',NULL),(310,'2020-06-24 05:32:32',NULL),(311,'2020-06-24 05:32:32',NULL),(312,'2020-06-24 05:32:32',NULL),(313,'2020-06-24 05:32:32',NULL),(314,'2020-06-24 05:32:32',NULL),(315,'2020-06-24 05:32:33',NULL),(316,'2020-06-24 05:32:33',NULL),(317,'2020-06-24 05:32:33',NULL),(318,'2020-06-24 05:32:33',NULL),(319,'2020-06-24 05:32:33',NULL),(320,'2020-06-24 05:32:33',NULL),(321,'2020-06-24 05:32:33',NULL),(322,'2020-06-24 05:32:33',NULL),(323,'2020-06-24 05:32:33',NULL),(324,'2020-06-24 05:32:33',NULL),(325,'2020-06-24 05:32:33',NULL),(326,'2020-06-24 05:32:33',NULL),(327,'2020-06-24 05:32:33',NULL),(328,'2020-06-24 05:32:33',NULL),(329,'2020-06-24 05:32:33',NULL),(330,'2020-06-24 05:32:33',NULL),(331,'2020-06-24 05:32:33',NULL),(332,'2020-06-24 05:32:33',NULL),(333,'2020-06-24 05:32:33',NULL),(334,'2020-06-24 05:32:33',NULL),(335,'2020-06-24 05:32:33',NULL),(336,'2020-06-24 05:32:33',NULL),(337,'2020-06-24 05:32:33',NULL),(338,'2020-06-24 05:32:33',NULL),(339,'2020-06-24 05:32:33',NULL),(340,'2020-06-24 05:32:33',NULL),(341,'2020-06-24 05:32:33',NULL),(342,'2020-06-24 05:32:33',NULL),(343,'2020-06-24 05:32:33',NULL),(344,'2020-06-24 05:32:33',NULL),(345,'2020-06-24 05:32:33',NULL),(346,'2020-06-24 05:32:33',NULL),(347,'2020-06-24 05:32:33',NULL),(348,'2020-06-24 05:32:33',NULL),(349,'2020-06-24 05:32:33',NULL),(350,'2020-06-24 05:32:34',NULL),(351,'2020-06-24 05:32:34',NULL),(352,'2020-06-24 05:32:34',NULL),(353,'2020-06-24 05:32:34',NULL),(354,'2020-06-24 05:32:34',NULL),(355,'2020-06-24 05:32:34',NULL),(356,'2020-06-24 05:32:34',NULL),(357,'2020-06-24 05:32:34',NULL),(358,'2020-06-24 05:32:34',NULL),(359,'2020-06-24 05:32:34',NULL),(360,'2020-06-24 05:32:34',NULL),(361,'2020-06-24 05:32:34',NULL),(362,'2020-06-24 05:32:34',NULL),(363,'2020-06-24 05:32:34',NULL),(364,'2020-06-24 05:32:34',NULL),(365,'2020-06-24 05:32:34',NULL),(366,'2020-06-24 05:32:34',NULL),(367,'2020-06-24 05:32:34',NULL),(368,'2020-06-24 05:32:34',NULL),(369,'2020-06-24 05:32:34',NULL),(370,'2020-06-24 05:32:34',NULL),(371,'2020-06-24 05:32:34',NULL),(372,'2020-06-24 05:32:34',NULL),(373,'2020-06-24 05:32:34',NULL),(374,'2020-06-24 05:32:34',NULL),(375,'2020-06-24 05:32:34',NULL),(376,'2020-06-24 05:32:34',NULL),(377,'2020-06-24 05:32:34',NULL),(378,'2020-06-24 05:32:34',NULL),(379,'2020-06-24 05:32:34',NULL),(380,'2020-06-24 05:32:34',NULL),(381,'2020-06-24 05:32:34',NULL),(382,'2020-06-24 05:32:34',NULL),(383,'2020-06-24 05:32:35',NULL),(384,'2020-06-24 05:32:35',NULL),(385,'2020-06-24 05:32:35',NULL),(386,'2020-06-24 05:32:35',NULL),(387,'2020-06-24 05:32:35',NULL),(388,'2020-06-24 05:32:35',NULL),(389,'2020-06-24 05:32:35',NULL),(390,'2020-06-24 05:32:35',NULL),(391,'2020-06-24 05:32:35',NULL),(392,'2020-06-24 05:32:35',NULL),(393,'2020-06-24 05:32:35',NULL),(394,'2020-06-24 05:32:35',NULL),(395,'2020-06-24 05:32:35',NULL),(396,'2020-06-24 05:32:35',NULL),(397,'2020-06-24 05:32:35',NULL),(398,'2020-06-24 05:32:35',NULL),(399,'2020-06-24 05:32:35',NULL),(400,'2020-06-24 05:32:35',NULL),(401,'2020-06-24 05:32:35',NULL),(402,'2020-06-24 05:32:35',NULL),(403,'2020-06-24 05:32:35',NULL),(404,'2020-06-24 05:32:35',NULL),(405,'2020-06-24 05:32:35',NULL),(406,'2020-06-24 05:32:35',NULL),(407,'2020-06-24 05:32:35',NULL),(408,'2020-06-24 05:32:35',NULL),(409,'2020-06-24 05:32:35',NULL),(410,'2020-06-24 05:32:35',NULL),(411,'2020-06-24 05:32:35',NULL),(412,'2020-06-24 05:32:35',NULL),(413,'2020-06-24 05:32:35',NULL),(414,'2020-06-24 05:32:35',NULL),(415,'2020-06-24 05:32:35',NULL),(416,'2020-06-24 05:32:35',NULL),(417,'2020-06-24 05:32:35',NULL),(418,'2020-06-24 05:32:35',NULL),(419,'2020-06-24 05:32:35',NULL),(420,'2020-06-24 05:32:36',NULL),(421,'2020-06-24 05:32:36',NULL),(422,'2020-06-24 05:32:36',NULL),(423,'2020-06-24 05:32:36',NULL),(424,'2020-06-24 05:32:36',NULL),(425,'2020-06-24 05:32:36',NULL),(426,'2020-06-24 05:32:36',NULL),(427,'2020-06-24 05:32:36',NULL),(428,'2020-06-24 05:32:36',NULL),(429,'2020-06-24 05:32:36',NULL),(430,'2020-06-24 05:32:36',NULL),(431,'2020-06-24 05:32:36',NULL),(432,'2020-06-24 05:32:36',NULL),(433,'2020-06-24 05:32:36',NULL),(434,'2020-06-24 05:32:36',NULL),(435,'2020-06-24 05:32:36',NULL),(436,'2020-06-24 05:32:36',NULL),(437,'2020-06-24 05:32:36',NULL),(438,'2020-06-24 05:32:36',NULL),(439,'2020-06-24 05:32:36',NULL),(440,'2020-06-24 05:32:36',NULL),(441,'2020-06-24 05:32:36',NULL),(442,'2020-06-24 05:32:36',NULL),(443,'2020-06-24 05:32:36',NULL),(444,'2020-06-24 05:32:36',NULL),(445,'2020-06-24 05:32:36',NULL),(446,'2020-06-24 05:32:36',NULL),(447,'2020-06-24 05:32:36',NULL),(448,'2020-06-24 05:32:36',NULL),(449,'2020-06-24 05:32:36',NULL),(450,'2020-06-24 05:32:36',NULL),(451,'2020-06-24 05:32:36',NULL),(452,'2020-06-24 05:32:36',NULL),(453,'2020-06-24 05:32:37',NULL),(454,'2020-06-24 05:32:37',NULL),(455,'2020-06-24 05:32:37',NULL),(456,'2020-06-24 05:32:37',NULL),(457,'2020-06-24 05:32:37',NULL),(458,'2020-06-24 05:32:37',NULL),(459,'2020-06-24 05:32:37',NULL),(460,'2020-06-24 05:32:37',NULL),(461,'2020-06-24 05:32:37',NULL),(462,'2020-06-24 05:32:37',NULL),(463,'2020-06-24 05:32:37',NULL),(464,'2020-06-24 05:32:37',NULL),(465,'2020-06-24 05:32:37',NULL),(466,'2020-06-24 05:32:37',NULL),(467,'2020-06-24 05:32:37',NULL),(468,'2020-06-24 05:32:37',NULL),(469,'2020-06-24 05:32:37',NULL),(470,'2020-06-24 05:32:37',NULL),(471,'2020-06-24 05:32:37',NULL),(472,'2020-06-24 05:32:37',NULL),(473,'2020-06-24 05:32:37',NULL),(474,'2020-06-24 05:32:37',NULL),(475,'2020-06-24 05:32:37',NULL),(476,'2020-06-24 05:32:37',NULL),(477,'2020-06-24 05:32:37',NULL),(478,'2020-06-24 05:32:37',NULL),(479,'2020-06-24 05:32:37',NULL),(480,'2020-06-24 05:32:37',NULL),(481,'2020-06-24 05:32:37',NULL),(482,'2020-06-24 05:32:37',NULL),(483,'2020-06-24 05:32:37',NULL),(484,'2020-06-24 05:32:37',NULL),(485,'2020-06-24 05:32:37',NULL),(486,'2020-06-24 05:32:37',NULL),(487,'2020-06-24 05:32:37',NULL),(488,'2020-06-24 05:32:37',NULL),(489,'2020-06-24 05:32:37',NULL),(490,'2020-06-24 05:32:37',NULL),(491,'2020-06-24 05:32:37',NULL),(492,'2020-06-24 05:32:38',NULL),(493,'2020-06-24 05:32:38',NULL),(494,'2020-06-24 05:32:38',NULL),(495,'2020-06-24 05:32:38',NULL),(496,'2020-06-24 05:32:38',NULL),(497,'2020-06-24 05:32:38',NULL),(498,'2020-06-24 05:32:38',NULL),(499,'2020-06-24 05:32:38',NULL),(500,'2020-06-24 05:32:38',NULL);
/*!40000 ALTER TABLE `handling_times` ENABLE KEYS */;
UNLOCK TABLES;
DROP TABLE IF EXISTS `migrations`;
/*!40101 SET @saved_cs_client     = @@character_set_client */;
/*!40101 SET character_set_client = utf8 */;
CREATE TABLE `migrations` (
  `id` int(10) unsigned NOT NULL AUTO_INCREMENT,
  `migration` varchar(255) COLLATE utf8mb4_unicode_ci NOT NULL,
  `batch` int(11) NOT NULL,
  PRIMARY KEY (`id`)
) ENGINE=InnoDB AUTO_INCREMENT=225 DEFAULT CHARSET=utf8mb4 COLLATE=utf8mb4_unicode_ci;
/*!40101 SET character_set_client = @saved_cs_client */;

LOCK TABLES `migrations` WRITE;
/*!40000 ALTER TABLE `migrations` DISABLE KEYS */;
INSERT INTO `migrations` VALUES (197,'2014_10_12_000000_create_users_table',1),(198,'2019_11_13_133216_create_rols_table',1),(199,'2019_11_13_133852_add_rol_id_to_users',1),(200,'2020_01_03_003809_create_visitors_table',1),(201,'2020_01_03_003934_create_handling_times_table',1),(202,'2020_01_03_004159_create_tickets_table',1),(203,'2020_01_03_004343_create_floors_table',1),(204,'2020_01_03_010044_create_sectors_table',1),(205,'2020_01_03_010152_create_zones_table',1),(206,'2020_01_03_020051_add_user_id_to_visitors_table',1),(207,'2020_01_22_233258_create_directions_table',1),(208,'2020_01_22_233748_add_floor_id_to_directions_table',1),(209,'2020_01_22_233901_add_zone_id_to_directions_table',1),(210,'2020_01_22_233952_add_sector_id_to_directions_table',1),(211,'2020_01_23_120016_add_handling_time_id_to_visitors_table',1),(212,'2020_01_29_092758_add_dependeci_to_directions_table',1),(213,'2020_02_10_032530_create_password_recovers_table',1),(214,'2020_02_16_122814_add_nick_name_to_users_table',1),(215,'2020_05_13_233552_create_bitacores_table',1),(216,'2020_05_13_233637_add_user_id_to_bitacores_table',1),(217,'2020_05_17_155438_create_actions_table',1),(218,'2020_05_26_215629_create_direction_tickets_table',1),(219,'2020_05_26_215732_add_direction_id_to_direction_tickets_table',1),(220,'2020_05_26_220420_add_ticket_id_to_direction_tickets_table',1),(221,'2020_05_26_220827_add_action_id_to_bitacores_table',1),(222,'2020_06_06_225204_add_direction_ticket_id_to_visitors_table',1),(223,'2020_06_22_051955_add_sign_to_users_table',1),(224,'2020_06_23_210311_create_sistems_table',1);
/*!40000 ALTER TABLE `migrations` ENABLE KEYS */;
UNLOCK TABLES;
DROP TABLE IF EXISTS `password_recovers`;
/*!40101 SET @saved_cs_client     = @@character_set_client */;
/*!40101 SET character_set_client = utf8 */;
CREATE TABLE `password_recovers` (
  `id` bigint(20) unsigned NOT NULL AUTO_INCREMENT,
  `email` varchar(255) COLLATE utf8mb4_unicode_ci NOT NULL,
  `token` varchar(255) COLLATE utf8mb4_unicode_ci NOT NULL,
  `created_at` timestamp NULL DEFAULT NULL,
  `updated_at` timestamp NULL DEFAULT NULL,
  PRIMARY KEY (`id`),
  KEY `password_recovers_email_index` (`email`)
) ENGINE=InnoDB DEFAULT CHARSET=utf8mb4 COLLATE=utf8mb4_unicode_ci;
/*!40101 SET character_set_client = @saved_cs_client */;

LOCK TABLES `password_recovers` WRITE;
/*!40000 ALTER TABLE `password_recovers` DISABLE KEYS */;
/*!40000 ALTER TABLE `password_recovers` ENABLE KEYS */;
UNLOCK TABLES;
DROP TABLE IF EXISTS `rols`;
/*!40101 SET @saved_cs_client     = @@character_set_client */;
/*!40101 SET character_set_client = utf8 */;
CREATE TABLE `rols` (
  `id` bigint(20) unsigned NOT NULL AUTO_INCREMENT,
  `rol` varchar(255) COLLATE utf8mb4_unicode_ci NOT NULL,
  PRIMARY KEY (`id`)
) ENGINE=InnoDB AUTO_INCREMENT=5 DEFAULT CHARSET=utf8mb4 COLLATE=utf8mb4_unicode_ci;
/*!40101 SET character_set_client = @saved_cs_client */;

LOCK TABLES `rols` WRITE;
/*!40000 ALTER TABLE `rols` DISABLE KEYS */;
INSERT INTO `rols` VALUES (1,'Super Admin'),(2,'Admin'),(3,'visitante'),(4,'Jefe de Zona');
/*!40000 ALTER TABLE `rols` ENABLE KEYS */;
UNLOCK TABLES;
DROP TABLE IF EXISTS `sectors`;
/*!40101 SET @saved_cs_client     = @@character_set_client */;
/*!40101 SET character_set_client = utf8 */;
CREATE TABLE `sectors` (
  `id` bigint(20) unsigned NOT NULL AUTO_INCREMENT,
  `sector` varchar(255) COLLATE utf8mb4_unicode_ci NOT NULL,
  `letter_code` varchar(255) COLLATE utf8mb4_unicode_ci NOT NULL,
  PRIMARY KEY (`id`)
) ENGINE=InnoDB AUTO_INCREMENT=46 DEFAULT CHARSET=utf8mb4 COLLATE=utf8mb4_unicode_ci;
/*!40101 SET character_set_client = @saved_cs_client */;

LOCK TABLES `sectors` WRITE;
/*!40000 ALTER TABLE `sectors` DISABLE KEYS */;
INSERT INTO `sectors` VALUES (1,'Atención al Ciudadano','a'),(2,'División de Educación Niños, Niñas y Población con Necesidades Educativas\nEspeciales','b'),(3,'Seguridad Social/SISME','c'),(4,'División de Supervisión','a'),(5,'Coordinación de Registro Control de Estudio','b'),(6,'Coordinación de Planteles Privados','c'),(7,'Coordinación de Municipios Escolares','d'),(8,'Archivo y Tipeo','e'),(9,'División de Gestión Interna','a'),(10,'Coordinación de Gestión Humana','b'),(11,'Oficina de Gremiales, Reposo, Vacaciones y Suplencias','c'),(12,'Oficina de Permisos y Área Social','d'),(13,'Analistas de Gestión Humana','d'),(14,'División de Adolescentes, Jóvenes y Población Adulta','a'),(15,'Auditoria Interna','b'),(16,'Coordinación de Media Técnica','c'),(17,'Coordinación de Media General','d'),(18,'Coordinación Modalidad Adultos','e'),(19,'Coordinación de Educación Física y Recreación','f'),(20,'División de Comunidades Educativas y Unión con el Pueblo','a'),(21,'Coordinación de Administración','b'),(22,'Oficina de Planificación y Presupuesto','c'),(23,'Coordinación de Defensoría y Orientación Educativa','d'),(24,'Oficina OPSU','e'),(25,'Coordinación de Participación Estudiantil','f'),(26,'Coordinación del Programa Todas las Manos a la Siembra','g'),(27,'Centro de Reproducción, Impresión y Copiado','h'),(28,'Despacho','a'),(29,'Asistente del Despacho','b'),(30,'Sala Situacional','c'),(31,'Sala Video Conferencia','a'),(32,'FUNDABIT','b'),(33,'Informática','c'),(34,'Prensa','d'),(35,'División de Instalaciones y Logística','a'),(36,'Coordinación de Seguridad','b'),(37,'Coordinación de Instalaciones','c'),(38,'Coordinación de Logística','d'),(39,'Coordinación de Protección Socio-Económica y Salud','e'),(40,'Coordinación de Cultura','e'),(41,'Archivo','a'),(42,'Coordinación de Consultoría Jurídica','a'),(43,'División de Investigación y Formación Docente','b'),(44,'Oficina de Misión Robinson','a'),(45,'Archivo de Auditoria Interna','b');
/*!40000 ALTER TABLE `sectors` ENABLE KEYS */;
UNLOCK TABLES;
DROP TABLE IF EXISTS `sistems`;
/*!40101 SET @saved_cs_client     = @@character_set_client */;
/*!40101 SET character_set_client = utf8 */;
CREATE TABLE `sistems` (
  `id` bigint(20) unsigned NOT NULL AUTO_INCREMENT,
  `copy` varchar(255) COLLATE utf8mb4_unicode_ci NOT NULL,
  PRIMARY KEY (`id`)
) ENGINE=InnoDB AUTO_INCREMENT=2 DEFAULT CHARSET=utf8mb4 COLLATE=utf8mb4_unicode_ci;
/*!40101 SET character_set_client = @saved_cs_client */;

LOCK TABLES `sistems` WRITE;
/*!40000 ALTER TABLE `sistems` DISABLE KEYS */;
INSERT INTO `sistems` VALUES (1,'securitycopy2020-06-24 01:31:26.sql');
/*!40000 ALTER TABLE `sistems` ENABLE KEYS */;
UNLOCK TABLES;
DROP TABLE IF EXISTS `tickets`;
/*!40101 SET @saved_cs_client     = @@character_set_client */;
/*!40101 SET character_set_client = utf8 */;
CREATE TABLE `tickets` (
  `id` bigint(20) unsigned NOT NULL AUTO_INCREMENT,
  `ticket` varchar(255) COLLATE utf8mb4_unicode_ci NOT NULL,
  PRIMARY KEY (`id`)
) ENGINE=InnoDB AUTO_INCREMENT=4 DEFAULT CHARSET=utf8mb4 COLLATE=utf8mb4_unicode_ci;
/*!40101 SET character_set_client = @saved_cs_client */;

LOCK TABLES `tickets` WRITE;
/*!40000 ALTER TABLE `tickets` DISABLE KEYS */;
INSERT INTO `tickets` VALUES (1,'visitante'),(2,'provisional'),(3,'video conferencia');
/*!40000 ALTER TABLE `tickets` ENABLE KEYS */;
UNLOCK TABLES;
DROP TABLE IF EXISTS `users`;
/*!40101 SET @saved_cs_client     = @@character_set_client */;
/*!40101 SET character_set_client = utf8 */;
CREATE TABLE `users` (
  `id` bigint(20) unsigned NOT NULL AUTO_INCREMENT,
  `first_name` varchar(255) COLLATE utf8mb4_unicode_ci DEFAULT NULL,
  `last_name` varchar(255) COLLATE utf8mb4_unicode_ci DEFAULT NULL,
  `identification_card` varchar(255) COLLATE utf8mb4_unicode_ci DEFAULT NULL,
  `email` varchar(255) COLLATE utf8mb4_unicode_ci DEFAULT NULL,
  `nick_name` varchar(255) COLLATE utf8mb4_unicode_ci DEFAULT NULL,
  `phone` varchar(255) COLLATE utf8mb4_unicode_ci DEFAULT NULL,
  `password` varchar(255) COLLATE utf8mb4_unicode_ci DEFAULT NULL,
  `remember_token` varchar(100) COLLATE utf8mb4_unicode_ci DEFAULT NULL,
  `rol_id` bigint(20) unsigned DEFAULT NULL,
  `sign` varchar(255) COLLATE utf8mb4_unicode_ci DEFAULT NULL,
  PRIMARY KEY (`id`),
  UNIQUE KEY `users_identification_card_unique` (`identification_card`),
  UNIQUE KEY `users_email_unique` (`email`),
  KEY `users_rol_id_foreign` (`rol_id`),
  CONSTRAINT `users_rol_id_foreign` FOREIGN KEY (`rol_id`) REFERENCES `rols` (`id`) ON DELETE CASCADE
) ENGINE=InnoDB AUTO_INCREMENT=23 DEFAULT CHARSET=utf8mb4 COLLATE=utf8mb4_unicode_ci;
/*!40101 SET character_set_client = @saved_cs_client */;

LOCK TABLES `users` WRITE;
/*!40000 ALTER TABLE `users` DISABLE KEYS */;
INSERT INTO `users` VALUES (1,'Gabriel Antonio','Viloria Aparicio','27167028','gabriel.viloria0812@gmail.com',NULL,'04149017184','$2y$10$PGK4WC4NLdkjNV1Ag/gQk.5EOUXAAg/ZLMRlRXUqNDGoY6ENnzbeK',NULL,1,NULL),(2,'Miguel','Padron','26666666','miguelpadron1234@gmail.com',NULL,'04149017183','$2y$10$CYgUZke5lXZLBAJRRbL10uAH6Me8Iv2CK98qz9yZxX3IA19DUV0L6',NULL,2,NULL),(3,'Giovanni','Olson','9342433','toy.shanahan@example.com',NULL,'1431623','$2y$10$VxnqkDOn5/vMfJ9eLFB9B.w7NJ9wuF92NqD7n6ZJ78LTY6WA5R4GG',NULL,2,NULL),(4,'Faye','Kreiger','9359532','hermann.stella@example.com',NULL,'7391653','$2y$10$mArZYaz8a8DX5z3g/Fy9qu8XsC5AR.59TUCdIiBAskGF3NKYOtbEq',NULL,2,NULL),(5,'Emma','Bartoletti','5869748','tressa66@example.org',NULL,'2578325','$2y$10$//RfUGPUrCc0py1xjuTKHekvPZBCVmZUUbyjcohcxInrkzaj/YKMO',NULL,3,NULL),(6,'Jalon','Jaskolski','6457014','casper.emerson@example.net',NULL,'6368444','$2y$10$qE0jgeVGEJPXe3qJZXZHZuhaYDFMlXw7V2YMKpo.YaPGTOqgeoec2',NULL,3,NULL),(7,'Hosea','Casper','961188','ledner.hiram@example.net',NULL,'420726','$2y$10$.tTF.TSoRNfwHqQVUIlajevMQfTGUXbX.1Znh20phhpjqbVUVk.kW',NULL,2,NULL),(8,'Broderick','Bashirian','8814610','schmidt.eriberto@example.com',NULL,'7794369','$2y$10$QqioXPe2c85r/m6riZ519ugiistMw1nmUl3Ge8BOKfvKOvOAnQZCG',NULL,2,NULL),(9,'Marlen','Greenholt','6958211','parisian.shea@example.org',NULL,'5994979','$2y$10$whY.RG7qy0JGGOzslp/SFuoo05xdC1fMwCa2XR1ZEoE4k4eabZeDm',NULL,4,NULL),(10,'Roderick','Howe','1968837','koby.kreiger@example.com',NULL,'2727475','$2y$10$y.iFMq/ZefdYYXSvTOJUi.p8EswYx9L.dyqOfpHWYWcIK5HIuhG5G',NULL,4,NULL),(11,'Euna','Ward','7893581','nicholaus14@example.net',NULL,'548209','$2y$10$FoalO6c5NYGAsuj4pm.xTOczq7xAH7.odn.PXlzPAkXj/fIZFVm.a',NULL,2,NULL),(12,'Moriah','Krajcik','3283942','pohara@example.com',NULL,'9919194','$2y$10$tF.SYCkDMVqwh2l35pxEoOeN8aDYdse.1pGQD7NLyoxy93iz0WGUq',NULL,2,NULL),(13,'Emerson','Tromp','6254727','eloisa.hagenes@example.org',NULL,'1481898','$2y$10$DSythBI8axpul14cNbMLXuKqGLRkV8BWjj2hYXSPrq5yb6MS3KcO6',NULL,4,NULL),(14,'Dedrick','Spinka','5920148','hill.dorcas@example.net',NULL,'3063661','$2y$10$u36m9JjmxGBsjxWmmjl5KObqTEIeGuBGi/N3zJqdmO3UjIeLDSNmK',NULL,2,NULL),(15,'Tyler','Bechtelar','220356','eden.mitchell@example.org',NULL,'8293873','$2y$10$89FMrOxxxqwqdLRctDdKTOeWIBrVzzL.aoQSpUqoonoW7ocJ71Mf6',NULL,4,NULL),(16,'Bradford','Welch','1476824','nicole69@example.com',NULL,'2304150','$2y$10$80hbyPbjwe6uPBE/IISFB.s/sLfC1lZKg4nOmEAu4OjmjCD5Jdc5O',NULL,3,NULL),(17,'Mazie','Balistreri','2431651','rosie.huel@example.com',NULL,'6117632','$2y$10$6ubMcPCBkVJbEXGkh.bQMODB2w98G8VvDyCLmosDSXPCxgQb07ss2',NULL,2,NULL),(18,'Doug','Runte','7126474','zjerde@example.net',NULL,'61749','$2y$10$EcopeTk3blZQytbJfxLJluM7JtwOnF9DvSupFxF1d.sePeGumFCgG',NULL,4,NULL),(19,'Katrine','Aufderhar','4959156','okuneva.zora@example.org',NULL,'5100839','$2y$10$r7n7noypAXnqluMydr3o2.d.p0HJ55uPBx5JmrAgvo.Jkw.R/aVAu',NULL,4,NULL),(20,'Joshua','Rogahn','7937606','drake.bahringer@example.net',NULL,'3977397','$2y$10$0a8mP4Hdwn0LCqotnhSHQufHhykeE5j52GLNh6FPcESriJxRV85pW',NULL,4,NULL),(21,'Layla','Ward','4468431','itromp@example.org',NULL,'3989602','$2y$10$Cg0FY73ca/n5QC0Ct2LtyuUky5DoDnq1kq6/Cjfb5PTFroffAPkOK',NULL,2,NULL),(22,'Hadley','Schmitt','8624963','jorge76@example.com',NULL,'1713952','$2y$10$rUZ11ZutcxHPDiWsp.9i2OFoRq3WBhIy822ktxsxBIZBw//663a66',NULL,3,NULL);
/*!40000 ALTER TABLE `users` ENABLE KEYS */;
UNLOCK TABLES;
DROP TABLE IF EXISTS `visitors`;
/*!40101 SET @saved_cs_client     = @@character_set_client */;
/*!40101 SET character_set_client = utf8 */;
CREATE TABLE `visitors` (
  `id` bigint(20) unsigned NOT NULL AUTO_INCREMENT,
  `user_id` bigint(20) unsigned DEFAULT NULL,
  `handling_time_id` bigint(20) unsigned DEFAULT NULL,
  `direction_ticket_id` bigint(20) unsigned DEFAULT NULL,
  `provenance` varchar(255) COLLATE utf8mb4_unicode_ci DEFAULT NULL,
  `belongings` varchar(255) COLLATE utf8mb4_unicode_ci DEFAULT NULL,
  `observation` text COLLATE utf8mb4_unicode_ci DEFAULT NULL,
  `code` varchar(255) COLLATE utf8mb4_unicode_ci DEFAULT NULL,
  PRIMARY KEY (`id`),
  KEY `visitors_user_id_foreign` (`user_id`),
  KEY `visitors_handling_time_id_foreign` (`handling_time_id`),
  KEY `visitors_direction_ticket_id_foreign` (`direction_ticket_id`),
  CONSTRAINT `visitors_direction_ticket_id_foreign` FOREIGN KEY (`direction_ticket_id`) REFERENCES `direction_tickets` (`id`) ON DELETE CASCADE,
  CONSTRAINT `visitors_handling_time_id_foreign` FOREIGN KEY (`handling_time_id`) REFERENCES `handling_times` (`id`) ON DELETE CASCADE,
  CONSTRAINT `visitors_user_id_foreign` FOREIGN KEY (`user_id`) REFERENCES `users` (`id`) ON DELETE CASCADE
) ENGINE=InnoDB AUTO_INCREMENT=501 DEFAULT CHARSET=utf8mb4 COLLATE=utf8mb4_unicode_ci;
/*!40101 SET character_set_client = @saved_cs_client */;

LOCK TABLES `visitors` WRITE;
/*!40000 ALTER TABLE `visitors` DISABLE KEYS */;
INSERT INTO `visitors` VALUES (1,17,1,19,'49857 Geoffrey Cliffs Apt. 659\nLake Kathleenborough, MA 15422','','Amet et veniam voluptatum labore voluptatem corporis. Voluptate ipsam quae architecto hic at eaque. Ut quia dolor ullam iusto.','2431651-1ietrf15fvos4shn1p0r'),(2,3,2,17,'7567 Gutmann Stream\nCollierbury, FL 57597','','Ut quia totam atque excepturi eius ex optio. Quis ex porro ad voluptatem neque. Optio exercitationem consequatur quibusdam repudiandae recusandae. Voluptatum omnis non temporibus adipisci impedit. Omnis ut consequatur recusandae non sit.','9342433-vwsbc8r36tryjio0p9yd'),(3,18,3,67,'8923 Dedrick Underpass\nEast Brittany, NC 48661-0125','','Alias ipsum est ut sapiente ab quo. Impedit qui corporis tenetur quod incidunt aspernatur voluptate.','7126474-mnj864p63e4z2p95ump4'),(4,14,4,77,'8405 Grayce Freeway Apt. 318\nJustenmouth, ND 37157-6014','','Voluptatem similique voluptatem ut sint. Id enim veniam eius nisi nihil nobis. Sequi iusto non et ut sed dolorem perspiciatis.','5920148-7dxk6aql6qca7vog6rfl'),(5,17,5,132,'4687 Gottlieb Creek Apt. 945\nNorth Haskellfort, IA 69616-2153','','Quidem odit quasi sint. Aut totam aut est vel beatae quia magni occaecati. Explicabo iusto rem quia laborum et corporis et consequatur.','2431651-soy933vedcnpxinio1mo'),(6,14,6,59,'33585 Kihn Creek\nTillmanborough, GA 11214','','Ex quod eveniet est sunt laborum. Eligendi ut est labore. Veritatis voluptas quasi ex. Sint doloribus nam error culpa quibusdam totam. Tempore labore cum quae totam.','5920148-t10yqg9ijw4ypy19biw5'),(7,2,7,112,'9030 Wilderman Mountains\nWatersview, NY 14255-1495','','Voluptas fugit soluta animi eos veritatis nihil. Quod quia aut consectetur et. Sint quia dolor tempora esse est ipsum. Optio quo dolore et sunt quibusdam ad ducimus ipsum.','26666666-rffbbpfpv8o8cxps0lmf'),(8,4,8,53,'21139 Shanahan Crescent\nNew Elwinview, ID 26057-3708','','Quas corrupti aut sint sequi. Sint culpa vel beatae magni eius. Possimus qui blanditiis quod quisquam.','9359532-de8btw7o3el8n4ofpdck'),(9,11,9,112,'2495 Ernser Parks\nNorth Sammie, AR 96698-8898','','Aut est ut ut quas enim laborum sit. Architecto accusamus aut veritatis porro veritatis.','7893581-rffbbpfpv8o8cxps0lmf'),(10,3,10,80,'8691 Elissa Stream Suite 254\nBartolettiside, MS 48019','','Assumenda laudantium ea possimus eos ea. Aut temporibus est ad et repudiandae minus. Voluptatem voluptatem quas porro vel quam et voluptates excepturi. Ipsum similique explicabo et qui repellendus cum.','9342433-pld81ttp4afp4h7qb4a6'),(11,4,11,57,'19552 Annalise Junction\nNew Myrtishaven, MI 98782-4337','','Ipsum reiciendis aut aut sapiente aperiam. Aut autem vel natus doloribus quis vitae rerum. Voluptatem quasi voluptas eos praesentium. Perspiciatis eveniet et ut temporibus omnis laudantium.','9359532-ptcnxwflunfj50qtrnbz'),(12,18,12,22,'3961 Goldner Trail\nColbymouth, AK 04485','','Vel nulla quidem occaecati culpa omnis officia voluptas. Iure nihil expedita quibusdam pariatur vel asperiores dolore. Odit sequi non harum quibusdam architecto. Minus est sapiente sit mollitia modi aut voluptas.','7126474-mdlwlrbi2ikqwdlyutkl'),(13,14,13,85,'407 Hayes Fields\nKeirastad, SD 76708-1115','','Cum occaecati qui labore. Voluptates inventore magnam ex velit qui eum aperiam. Deleniti repudiandae numquam odio maxime aliquid. Corrupti maiores alias quo nulla molestiae omnis.','5920148-5v0p4hbwmuyz4nwi2svx'),(14,11,14,47,'12416 Hilpert Hollow\nSouth Wendellshire, KY 49797-2826','','Autem odio facere sed enim saepe debitis molestiae doloremque. Vel qui necessitatibus eum dolores. In tempore eius consequatur quia.','7893581-43juhet1byajpx8bcv68'),(15,7,15,85,'8187 Stehr Village Suite 307\nSouth Jazmyn, TX 23213','','Excepturi est assumenda molestias provident ut error iste. Similique ullam veritatis delectus harum tempore est et. Et voluptatum consequatur omnis architecto fugit voluptas occaecati asperiores. Enim maiores aliquid beatae doloremque qui natus non pariatur.','961188-5v0p4hbwmuyz4nwi2svx'),(16,10,16,134,'3561 Abigale Station Apt. 088\nSouth Kiarramouth, HI 60744','','Aspernatur illum optio odio sed dolores. Saepe nulla quisquam laudantium et est ipsum alias. Alias nemo debitis voluptatem voluptatem. Nobis placeat aut sapiente culpa et ut similique.','1968837-jttd25uh697noa5lhw88'),(17,16,17,99,'14344 Conn Streets\nNaomiberg, NV 01566-8416','','Reprehenderit est possimus minima laudantium quo quam inventore. Repudiandae nemo et nihil saepe neque. Vero sed distinctio ab est sint autem.','1476824-s2isazwmkzh5svvd9591'),(18,8,18,59,'103 Anderson Trace\nEmmieview, VT 55526','','Quam error similique error asperiores aut perferendis. Quam et voluptatem ipsum ut possimus. Possimus molestias dolorem eos dignissimos esse laboriosam.','8814610-t10yqg9ijw4ypy19biw5'),(19,3,19,88,'2496 Shirley Dale Apt. 215\nNew Ashtynmouth, MA 26744','','Voluptatem qui in reprehenderit et. Nemo asperiores est dolorum.','9342433-yle5b811hwao7hzy6ixv'),(20,18,20,3,'15537 Litzy Valley\nSammieborough, DC 47107','','Et molestias error fuga hic. Corrupti perspiciatis consequuntur non et expedita et aperiam. Exercitationem aut et magnam molestiae doloremque.','7126474-2r4ayuufhg0a71mh6lql'),(21,14,21,115,'133 Kassulke Points\nEast Catalina, NY 02197-6839','','Praesentium veritatis occaecati cum ut magni et saepe voluptatem. Ut earum autem et veritatis beatae. Debitis hic ducimus quis illo ex ut. Est non eius aut rerum sit consequatur facilis.','5920148-32x34qsvay5ln63x8ro9'),(22,2,22,48,'226 Paula Streets Apt. 006\nLakinfort, KY 62554-6360','','Ipsam et quam ut quasi modi quis. Deserunt cupiditate id voluptas praesentium placeat. Odit quibusdam nostrum in enim.','26666666-8a5yemsr70qsy5cu03at'),(23,3,23,113,'460 Amy Passage\nPort Hulda, WI 94328','','Facere pariatur eum ducimus repudiandae amet itaque. Eligendi similique molestiae reprehenderit. Et ut dignissimos voluptas enim.','9342433-rbh2g7qnw7648vvv78ep'),(24,8,24,29,'281 Volkman Isle\nKarlieborough, NJ 81756-2770','','Nihil non aliquam fuga pariatur. Nihil animi est itaque voluptatem voluptatem. Sit quia sit sed quia dolorem. Ullam quas soluta qui recusandae qui.','8814610-7fymg2s1wojo5qt4g0xs'),(25,3,25,53,'7610 Ludwig Shores Suite 117\nVeumstad, NV 29116','','Rerum consequatur unde aut dolor commodi recusandae voluptates doloribus. Dolores placeat aut repellendus maxime. Enim occaecati autem laudantium deleniti.','9342433-de8btw7o3el8n4ofpdck'),(26,6,26,131,'9117 Cortez Estates Apt. 747\nHegmannstad, NH 00407','','Dolores enim aut ipsa dolorem perspiciatis ut voluptate. Dolorem neque asperiores perferendis rem sit voluptatem voluptates. Distinctio atque ipsum ut sed numquam dicta fugit provident. Sed id autem iusto recusandae excepturi cupiditate. Tempore beatae voluptas sed doloremque.','6457014-ahrekiz460r7hyjacwl2'),(27,13,27,27,'21715 Wunsch Plaza\nLynchmouth, CT 69090','','Harum tempore quam rem. Fugiat quia cupiditate quisquam magni perspiciatis iusto inventore. Aperiam et sapiente et suscipit reiciendis dolore magni non.','6254727-2ebokwlnvp7fg4lrciv5'),(28,4,28,135,'6243 Esmeralda Lakes Suite 347\nWest Breanneport, IL 14034-0443','','Quo expedita id est sint debitis amet qui error. Provident modi cum modi ut sunt ratione. Debitis enim modi quasi tempore sapiente tempora quidem. Harum dicta totam aut sit.','9359532-q0bkmxkkutlgn4bt5nbe'),(29,14,29,73,'9697 Abigail Highway Apt. 096\nEast Margieburgh, DC 41150-4332','','Voluptates quia laborum quidem assumenda. Eveniet doloremque nesciunt aut velit. Ea ipsam aut sed qui qui reiciendis.','5920148-bzl9coaf53fzamkcdiac'),(30,5,30,54,'9414 Clement Court\nMaryseville, RI 46545-1289','','Sint repudiandae labore explicabo harum. Est aliquam soluta maxime odio. Et officiis doloremque quia enim in est. Sunt soluta alias ut eius.','5869748-d7x48szip22czqc401tn'),(31,16,31,133,'3051 Kailey Knolls\nNew Rosemarietown, MO 25229-4477','','Minima ipsa quam repellendus a deleniti est labore ipsa. Tempore molestiae similique consequatur dolores rerum omnis est. Magni quo rem sapiente soluta consequatur.','1476824-eljvpplg2orm1muuhg0p'),(32,19,32,28,'8970 Dortha Pines\nWest Trevorshire, LA 88658','','Numquam odio quam sint sed id. Qui odit aut ab et autem recusandae. Quidem eius inventore quia sed et reprehenderit ratione. Magnam ratione neque amet eum. Tempora expedita quaerat sed natus nulla pariatur voluptatibus voluptas.','4959156-w0kll8tapd86yf2dzqsa'),(33,14,33,85,'245 Casper Skyway Apt. 751\nNew Anastasia, LA 97953-1608','','Provident dolorum suscipit mollitia autem. Labore ullam possimus quo eum error nihil. Nulla aliquid occaecati omnis asperiores optio aut ex.','5920148-5v0p4hbwmuyz4nwi2svx'),(34,13,34,125,'47387 Mitchell Turnpike\nNorth Elyssa, OK 76617-7446','','Ducimus et iure ut labore velit velit quia. Omnis deserunt nihil occaecati. Vitae cum reiciendis maiores provident aut. Explicabo aut vel pariatur sit est recusandae.','6254727-d7ths8yk4x3z8wjxzui7'),(35,11,35,97,'6495 Sylvan Gateway Apt. 498\nAlexastad, NM 92758-7642','','Rerum quis consequatur alias cumque ut. Ea libero asperiores aut inventore fuga accusantium. Amet at iure esse deserunt. Temporibus et itaque totam ut perspiciatis odio. Eaque voluptatibus consequatur placeat veritatis eos.','7893581-xcr3g01d3b2vxg2r05tq'),(36,15,36,15,'3570 Runolfsson Mill\nNew Elianetown, OR 27782-9430','','Dolor laboriosam expedita sapiente sit. A quia et est mollitia. Ut quos veniam enim sint sit inventore doloribus ipsam.','220356-8u2uho2hrgp63a3wbffk'),(37,17,37,77,'998 Jast Valleys\nThielview, ME 64575','','Maiores voluptatum officia culpa accusamus et minus ipsam occaecati. Sint non delectus velit consequatur. Et delectus vitae natus fugiat ut.','2431651-7dxk6aql6qca7vog6rfl'),(38,6,38,90,'814 Schuster Hill\nNorth Deondre, VA 54646-2766','','Qui quia veniam neque quia enim culpa. Est est perspiciatis quia quam est nihil.','6457014-8lvb2wyf4n6pez8ks2pp'),(39,16,39,65,'1410 Erdman Mountains\nEast Anastaciobury, AL 01872','','Temporibus ut nam impedit porro. Aut iusto dolore temporibus debitis sed omnis quia. Porro voluptas delectus fugit ut itaque quia repellat.','1476824-96cipyuhjkuer0altkaz'),(40,8,40,31,'7614 Stacy Grove\nSchultzhaven, MI 15965','','Aspernatur aut sequi quod accusamus aut est quisquam. Sunt quod libero accusamus explicabo. Voluptate id ut molestias ab consequatur minus. Quis ut dignissimos harum qui.','8814610-dfl8yo0mmmfh8z6wjt1y'),(41,18,41,95,'57748 Mack Station\nEast Ephraim, WA 02447','','Provident sequi dolor qui quia. Recusandae possimus et reiciendis sit non exercitationem. Praesentium sapiente et cum sed temporibus. Esse aut dolores enim repellat pariatur.','7126474-6w0u3jcyqp6vwbtwle24'),(42,17,42,48,'9872 Aylin Forest\nGillianburgh, WV 36764','','Officia deserunt ea quia ut aperiam ullam accusamus est. Excepturi eum vel voluptate illo asperiores quisquam aut. Delectus illo rem voluptates et cum beatae.','2431651-8a5yemsr70qsy5cu03at'),(43,12,43,95,'72971 Hauck Causeway\nNorth Mireyaland, ID 40867-0325','','Sint qui labore veritatis laborum a quasi sit magni. Soluta perferendis maiores rem nihil asperiores dolores ea.','3283942-6w0u3jcyqp6vwbtwle24'),(44,3,44,18,'149 Ruby Radial\nHermanhaven, ID 44347','','Quod quisquam qui et molestias ut impedit. Sit consequatur ex quod facilis cumque. Et reiciendis facere est itaque dolores iusto magni minima. Ut qui ipsa expedita eligendi ducimus amet facere distinctio.','9342433-7xj57qj7cqkgjb043rvx'),(45,5,45,90,'6154 Funk Trail Suite 860\nNorth Natalia, AL 20210-6985','','Commodi qui laborum totam doloremque ut. Harum iusto nihil voluptatum qui. Vitae voluptatem modi autem doloribus similique et.','5869748-8lvb2wyf4n6pez8ks2pp'),(46,9,46,5,'41121 Brionna Springs\nLake Audreannehaven, IL 31814-3768','','Voluptas mollitia in ipsa est consequatur accusamus. Dignissimos perspiciatis dignissimos nostrum consequuntur blanditiis repellendus. Accusamus corrupti repudiandae voluptatibus aut.','6958211-vb77vf1m0na2r0ivl3li'),(47,15,47,117,'287 Aron Port Suite 700\nSteuberburgh, IL 33166','','Officiis soluta ad vitae corporis. Itaque quae voluptatibus doloremque qui. Nihil quia aliquid voluptatem aut esse quos ea.','220356-lbsylw9c19ix7o5xodoe'),(48,14,48,72,'4466 Hahn Hill\nWest Gabrielle, CA 26088-5016','','Adipisci enim nisi qui neque vel id. Et autem et maiores sequi ducimus consequatur et. Qui voluptas nihil velit.','5920148-tp6fbltdm2dylw4ag231'),(49,9,49,53,'71790 Miller Coves\nWest Charlotte, SD 96809-3588','','Explicabo illum voluptatem est dolorem unde. Asperiores provident eos ut eveniet. Sint rerum at aut sunt repellendus.','6958211-de8btw7o3el8n4ofpdck'),(50,13,50,125,'850 Tromp Bypass Suite 090\nSusieburgh, DC 18327','','Excepturi id nemo saepe sint et omnis. Recusandae quis quasi ut. Eum optio quis quasi saepe.','6254727-d7ths8yk4x3z8wjxzui7'),(51,5,51,62,'70928 Strosin Mill Suite 894\nAmelieland, OH 46759','','Earum aspernatur impedit et magnam. Vel molestiae nihil quis accusantium quae sunt voluptas dolorem. Dolorem delectus odio et et omnis mollitia. Est excepturi corporis aperiam.','5869748-sar56tadn1t22nnbf52g'),(52,5,52,24,'91557 Bashirian Mountain Apt. 100\nNew Jamesonbury, ID 51816-8528','','Tempore porro ipsam nisi eaque. Iste reprehenderit ea animi perspiciatis est omnis similique eveniet. Neque quis odio assumenda nobis dolor commodi.','5869748-5970nn5xbe6c72cmojve'),(53,9,53,31,'60118 Ritchie View\nDickensville, MO 79867','','Dolorem possimus quaerat aut ex id quis porro. Fugit est repellat asperiores qui tempore nihil ipsam.','6958211-dfl8yo0mmmfh8z6wjt1y'),(54,20,54,116,'37539 Orn Road Suite 077\nGleasonfurt, MS 52303','','Officiis consequatur modi esse sed laboriosam consequatur laboriosam. Consequatur nisi nulla molestiae vel nihil. Facilis quia consequatur laborum velit aut asperiores. Provident laboriosam necessitatibus dolores harum. Nulla repellat autem est autem qui.','7937606-xj3mamp7v06rk7hvl3d4'),(55,3,55,62,'299 Erin Points\nNew Carletonport, SD 97148-4317','','Et laborum soluta necessitatibus. Inventore voluptas odit dolorem. Iste provident adipisci qui dolores soluta.','9342433-sar56tadn1t22nnbf52g'),(56,15,56,133,'87299 Kohler Street\nLeschchester, MO 83662','','Aliquam non est veniam voluptas ut soluta porro. Labore impedit voluptas quasi officiis quibusdam omnis explicabo eveniet. Sit in pariatur saepe non enim minima maxime.','220356-eljvpplg2orm1muuhg0p'),(57,17,57,37,'903 Torphy Dale\nEast Karinaburgh, ID 29074-7351','','Quisquam maxime facilis harum illo beatae. Excepturi numquam repudiandae ducimus quas iure quia corporis. Maxime non quae amet sit. Cumque aut laudantium voluptatem quis et rerum nulla.','2431651-64ov2gbpnpld3kzcaaqn'),(58,17,58,131,'4169 Orland Vista\nNew Adanbury, DC 20612-2861','','Non sit iure ut maxime voluptas iusto provident. Est laborum rerum iure dolorem dicta magnam praesentium. Soluta fugiat voluptatum delectus veniam.','2431651-ahrekiz460r7hyjacwl2'),(59,3,59,23,'33019 Hane Plaza\nSouth Rocky, OH 88057-1588','','Nobis nostrum et ipsa optio porro. Maiores dignissimos ea qui ipsum. Quaerat et molestias eligendi nam sequi. Qui ipsa voluptas ipsum assumenda.','9342433-68tvp56dql53d7z2194f'),(60,7,60,65,'122 Rosamond Highway\nRyanland, AL 15525','','Temporibus modi laborum et expedita hic delectus necessitatibus voluptas. Nisi ullam provident culpa eligendi incidunt perferendis magnam eos. Sed dolorum est suscipit est recusandae et.','961188-96cipyuhjkuer0altkaz'),(61,3,61,56,'359 Feeney River\nAbbottmouth, OR 68074','','Et a corrupti temporibus tenetur accusantium et quis. Similique consectetur quam vel aliquam natus culpa. Quaerat commodi eos natus iste accusamus. Cupiditate mollitia nemo esse deserunt cupiditate est deserunt fugiat.','9342433-aip5n6gm0tyo44jpg9d3'),(62,13,62,15,'119 O\'Kon Course Suite 362\nWisozkville, FL 07332','','Deleniti quam repellendus ab veritatis minus molestiae. Corrupti asperiores sint sapiente a quis.','6254727-8u2uho2hrgp63a3wbffk'),(63,6,63,21,'45575 Schowalter Glen Suite 969\nWest Altaburgh, GA 12612-4412','','Voluptas perspiciatis ut saepe optio laboriosam culpa qui. Totam rerum blanditiis culpa ut.','6457014-rkjolld03rm364c9jwcn'),(64,12,64,64,'6369 Rohan Summit\nElenorashire, DE 70470-5049','','Corporis incidunt quo ut nesciunt accusantium. Quibusdam ut consequatur molestiae ad nostrum. Natus nulla est ut beatae et aut. Officiis minima enim quam. Tenetur eum quis deleniti consequatur hic voluptas consequatur.','3283942-u9i1j6c2egtfx06cclu8'),(65,6,65,132,'495 Matt Ferry Suite 776\nEast Madelynnbury, AL 21508','','Ratione laudantium quis iusto dolore cum beatae. Molestias delectus iure doloribus. Nobis voluptates suscipit id deleniti dolores illum. Blanditiis natus porro tempore nam qui.','6457014-soy933vedcnpxinio1mo'),(66,14,66,92,'35646 Leuschke Ferry\nMariannestad, OK 12182','','Repudiandae amet tempore cum eos molestiae eos omnis. Quo quidem nihil quo sint suscipit eum. Ab occaecati ipsam molestiae quo. A architecto rerum iusto nam et alias.','5920148-qhmpaora7v8fbzij3yip'),(67,3,67,86,'470 Maggio Station Suite 920\nNew Darby, OH 12512','','Veritatis ipsa eos necessitatibus deserunt. Molestias vel aut occaecati perferendis repudiandae impedit sit. Dolores esse modi omnis. Et aut ipsam optio qui qui et tenetur.','9342433-905rbtm7jor8dzlbzjfl'),(68,2,68,111,'50376 Ransom Dam Apt. 169\nLake Marquis, IN 00031-0196','','Occaecati iste sequi animi sit non reprehenderit consequuntur in. Est ea eum magni error inventore. Eius ut a doloremque et deserunt tempore. Adipisci ut quia voluptas fugiat. Animi eos velit saepe sint aliquam autem qui ab.','26666666-f9bby799qyozlhypq5vn'),(69,4,69,3,'566 Ritchie Forest Suite 565\nEast Jeffland, CA 85861','','Quibusdam facere laborum optio rerum ratione id earum. Molestiae explicabo soluta neque id fugiat facilis. Est ipsum porro hic provident.','9359532-2r4ayuufhg0a71mh6lql'),(70,5,70,19,'67323 Jaskolski Ridges\nNew Deion, KY 52197','','Eveniet consequuntur odit et eum. Voluptas saepe dolores dolorem qui totam voluptas animi. Ut sunt quae qui autem. Nostrum neque sed perferendis eveniet.','5869748-1ietrf15fvos4shn1p0r'),(71,17,71,96,'904 Huel Coves Suite 936\nEast Jerald, MT 03093','','Quis qui sit blanditiis pariatur eos. Non veniam odit officia qui. Dolorem sit quibusdam dolorum est velit odio suscipit itaque.','2431651-fz2s0kpt8wppt74yu21z'),(72,6,72,69,'8946 Bettie Pines\nRoryside, ME 40294-9893','','Molestiae totam voluptatem commodi voluptas. Nesciunt in esse consequatur ut.','6457014-9sn08fuvf7n3lker92hj'),(73,9,73,110,'83674 Caleb Junctions Suite 389\nSouth Mason, WA 00633-4774','','Doloremque qui aliquid sunt ducimus qui fugiat enim. Illo omnis qui ea est deleniti harum id. Iusto consequatur porro sed quos. Nihil omnis rem quis sequi est fugiat.','6958211-6ujtml2cra5ms7jb0b7u'),(74,5,74,128,'441 Erdman Mount Apt. 397\nBeckerberg, KS 10660-5007','','Eos accusamus temporibus optio laudantium distinctio natus quia. Eveniet nobis neque voluptatem adipisci omnis veniam. Quibusdam dicta inventore quia.','5869748-34ikwpljatv13onpvz8v'),(75,19,75,26,'7210 Cristopher Village\nWest Larissa, MS 05729','','Mollitia rerum distinctio voluptatem qui repellendus quo id. Rem iste ea incidunt cum voluptates dolor. Itaque voluptatem voluptatem nostrum. Nostrum voluptatem autem similique amet consectetur blanditiis consectetur ut.','4959156-hmpxbhvp7y1r3rme9spw'),(76,13,76,108,'3475 Jaquan Causeway Apt. 085\nBethanytown, LA 39110-2685','','Enim rerum non omnis voluptatibus dicta. Ut ut omnis quod assumenda ut et. Saepe eius porro eum ut illum praesentium.','6254727-qxsdjowjevmswmc64hs9'),(77,6,77,45,'3745 Kovacek Turnpike\nLake Marge, NH 64540','','Aperiam molestias ad perspiciatis inventore. Ea doloribus dolores ex quo. Amet error quia ut doloribus beatae alias. Maxime officiis dolores ex commodi corrupti.','6457014-yvo8xgmvowqoegcl5idy'),(78,7,78,37,'18487 Boehm Spring\nEast Alizafort, VT 75161','','Aliquid non dolorem aut cupiditate voluptas ea. Esse dolorem corrupti rerum harum odio. Aliquid unde et temporibus praesentium assumenda et. Provident distinctio praesentium est qui ipsa.','961188-64ov2gbpnpld3kzcaaqn'),(79,10,79,28,'72798 Armstrong Estates Suite 108\nSouth Myrtishaven, DC 04795-3331','','Voluptas rerum at quis aliquid. Quo odit necessitatibus aspernatur autem a eligendi consequatur. Ut culpa sint aut. Doloremque accusantium et quia.','1968837-w0kll8tapd86yf2dzqsa'),(80,18,80,70,'949 Dicki Parkways\nWest Jalen, AK 42372','','Porro doloribus officiis ut est. Sit maiores repellat at eos fuga dolorem. Molestias accusantium voluptatem ad quasi.','7126474-32fftgdvt82ae0iudqhw'),(81,14,81,72,'227 Langosh Mountains Apt. 077\nNorth Jace, GA 91955','','Ut rerum aliquid quibusdam optio alias. Ducimus sint incidunt voluptatum debitis modi. Numquam similique et fuga explicabo. Quia distinctio veritatis cum quisquam qui et.','5920148-tp6fbltdm2dylw4ag231'),(82,2,82,126,'2506 Miguel Key Suite 178\nNorth Arlo, MO 53056','','Quia et iste a earum fugiat. Sit ipsa eum iusto itaque. Optio porro voluptas facilis qui. Ducimus sit qui aut quae dolorem.','26666666-wfohtwuhkuqiiyu7hf4f'),(83,7,83,66,'40408 Beier Springs Apt. 989\nGillianberg, AL 68587','','Nisi vero eligendi fugiat voluptatibus incidunt. Omnis magni sequi hic rem sint fugit. Tempora qui esse tempore nam.','961188-d8uatgpxh1br08m8pfmg'),(84,8,84,93,'5593 Nellie Prairie\nSouth Delbert, NV 06694','','Explicabo eius voluptatibus a. Soluta cupiditate qui est facere et illo. Quo et ullam sit. Sed ipsam excepturi et aliquam.','8814610-vww3oiey0wjfdcbyoyd6'),(85,5,85,114,'2497 Robb Port\nLabadiefurt, SD 76170-6294','','Commodi nihil laboriosam sunt maiores. Animi earum ab et voluptate dolor. Vel odit natus eum labore libero omnis.','5869748-ot1whtsl98azn64prtrp'),(86,5,86,116,'81173 Charity Pike\nEast Ida, DC 04476','','Atque error id mollitia molestiae. Quidem error consequatur omnis ex. Quia minima eum molestiae consequatur. Animi provident consequuntur consequatur.','5869748-xj3mamp7v06rk7hvl3d4'),(87,12,87,90,'6324 Malvina Fords Suite 952\nNew Elsa, MI 46912','','Molestiae aut et sit consectetur id dolores. Modi ullam vero pariatur illo tempore ad sed. Enim qui ullam omnis eaque eveniet corporis.','3283942-8lvb2wyf4n6pez8ks2pp'),(88,12,88,118,'33450 Schinner Spring\nLake Amaliaville, CA 37135','','Molestiae non magnam nisi. In accusamus omnis numquam aliquam sint quos. Aut harum beatae quis accusamus ipsa. Maxime cupiditate corporis amet quasi rerum sed harum adipisci.','3283942-1m8cirdudfz0235igmoe'),(89,19,89,116,'62615 Ritchie Ferry Suite 090\nPort Barbaraburgh, SD 17871-0944','','Amet eaque consequatur et dolore maxime. Soluta placeat voluptate consequatur quo laborum officiis sint eligendi. Aliquid quis consequatur nulla. Qui modi deserunt qui in.','4959156-xj3mamp7v06rk7hvl3d4'),(90,5,90,121,'6545 Nelle Inlet\nMaximeton, ID 88974-4694','','Ipsa repellendus accusamus sapiente. Facilis dignissimos voluptatem id voluptatem qui dolorum. Labore et ducimus provident voluptate ut dolores vel. Voluptates non porro hic est eos nihil.','5869748-qit8c7h0mbyemc5i8e0u'),(91,16,91,49,'208 Mayert Turnpike\nAndyberg, GA 27423','','Est id voluptatum mollitia excepturi nam. Quidem sed maiores vel autem et quasi debitis quis. Sed unde omnis totam aspernatur quibusdam voluptatum.','1476824-707gts9vabccm8dy5hzt'),(92,18,92,13,'157 Christop Corners Suite 710\nLake Marcosshire, DE 80309','','Voluptatem dolores nemo ipsum voluptas facilis. Reprehenderit assumenda porro aspernatur blanditiis quia ut voluptatibus omnis. Beatae qui nobis quidem fuga ipsum similique. Cum a autem cum iure maxime. Mollitia quisquam mollitia assumenda adipisci aperiam corporis labore.','7126474-ueor9ewijqgr7hnsla5v'),(93,20,93,77,'766 Alice Hollow Apt. 612\nEast Abe, WV 49778','','Mollitia adipisci voluptatem accusamus adipisci dicta. Voluptas quo sed accusantium esse. Qui sequi omnis fuga exercitationem placeat est qui. Magnam quaerat esse excepturi id.','7937606-7dxk6aql6qca7vog6rfl'),(94,12,94,93,'8831 Dylan Court Suite 803\nNew Javierfort, NV 92483-2847','','Sed rem ex illo qui. Atque repellat inventore iure ut. Ipsum sed rerum fuga dolor nemo autem nihil id. Est quibusdam reprehenderit eum est ad laudantium sequi. Et placeat consectetur voluptatibus quia hic fuga asperiores.','3283942-vww3oiey0wjfdcbyoyd6'),(95,15,95,33,'32590 Georgianna Cove Suite 722\nPort Claudiebury, IN 28437','','Velit est est saepe. Libero qui architecto eum in et corporis possimus pariatur. Sit suscipit dicta ut et minima. Aut non quisquam debitis est delectus.','220356-87uqtoo8x43kd3p32e1l'),(96,11,96,88,'718 Immanuel Forges\nNew Joanneville, AZ 14328-3935','','Animi aliquid error dolorum velit. Aperiam officia quaerat architecto dolores. Ut corporis voluptatem consequuntur aspernatur alias.','7893581-yle5b811hwao7hzy6ixv'),(97,12,97,102,'447 Paul Throughway Apt. 088\nWest Rebeca, OR 29740','','Quibusdam nostrum dolorem consequatur sed eaque dolorem eos. Atque et illum alias aut dignissimos eius. Non dolores voluptatem magnam rem harum nostrum qui aut. Et unde facilis qui qui aliquid.','3283942-c49ryxn1zietdljgbsd7'),(98,20,98,101,'907 Dolly Port Apt. 388\nCletusborough, MD 61776-5664','','Sapiente est nam ratione nam ipsum. Quasi veniam omnis et iste dolores. Repellat deserunt omnis ad.','7937606-agntdxs8la383vcvw5re'),(99,20,99,49,'410 Rosalinda Flat Suite 504\nNoemouth, DE 73584-5522','','Omnis voluptatem saepe quam aut molestiae. Quisquam amet voluptatem fugit eos.','7937606-707gts9vabccm8dy5hzt'),(100,6,100,119,'85555 Noemy Rapids\nWest Olaf, AZ 86410-1222','','Iusto totam quae et odio quaerat et omnis consectetur. Hic maiores magni nulla. Excepturi nisi aut corrupti.','6457014-ae6iqp62ihj24fbwarrt'),(101,19,101,23,'4634 Camden Canyon Apt. 776\nBenniemouth, NM 69011-6577','','Doloremque sit aut et sapiente eos assumenda. Alias soluta animi vel non.','4959156-68tvp56dql53d7z2194f'),(102,19,102,66,'747 Dach Circle Suite 261\nPort Lazaro, OR 22844-2947','','Doloremque accusantium et corporis repudiandae. Id soluta voluptates sint ut rem rerum. Commodi molestiae fuga et ex.','4959156-d8uatgpxh1br08m8pfmg'),(103,15,103,40,'163 Bechtelar Islands\nFadelchester, TX 94481','','Cum eveniet et in incidunt soluta mollitia. Tenetur maxime ut et voluptatem illum aut. Atque autem commodi est aut placeat aspernatur.','220356-mjajm2zzx2yq31kwq1x8'),(104,6,104,75,'479 Jerrold Greens\nPort Jeffreyview, MO 79278','','Deserunt laudantium qui eos rerum illo. Nisi est voluptatem iste. Ut dolorum deserunt exercitationem soluta incidunt. Non praesentium cumque aliquam voluptatum.','6457014-9q8obu1bfjqysb8zy3ry'),(105,19,105,62,'69377 Brice Circle\nEast Genoveva, MD 94667-3471','','In voluptatum reiciendis cum ea consequatur. Eos perspiciatis quibusdam non quia et molestiae neque.','4959156-sar56tadn1t22nnbf52g'),(106,3,106,135,'85294 Maggio Groves\nNew Jeremieton, MT 86058-0520','','Ut molestiae aliquam sunt. Soluta earum est qui. Modi adipisci nihil molestiae laudantium molestias nihil optio fugiat.','9342433-q0bkmxkkutlgn4bt5nbe'),(107,19,107,73,'18781 Douglas Gateway Suite 676\nMatildeville, UT 81446','','Maiores illum impedit dolorum nam quasi ipsam alias. Laboriosam temporibus commodi unde maxime ducimus. Quod earum voluptatem error. Voluptatem molestias quos aut ut iure quae nihil.','4959156-bzl9coaf53fzamkcdiac'),(108,9,108,14,'793 Dorris Squares\nPort Gretchen, NJ 53357-2440','','Et nemo ex ab quaerat quibusdam. Aut earum sint aut nobis dolores qui sed. Molestias et id ut et quia facilis. Sit dolores quod ipsam impedit iure adipisci animi.','6958211-xfjo8v371aifoh9qajr4'),(109,11,109,19,'1857 Jacey Track\nAmandaborough, KY 60451','','Inventore deserunt et dolores doloremque voluptas natus et. Minima nihil eveniet cumque voluptatibus dicta. Soluta id minima esse consequatur tempora ab. Et sit cum aut aut quibusdam inventore provident.','7893581-1ietrf15fvos4shn1p0r'),(110,13,110,90,'5777 Roberts Station\nEast Lafayette, IL 50892-0260','','Quia saepe quibusdam sit eos quibusdam laboriosam. Nemo ut assumenda nulla quia nemo.','6254727-8lvb2wyf4n6pez8ks2pp'),(111,5,111,113,'2201 Thad Path\nSummermouth, PA 38052','','Totam quos excepturi perferendis laudantium sed labore. Velit dolorum aut velit dolorem voluptatibus sequi tempora ab. Animi qui consequatur quia. Autem impedit ratione ut cum.','5869748-rbh2g7qnw7648vvv78ep'),(112,14,112,10,'83697 Morris Curve Suite 792\nJotown, MS 19957','','Aliquid quam nobis iste nisi soluta iusto nobis est. Ullam ut totam perferendis velit est. Asperiores nihil vel qui molestiae quas omnis. Nobis voluptatibus enim minus voluptatem aspernatur nihil.','5920148-r9d81pew6cj1qb6cjf1n'),(113,4,113,10,'2829 Baylee Drive\nNew Edyth, SD 95277','','Debitis quibusdam iure vel alias blanditiis. Deserunt qui enim sed voluptatem corrupti. In provident dolore velit.','9359532-r9d81pew6cj1qb6cjf1n'),(114,13,114,108,'56945 Wyman Cape Suite 256\nEarlineville, SC 10963','','Odit reprehenderit officia molestiae incidunt. Alias natus atque asperiores tempore id. Necessitatibus vero rem tenetur animi fuga velit. Ex atque in cumque inventore.','6254727-qxsdjowjevmswmc64hs9'),(115,12,115,72,'6743 Schultz Lakes Apt. 638\nNorth Stan, OR 48229','','Assumenda veniam qui ea voluptatem repudiandae. Dignissimos rerum commodi animi sunt enim. Distinctio eos qui non iste delectus omnis.','3283942-tp6fbltdm2dylw4ag231'),(116,10,116,80,'54061 Verdie Tunnel\nSouth Julie, MA 16612-9807','','Vero explicabo ut consequatur aut quia. Officiis recusandae inventore officiis et reiciendis rerum. Aut et quod sequi sint. Facere sunt nihil nulla.','1968837-pld81ttp4afp4h7qb4a6'),(117,16,117,33,'22391 Von Burgs Apt. 712\nWest Seth, AL 04390','','Eos sit numquam accusamus accusantium ut et pariatur. Dolores animi voluptatem sed ea.','1476824-87uqtoo8x43kd3p32e1l'),(118,10,118,69,'709 Osinski Radial\nPreciousstad, MI 81422-9117','','Totam possimus enim ex dolor odit ipsa quia. Excepturi voluptas corrupti accusantium distinctio voluptatibus. Sed explicabo pariatur molestias voluptatum et earum rerum.','1968837-9sn08fuvf7n3lker92hj'),(119,9,119,12,'525 Koby Fork\nPort Tiffanyburgh, NE 83844-4814','','Provident eos error est. Maxime non quia reiciendis aspernatur ratione magnam. Reprehenderit veritatis ea perferendis dicta quas fuga. Debitis est rerum distinctio et ut soluta.','6958211-z8aqthdkrnfgunr7wsv8'),(120,12,120,9,'95714 Clare Islands Apt. 157\nEast Elveratown, IA 04630-4558','','Numquam consequuntur et ut ipsam dolorem. Consequatur laudantium ut error consequatur. Voluptas quis non quis. Praesentium voluptas possimus id molestiae facilis maxime quod.','3283942-orqb6azdj09ebdbc4buh'),(121,19,121,20,'9444 Bashirian Glens Suite 882\nPort Angelita, AL 73045','','Vero minima expedita odio qui aut numquam ea. Voluptatem optio excepturi rerum quibusdam dolores qui veniam omnis. Ullam sunt sint harum excepturi molestias illo.','4959156-qlbu7uz4q1dzv4r3xt52'),(122,19,122,39,'1728 Marquardt Forks\nNew Chelseaberg, DC 43161','','Et architecto placeat fugiat quaerat eos ullam quia. Tempora ea maxime adipisci delectus.','4959156-9468fezoc4tzvp9w35na'),(123,8,123,82,'2427 Cruickshank Center\nSouth Zella, IN 01123','','Rerum est rerum quo sit. Fugit ut natus vel reprehenderit. Sint consequatur iusto eius a aut consequatur. Dolorem ratione facilis qui.','8814610-8ow64jjdxfg6a9fdms92'),(124,2,124,12,'3723 Mraz Rapid Apt. 132\nNorth Terrence, HI 09759','','Repellendus est quas accusamus voluptates blanditiis. At nostrum adipisci laboriosam beatae. Autem doloribus libero nam iste non. Temporibus est similique dolorum harum fugit.','26666666-z8aqthdkrnfgunr7wsv8'),(125,3,125,28,'96902 Grimes Loaf Apt. 405\nWest Leanna, TX 47321','','Eos neque dolorem doloremque quasi molestiae. Laudantium laudantium deleniti et eum veritatis nostrum. Consequatur vel ipsum nesciunt aut consequuntur nostrum. Dolorem amet aspernatur est velit ut aliquam.','9342433-w0kll8tapd86yf2dzqsa'),(126,8,126,7,'8666 Lew Summit\nBrannonville, SC 87494','','Sit similique ea reiciendis blanditiis fugit illo. Odit qui consequatur et velit. Necessitatibus voluptas sint iure quia explicabo expedita.','8814610-vttxl194zntsp14rqa87'),(127,4,127,21,'2422 Kunze Spur Suite 507\nPort Candicebury, MD 88182','','Qui minus eligendi aut qui. Eos maiores repellat ut. Aut ullam vel velit. Eligendi deleniti odit cumque similique quo assumenda facere vero.','9359532-rkjolld03rm364c9jwcn'),(128,13,128,129,'111 Montana Groves Suite 285\nAlexland, UT 95756','','Delectus assumenda officiis beatae. Sapiente rem fuga temporibus magnam velit molestiae. Modi recusandae accusantium voluptatum rerum. Iure dolorem sit eaque dolorum ratione.','6254727-03fjpfr9fhzjtyb5nt57'),(129,8,129,113,'872 Tillman Fords\nPort Flo, MS 26133-5247','','Nulla ipsam libero itaque. Officia ipsam excepturi voluptatem. Aperiam officiis quae fugiat magnam dolor in qui.','8814610-rbh2g7qnw7648vvv78ep'),(130,20,130,86,'435 Monty Ways Suite 062\nKrajcikton, MA 64365-6180','','Et ab voluptas ducimus ad ab. Sed consequatur porro voluptatem iste sint aut. Ex nostrum rerum eos molestiae voluptatem quia voluptate. Ex est nulla omnis voluptates tenetur iste.','7937606-905rbtm7jor8dzlbzjfl'),(131,5,131,24,'724 Beahan Viaduct Suite 282\nBarrowschester, IA 83720-4914','','Qui molestiae libero et perspiciatis dolorem expedita dolorem. Doloribus et similique aspernatur ex. Nisi voluptas dolorum assumenda quam. Ratione veniam quae perspiciatis facilis.','5869748-5970nn5xbe6c72cmojve'),(132,11,132,134,'8839 Meaghan Light Suite 752\nLake Oren, NM 04406-0367','','Id et dolor odio. Illo ea non dolorum quaerat autem cupiditate laboriosam. Culpa cupiditate quos omnis aut quidem nam consectetur expedita. Dolores rerum quod quo mollitia et quia. Expedita laudantium eaque autem eligendi quis odit.','7893581-jttd25uh697noa5lhw88'),(133,15,133,32,'894 Cummerata Knolls\nAltenwerthmouth, RI 17441','','Occaecati iste aperiam sed atque nihil. Tempora itaque quos est adipisci asperiores dolorum. Molestiae ipsum voluptatem eveniet facilis.','220356-qr4uxyizdawttdgb5ae3'),(134,13,134,112,'63576 Hand Course Apt. 990\nRosaleeton, SC 97644-6018','','Saepe molestias deserunt placeat eos quas. Voluptatem eum facilis cum quo nesciunt dolorem excepturi. Assumenda porro quibusdam incidunt.','6254727-rffbbpfpv8o8cxps0lmf'),(135,6,135,65,'256 Bernie Passage Suite 687\nLynchtown, FL 61981-8991','','Facere est voluptas ducimus quia amet aut. Consequuntur fugit in eius asperiores quibusdam. Laudantium qui aut aut quidem nobis deserunt adipisci. Animi quia et vitae quo quas necessitatibus quod.','6457014-96cipyuhjkuer0altkaz'),(136,12,136,58,'1234 Aurelie Ferry Apt. 486\nBodemouth, MO 06715-2945','','Asperiores labore quae occaecati voluptas voluptatibus. Officia amet dignissimos occaecati voluptatum velit. Consequatur enim odio recusandae numquam delectus qui ut.','3283942-xmy7zf4tzv609xz67kbv'),(137,20,137,57,'96298 Harvey Point Suite 854\nLorenzobury, CT 03614-8735','','Ut corrupti accusamus repellendus rerum. Iste debitis maiores eligendi voluptates. Rem officiis officia necessitatibus esse nihil. Aut culpa natus in.','7937606-ptcnxwflunfj50qtrnbz'),(138,16,138,125,'34379 Josiane Islands Suite 501\nEast Alaynaburgh, WA 91733','','Quia aut ea consequatur dicta. Ipsam omnis illo voluptates qui commodi facere ducimus. Nostrum non quia est.','1476824-d7ths8yk4x3z8wjxzui7'),(139,20,139,87,'35986 Mckenna Streets Apt. 471\nDianaside, DE 29307','','Nesciunt debitis consequatur temporibus soluta esse sint non. Aperiam iste ullam molestias et. Est et facilis debitis porro quisquam architecto ex. Quia amet qui minus atque blanditiis labore eveniet.','7937606-37pq0luyf4p4rz190y5x'),(140,4,140,86,'32745 Baumbach Plaza Suite 822\nLake Abrahamberg, RI 07375','','Eum quibusdam explicabo voluptatem ullam pariatur similique unde esse. Praesentium dolorum porro quia aut rem. Facere quia reprehenderit omnis molestiae qui. Perferendis velit et doloribus velit quo amet architecto sint.','9359532-905rbtm7jor8dzlbzjfl'),(141,4,141,79,'406 Jewel Neck Apt. 267\nClotildetown, UT 51657-4206','','Et culpa debitis et ut vel. Qui velit inventore dolore dolorem. Eos rem qui laboriosam veritatis non.','9359532-856iipedcwdqsrgwnnk5'),(142,12,142,128,'6874 Ruecker Mills Suite 133\nNew Maciefurt, MS 93402','','Et qui facere dolores dolore dolores. Modi voluptatibus non at. At autem quia nemo ipsa rerum.','3283942-34ikwpljatv13onpvz8v'),(143,6,143,79,'481 Ansley Hills Apt. 267\nAdelleberg, IL 30207-3538','','Voluptas minima ullam et dignissimos quod ut quisquam. Aut aut ipsum est quasi quis consequatur aut. Veniam fuga accusamus voluptate eius amet aut aliquid.','6457014-856iipedcwdqsrgwnnk5'),(144,17,144,77,'1953 Schumm Pine Apt. 565\nHowefort, KY 50324','','Voluptate assumenda quidem facilis sit. Esse rem occaecati amet doloribus. Amet eum eum omnis similique corrupti facilis odit. Nam doloremque ratione reprehenderit hic iusto. Amet fugit nesciunt quod vitae et deserunt qui.','2431651-7dxk6aql6qca7vog6rfl'),(145,19,145,16,'304 Grimes Port\nStromanburgh, MS 51126-0693','','Corrupti et corporis molestiae autem iusto. Minus esse odit sunt id omnis sunt facilis.','4959156-jtwjjyavsz70pzqoxhk4'),(146,20,146,32,'813 Graciela Mount\nBoyleport, AR 23339-5582','','Qui neque sunt qui deserunt. Ipsam labore velit sit et corrupti optio. Doloribus eos ut ex aliquid dolor.','7937606-qr4uxyizdawttdgb5ae3'),(147,3,147,109,'781 Pfannerstill Mission Apt. 573\nUriahchester, IA 42981','','Id et praesentium nostrum quo rerum quo. Rerum voluptatibus velit quia repellat ratione consequatur. Voluptatem eum debitis cum commodi.','9342433-tdkdrql1blx5lijqinya'),(148,9,148,107,'8847 Kunde Island\nMcLaughlinside, NV 00000-2437','','Quod impedit veritatis velit aut excepturi. Quia qui cupiditate deleniti nemo. Inventore vero id quia sapiente voluptates.','6958211-8y151ly2s339jq5rhnt6'),(149,13,149,125,'6238 Afton Track Suite 789\nPort Daniella, AR 63280','','Consequuntur et possimus qui maxime ratione maiores ut. Et quia illum voluptatibus. Consectetur expedita a asperiores iure mollitia.','6254727-d7ths8yk4x3z8wjxzui7'),(150,20,150,102,'255 Oren Keys\nBrycenburgh, MO 84411','','Ut quis nulla sint eum. Laboriosam eum doloribus iste et iure sint. Voluptatem beatae et consequatur reiciendis. Recusandae eveniet consectetur laudantium et repellendus expedita.','7937606-c49ryxn1zietdljgbsd7'),(151,2,151,83,'802 Ortiz Burgs\nNorth Roberta, UT 70292','','Sequi autem dolorem repudiandae consectetur doloremque id rerum fuga. Veritatis consectetur vero ipsam voluptatem incidunt nesciunt. Et eum sed possimus perferendis sequi architecto vel debitis. Labore voluptas consectetur harum non dolorum id.','26666666-26sl2pour8n7mc7xqwee'),(152,8,152,114,'2087 Ward Center Apt. 021\nSouth Marc, OH 01593-9112','','Ut tenetur quia corporis fuga facere. Itaque est ipsum nam odit rerum ipsa nisi. Enim itaque rem debitis ut aut.','8814610-ot1whtsl98azn64prtrp'),(153,3,153,88,'9396 Wuckert Mills\nEast Guillermoville, WV 31853','','Commodi iste natus ut laudantium. Amet doloremque omnis minus nemo ut dolor quas. Et nobis voluptatem neque nobis quo. Hic est vero tenetur eos consequatur nihil necessitatibus.','9342433-yle5b811hwao7hzy6ixv'),(154,12,154,111,'954 Penelope Avenue\nSigridchester, MO 22731-5711','','Inventore asperiores praesentium amet dolores illo eveniet. Veritatis dolorum ipsum omnis id corporis ducimus. Sit excepturi cumque sint rem impedit culpa quis repudiandae.','3283942-f9bby799qyozlhypq5vn'),(155,2,155,120,'7252 Tyree Ridges Apt. 710\nOndrickafurt, MN 32069-9000','','Labore placeat dolore molestiae labore cumque soluta. Ipsum atque totam sint hic quos.','26666666-kvqn00w27alxxqgx25tq'),(156,6,156,30,'838 Anderson Flats\nPort Hattie, WY 56440-8914','','Enim debitis fugiat at itaque adipisci et. Excepturi id praesentium quis repudiandae architecto. Quae alias in odio possimus dignissimos.','6457014-79ug0x4rozw9n5u7jct5'),(157,2,157,109,'56201 Bergstrom Flats Suite 904\nEast Rosettatown, IL 65885','','Sunt laboriosam et incidunt eum. Qui sunt ipsa non cupiditate qui eos temporibus. Et beatae eos qui.','26666666-tdkdrql1blx5lijqinya'),(158,4,158,104,'75164 Carrie Vista Apt. 689\nDessiechester, KY 42845','','Nostrum iure consequatur vero eum tempore provident expedita minima. Dolore alias consequatur cum a eaque sed occaecati aliquid. Dolorem a reprehenderit quisquam. Culpa maiores consectetur itaque eos.','9359532-j6sg585yuloq4puwuilx'),(159,19,159,82,'6578 Lesch Turnpike Suite 106\nEast Norvalfort, MI 36333','','Commodi voluptates praesentium ut doloribus quae odio. Explicabo magni et aut ullam ut quo reprehenderit. Explicabo aut voluptas earum in deserunt repellendus distinctio.','4959156-8ow64jjdxfg6a9fdms92'),(160,14,160,103,'9808 Melyssa Tunnel\nKautzerland, ME 45233-3475','','Iusto consequatur eveniet quos qui laudantium nobis sapiente. Ut velit eum occaecati a quia optio quia. Maiores quia unde totam fuga.','5920148-3j803vgtvpr4vb10krqc'),(161,10,161,46,'11870 Maye Loaf\nGreenland, VT 21845-3846','','Veniam expedita nemo consequatur. Soluta et dolores quis nulla et nesciunt.','1968837-s1c9vhnkl6261prtlfs5'),(162,6,162,6,'30146 Alexandrea Terrace\nNew Geovannyhaven, VT 14394','','Eos possimus consequatur qui labore quibusdam rem reprehenderit. In amet placeat est vero quo. Dolorem est iste ducimus ducimus perferendis. Qui at sed ex et.','6457014-2ficyi6ia4rpznpth5br'),(163,11,163,14,'89313 Ruth Inlet\nEast Katrineport, CA 65617-5120','','Quia asperiores voluptas ea autem animi. Fugiat inventore incidunt quasi veniam aperiam soluta nobis. Esse ut dolor totam vel ut animi.','7893581-xfjo8v371aifoh9qajr4'),(164,20,164,129,'4343 Batz Prairie Suite 490\nHailieview, AR 95811','','Vel animi sed dolor omnis. Rem ea harum quisquam excepturi. Eum quo ut et ipsa. Suscipit doloribus ipsum dolorem aut.','7937606-03fjpfr9fhzjtyb5nt57'),(165,11,165,86,'60558 Sibyl Manors Suite 206\nMooreberg, IL 53189-4667','','Voluptatum et dolorem maiores incidunt sint ad. Quia quaerat dolorem quasi repudiandae dignissimos quis. Asperiores eaque cum suscipit unde.','7893581-905rbtm7jor8dzlbzjfl'),(166,20,166,125,'9805 Gaylord Harbor\nSporerstad, RI 99059-6940','','Ut vitae quia impedit totam recusandae sit. Voluptas dignissimos inventore iusto omnis nam ut nihil quis. Voluptatem provident perferendis voluptates ut non nam. Distinctio sunt et quis in omnis voluptas voluptate repellat.','7937606-d7ths8yk4x3z8wjxzui7'),(167,4,167,35,'6841 Lionel Spur Suite 522\nHeavenfurt, KY 17030-6062','','Aliquam sunt odio perspiciatis sed officiis sit. Sed vero sequi quasi architecto placeat. Ut dolore eaque doloremque sunt molestiae. Consequatur ad et earum nulla omnis aspernatur voluptas eaque.','9359532-cglddn006pt7ldspbacv'),(168,11,168,21,'6425 Candido Path Suite 539\nWintheiserside, SD 10028-3177','','Quis cupiditate quia minima. In eos nostrum molestiae occaecati. Nisi iusto temporibus optio enim doloribus voluptates sit.','7893581-rkjolld03rm364c9jwcn'),(169,6,169,27,'907 Carleton Brook\nNew Kamrynfurt, ME 83198','','Quae ab eos sed. Iste magni quis voluptatibus quo nihil aut. Dolorum debitis omnis perspiciatis. Autem et ab veniam iusto fugiat quos.','6457014-2ebokwlnvp7fg4lrciv5'),(170,16,170,89,'31051 Bogisich Rest Suite 878\nEast Lorenzotown, ID 58258-2015','','Et asperiores debitis eos cumque hic enim odit. Maxime quos officia sed ut. Vero ratione dicta in laborum iste. Excepturi voluptatem porro et aut aliquam ipsum voluptas.','1476824-a63rs130ho6ctgpwdgcq'),(171,4,171,10,'111 Candace Inlet Suite 132\nLake Nakiafort, TX 20062','','Error optio sint et. Optio aut nisi doloribus. Odit odit aperiam corrupti aut libero. Quasi vel atque accusantium animi eum at est incidunt.','9359532-r9d81pew6cj1qb6cjf1n'),(172,8,172,122,'44954 Audie Port\nNew Effie, NH 73064','','Est voluptatibus eum beatae quam quia laborum ab non. Et aliquid officiis sint excepturi dolorum. Eum modi nobis nisi cumque tempore explicabo. Sed quaerat est quo quo ipsam deserunt.','8814610-c4r0xmp4syzgclnneqws'),(173,10,173,33,'608 Considine Drive\nWest Zanetown, NC 90004-8099','','Nesciunt omnis qui accusamus qui. Aliquid ut suscipit similique aperiam rerum. Laudantium error sed totam laudantium laborum velit exercitationem. Necessitatibus ex amet vero sed praesentium placeat enim.','1968837-87uqtoo8x43kd3p32e1l'),(174,6,174,3,'54175 Zulauf Corner Suite 520\nPort Pasqualeport, LA 39304-0279','','Rerum placeat qui culpa neque ut omnis. Eos voluptatum nam est id. Vero harum iusto reiciendis eius harum dolores. Optio laudantium quia aut et ut.','6457014-2r4ayuufhg0a71mh6lql'),(175,3,175,33,'27250 Prosacco Skyway\nEast Catharine, MS 82838','','Ducimus expedita magnam impedit enim et velit eum soluta. Eos et quam impedit sit doloremque. Reprehenderit temporibus ut qui exercitationem commodi animi. Laboriosam inventore tempore soluta ab et eos officiis aut.','9342433-87uqtoo8x43kd3p32e1l'),(176,6,176,15,'480 Gleichner Bridge\nJodymouth, KS 34939','','Et deserunt id explicabo repellat. Est accusamus consectetur et illum.','6457014-8u2uho2hrgp63a3wbffk'),(177,2,177,53,'6214 Herzog Skyway\nJenkinsberg, LA 28216','','Deserunt ut quibusdam aliquam cupiditate. Distinctio ipsa necessitatibus et excepturi quia minus modi. Maxime aut dolor sit accusamus vero quia aliquid ipsum. Velit accusamus recusandae suscipit odio voluptatum architecto.','26666666-de8btw7o3el8n4ofpdck'),(178,4,178,110,'744 Diego Estate\nFerrychester, AL 71736','','Ex expedita quia cupiditate cumque quod tempora. Rem corrupti porro quis. Nihil ad quisquam non beatae. Cumque ullam veniam ea quis qui.','9359532-6ujtml2cra5ms7jb0b7u'),(179,14,179,89,'56747 Roselyn Lane\nThompsonfort, AL 05158-0475','','Ut ut aut quia assumenda. Officia sunt tenetur quo perferendis quod voluptas cupiditate rerum. Nam necessitatibus accusantium voluptas minus ut laboriosam cupiditate molestias. Officia quasi eligendi suscipit ut. Totam ea nesciunt nemo illum totam eum ut.','5920148-a63rs130ho6ctgpwdgcq'),(180,16,180,4,'302 Luis Throughway\nWest Donnyborough, OR 21400-9864','','Sit eaque molestiae totam sed. Rerum totam quidem laborum quidem officia aperiam. Eum adipisci voluptatem ut deserunt impedit. Eos et velit quis dignissimos sequi veniam.','1476824-5lvtutyem7lje6sawxzz'),(181,15,181,31,'5752 Lonie Ferry Apt. 669\nLake Wilhelmberg, PA 72135','','Quia aut dolorum velit corporis consequatur sed illo. Non adipisci similique iure odio ad inventore hic. Aut fuga optio officia repellendus harum porro.','220356-dfl8yo0mmmfh8z6wjt1y'),(182,20,182,85,'34231 Smitham Land\nVeummouth, MS 47944-1113','','Neque omnis reiciendis rerum aut doloribus rerum debitis quia. Omnis ea voluptas maxime qui. Molestias nihil qui qui magnam autem. Velit ut porro id rerum voluptatem.','7937606-5v0p4hbwmuyz4nwi2svx'),(183,17,183,109,'230 Melany Cliff Apt. 889\nJohnsmouth, DC 10393','','Qui sequi est numquam eaque ipsam. Aliquam minima nesciunt minus tempore laudantium est voluptas quisquam. Magni et sunt quo non laboriosam quis eius ut.','2431651-tdkdrql1blx5lijqinya'),(184,5,184,94,'89533 Walker Spring Suite 995\nPort Kennedy, NC 87138','','Id amet sed error error officiis et quia. Voluptates reprehenderit sed et ut molestiae. Qui voluptate dolor quia velit cumque et aut.','5869748-cnrmqfneo0pfv0t0tqus'),(185,10,185,85,'73919 Rosalyn Mills\nNew Hettie, NV 78514','','Suscipit iusto ad sint magni eveniet aliquid. At eligendi ad temporibus delectus perferendis. Nihil accusantium quis accusamus voluptatem dolorem officia.','1968837-5v0p4hbwmuyz4nwi2svx'),(186,3,186,60,'31456 Lew Isle\nSouth Baby, NJ 92639','','Ut nesciunt beatae culpa tenetur in harum. Deserunt tenetur consequatur accusantium molestiae nihil autem aut. Ipsa voluptatibus similique aut debitis quo ut dolores.','9342433-fb1pj7eudm3ai5p8q7em'),(187,3,187,49,'358 Lenny Ramp\nWeimannberg, MD 24713','','Nemo eveniet debitis quisquam sint. Est dolor molestias similique. Numquam fugit facilis et quasi nulla iure.','9342433-707gts9vabccm8dy5hzt'),(188,20,188,31,'139 Grimes Oval\nMannstad, MN 79438','','Cumque quia autem ea. Omnis qui assumenda quisquam dolores. Enim alias exercitationem dolore qui sapiente. Repudiandae nesciunt sint unde nam. Placeat rerum labore molestias non quas.','7937606-dfl8yo0mmmfh8z6wjt1y'),(189,13,189,64,'828 Schimmel Ville\nNew Kiarraton, OH 75126','','Et repudiandae voluptas dolores quo quia. Suscipit deleniti libero saepe assumenda et occaecati in deleniti. Quo fugiat cum quos. Quia beatae ab maiores quisquam non porro vel sunt.','6254727-u9i1j6c2egtfx06cclu8'),(190,10,190,106,'1797 O\'Reilly Course\nLake Sydni, VA 42064-0447','','Et et ut et. Ipsa ab sint maiores ea. Sunt consequatur ducimus cum et molestias et illum.','1968837-720476ce7kv0xs8cjo6x'),(191,12,191,7,'37710 Mckenzie Mill Apt. 508\nSouth Cesar, AL 60735','','Animi similique unde vel. Quidem aspernatur molestiae autem praesentium nam facere ut ullam. Aut et aut molestias aspernatur voluptas molestiae sint.','3283942-vttxl194zntsp14rqa87'),(192,14,192,122,'45070 Zackary Manors\nLake Brennonberg, CA 24675','','Et sit dolore ipsam libero sapiente et quia aut. Delectus repudiandae qui non dolorem et. Ullam ut fuga quos iure. Ut minus et rem cupiditate vero quia maiores. Id voluptatibus necessitatibus eius esse hic.','5920148-c4r0xmp4syzgclnneqws'),(193,9,193,38,'51730 Steuber Stream Apt. 790\nWest Brycen, SD 03937-4016','','Tempora aut nihil neque maxime est consequuntur veritatis. Ut consequatur ea quia deserunt qui enim assumenda labore. Dolorum tenetur tempora eum molestias et.','6958211-7xw7reb1i92skp7o8ghv'),(194,9,194,42,'50482 Wendell Trace Suite 211\nNorth Allanville, MT 79294','','Debitis ab aut dolores sed expedita. Sunt voluptas quaerat placeat voluptatem cumque. Occaecati dolore alias sunt. Voluptas et at officiis maxime repudiandae ipsa repellat.','6958211-bjh4nepfn3yv5oi7i6iq'),(195,13,195,10,'8394 Stanton Junctions\nSouth Bernita, ND 85814-4509','','Fuga optio non doloribus id et delectus. Est fuga incidunt quia qui ipsa qui animi qui. Et eius aperiam impedit ipsum quos.','6254727-r9d81pew6cj1qb6cjf1n'),(196,12,196,118,'40963 Alysa Street Suite 169\nNew Nataliafurt, WI 40959-9899','','Est quis iste deserunt quod dolorum. Iste sunt minus molestiae provident quos voluptatum et consequatur. Vitae maxime nobis non mollitia.','3283942-1m8cirdudfz0235igmoe'),(197,9,197,7,'385 Abernathy Camp Apt. 742\nPort Penelopefurt, DC 00817','','Incidunt voluptatem similique suscipit numquam voluptates tempore. Consectetur consequatur illo adipisci odit. Iusto aut vero velit qui. Repudiandae minus qui omnis ad accusamus.','6958211-vttxl194zntsp14rqa87'),(198,3,198,54,'341 Kohler Cliff\nWest Unaton, AK 32328-2613','','Iste quod facere neque aut et voluptatem illum et. Aut minima esse vero maxime placeat ut expedita. Delectus rerum nihil consequuntur et incidunt expedita soluta.','9342433-d7x48szip22czqc401tn'),(199,13,199,10,'748 Leffler Ferry\nSouth Kalimouth, AK 62125-8422','','Architecto consequatur iste asperiores illum. Earum sed et fugit blanditiis optio voluptates velit. Quos rerum itaque velit et nulla dignissimos. Et explicabo sunt dicta sunt. Voluptatem et doloribus fuga inventore error.','6254727-r9d81pew6cj1qb6cjf1n'),(200,18,200,67,'312 Tremblay Knolls\nBartellport, CA 69683-1393','','Cupiditate ut sed facilis laudantium. Est laudantium minus quo aut quos minima. Non facere est magni. Velit voluptatem veritatis est eveniet tenetur optio.','7126474-mnj864p63e4z2p95ump4'),(201,3,201,52,'142 Elda Loaf\nWest Liza, NE 55806','','Neque rerum ab nihil exercitationem. Est ut vero placeat quaerat maxime et quo. Dolores nisi maiores architecto voluptas. Dolor autem ea magni voluptates tenetur aut ratione dolorum.','9342433-jt8sqec8892xau524xps'),(202,18,202,112,'7386 Parker Village Apt. 721\nEast Brendonport, FL 22095-8822','','Omnis et nobis ad repellendus minus. Consequuntur quo corrupti vero minus ipsa in.','7126474-rffbbpfpv8o8cxps0lmf'),(203,14,203,20,'99534 Dach Light Apt. 274\nLake Logan, MN 30648-6054','','Recusandae sit impedit architecto laborum non illum quia. Et aspernatur voluptas ex officiis nobis. Et atque aut in sed.','5920148-qlbu7uz4q1dzv4r3xt52'),(204,8,204,103,'28030 Jarrett River Apt. 786\nWest Keagan, HI 34946','','Quibusdam et natus sunt cum enim possimus. Animi incidunt qui enim minima soluta saepe veritatis. Eum nobis mollitia blanditiis et dolore ipsum.','8814610-3j803vgtvpr4vb10krqc'),(205,15,205,125,'5545 Charlie Mill\nPort Eliseo, MT 55234-2357','','Perspiciatis debitis nisi vitae quidem. Sit autem cumque aut deleniti sed. Sit dolor numquam et quod molestiae tempore.','220356-d7ths8yk4x3z8wjxzui7'),(206,7,206,79,'805 Addie Burgs\nEast Nolan, NH 54349-9865','','Et ea rerum ea dignissimos quam. Et ratione quia et autem eos eaque. Quas maxime eius fuga vel. Quasi ullam atque architecto.','961188-856iipedcwdqsrgwnnk5'),(207,19,207,53,'3443 Orn Bypass\nFedericofurt, SD 12132','','Ut velit modi ex beatae sed corrupti quas. Quia quia expedita ipsam. Enim qui pariatur impedit reprehenderit facere libero sed.','4959156-de8btw7o3el8n4ofpdck'),(208,5,208,63,'61191 Precious Ranch Apt. 407\nKutchshire, AZ 65803-8948','','Et accusantium consequuntur et molestias sunt nisi. Similique soluta magni et illo totam et. Rerum perferendis incidunt sunt ea.','5869748-4gb1knsoszroeicgzgjt'),(209,15,209,132,'278 Pierre Center Apt. 490\nGrahamborough, VT 56852','','Qui quo sit dolor hic ea beatae. Voluptas nesciunt excepturi repudiandae ipsam quae nesciunt recusandae nam. Sed autem delectus soluta deleniti et assumenda. Laboriosam aut ab culpa sint aperiam molestiae nihil.','220356-soy933vedcnpxinio1mo'),(210,14,210,13,'1678 Clarabelle Crescent\nBlockland, KY 72093-5516','','Harum ipsum ut eligendi velit aut. Assumenda soluta tenetur et nihil fugit sint in quisquam. Qui fugiat provident voluptas et. Ullam itaque ut modi aperiam et tenetur. Labore non enim qui.','5920148-ueor9ewijqgr7hnsla5v'),(211,6,211,41,'6968 Malinda Row Apt. 575\nUnaberg, MO 38661-5660','','Qui et et sequi ipsam recusandae ut odio. Voluptatum debitis sunt ut et. Tempora reiciendis quo rerum eum. Quaerat est nobis magnam expedita aut animi. Quisquam aut natus magnam excepturi.','6457014-zu4kfdyhbxchqz29h8yb'),(212,16,212,3,'5742 Katelyn Lights Suite 383\nNorth Amber, WY 78463','','Qui modi nostrum repellat quia. Voluptatem ut amet quia nisi at occaecati. Neque occaecati magnam quo est ipsa cum ipsum nobis. Ab est perferendis facilis aliquid.','1476824-2r4ayuufhg0a71mh6lql'),(213,19,213,116,'200 Runolfsson Isle\nSchadentown, KS 35855','','Ut autem id quaerat molestias. Et cum molestiae impedit aliquam et. Sint et odio hic quis sapiente.','4959156-xj3mamp7v06rk7hvl3d4'),(214,12,214,121,'2648 O\'Hara Plains Apt. 455\nSouth Eloiseport, KY 11832','','Omnis corporis modi velit assumenda voluptatem deserunt quos. Voluptatum dolore quia sunt rerum non rerum in. Possimus eius sit ut aperiam maiores enim fugit.','3283942-qit8c7h0mbyemc5i8e0u'),(215,15,215,80,'1858 Jazmyne Estate\nCameronland, NM 67103-0839','','Et delectus ut facere neque. Delectus eligendi fuga cumque nobis sint. Tempora sequi voluptatem ratione excepturi sapiente qui. Vel consectetur aut maiores autem est perspiciatis.','220356-pld81ttp4afp4h7qb4a6'),(216,14,216,56,'864 Neha Mountain\nNorth Elroyside, NJ 33722-0914','','Non id earum cumque sed sed ab. Tempora commodi ad repellat reprehenderit asperiores laboriosam. Non et qui qui quis ut reiciendis.','5920148-aip5n6gm0tyo44jpg9d3'),(217,10,217,64,'40313 Pouros Bridge Suite 720\nPort Keshaunfort, FL 32079-1495','','Hic fuga nisi et et voluptate dolorum sequi. Qui recusandae repellendus veritatis beatae sunt autem earum. Libero et cum nulla animi blanditiis corporis.','1968837-u9i1j6c2egtfx06cclu8'),(218,7,218,103,'104 Jeanie Terrace Apt. 023\nMrazmouth, AR 60523','','Repellendus occaecati et et. Provident recusandae aliquid ut eius dolorum fugit. Eligendi velit quo omnis dignissimos vel quia consectetur.','961188-3j803vgtvpr4vb10krqc'),(219,12,219,43,'410 Keeley Court\nWest Linda, MO 27798-3612','','Reiciendis odio inventore aspernatur dolores facere enim. Quo quam vero adipisci provident quisquam soluta.','3283942-v9n34ghsjx0s1iisxywe'),(220,10,220,54,'67914 Harvey Terrace\nLake Idellton, NE 03171-6046','','Cum voluptate ut quis ea doloribus optio a. Qui dolor inventore nihil et optio dicta aut.','1968837-d7x48szip22czqc401tn'),(221,3,221,1,'21464 Giovanny Avenue\nPort Stella, PA 35918-7397','','Modi assumenda vero ut incidunt eligendi minus vel. Qui voluptatibus dolorem ut eligendi sequi soluta. Fugit aspernatur qui eum rem.','9342433-h2ezk6czllgf0yzpqzzo'),(222,13,222,109,'822 Cornell Forks Apt. 650\nAmbrosetown, SC 46217-0176','','Non repellat nam deleniti ullam voluptates dolorem et. Incidunt officiis et voluptatem quis veritatis itaque nulla. Doloribus maxime nobis enim qui neque quidem.','6254727-tdkdrql1blx5lijqinya'),(223,6,223,34,'813 Dibbert Vista Apt. 118\nNew Arelyport, GA 30118-3827','','Occaecati praesentium dolor ut odio. Deserunt rerum quasi odit ducimus quis velit eos. Ut delectus pariatur deserunt soluta officia quas nostrum. Et nisi sed at perferendis aut.','6457014-xvbheglg565e67x1u3ok'),(224,20,224,127,'6486 Caden Creek Suite 086\nLake Ahmedburgh, MO 30908','','Repellat et dolores minus recusandae architecto dolores. Aperiam quo fugiat nobis possimus molestias. Minima et hic error quae id laborum. Soluta neque vel quisquam ut temporibus optio.','7937606-5po0k499jqfezx0u2m81'),(225,13,225,81,'785 Waelchi Dam\nTatumside, ME 17947-5180','','Eius et sed atque. Doloribus delectus fugiat aperiam ex odit sed. Consequatur recusandae sint et. Voluptas nisi possimus eaque rerum hic.','6254727-0747yo06o8mryr1ojegy'),(226,3,226,27,'586 Jenifer Cliffs\nWildermanton, ID 03054-5448','','Non dolor porro quis sunt accusantium et. Sequi tempore ea sint consectetur autem distinctio est. Soluta vel consequatur blanditiis dolor libero est reiciendis.','9342433-2ebokwlnvp7fg4lrciv5'),(227,3,227,124,'496 Grimes Terrace Suite 487\nNorth Janemouth, VA 54173','','Veniam et enim et ullam rerum molestias veniam. Rerum sit et cupiditate architecto ab sint. Facilis quas corrupti ex nihil sapiente error veritatis.','9342433-he5jma4stkhcgae7nrw9'),(228,11,228,111,'594 Lubowitz Estate\nUbaldoburgh, NV 15416-4308','','Aut enim labore error quae corporis mollitia. Doloribus accusamus voluptatem non aut. Aut facere autem ipsum nihil aut et placeat cumque.','7893581-f9bby799qyozlhypq5vn'),(229,8,229,100,'28497 Altenwerth Trafficway\nNorth Estrellaview, VA 08460-5937','','Velit nemo totam dolor tempora rem distinctio enim. Nihil qui quo est aut quo autem.','8814610-pscyx0bli28mowgy564d'),(230,10,230,54,'9859 DuBuque Points\nIsaacview, SC 50504','','Amet perferendis ipsam autem dicta. Id rerum vel qui cumque id rerum alias sit. Reprehenderit sunt unde molestiae dolores non asperiores. Ut ducimus est itaque.','1968837-d7x48szip22czqc401tn'),(231,7,231,3,'908 Camden Vista\nJacinthechester, IL 14162','','Enim qui nostrum dignissimos velit eligendi. Optio laudantium voluptatibus vel provident fugit consequuntur. Corporis dolore nihil ipsam similique est.','961188-2r4ayuufhg0a71mh6lql'),(232,6,232,52,'628 Carlos Villages\nEast Oralburgh, MA 37443','','Magnam maiores itaque mollitia cum quidem occaecati provident. Veritatis eaque et ab deserunt enim vero ipsum. Assumenda sed et in ad officia.','6457014-jt8sqec8892xau524xps'),(233,20,233,77,'88635 McLaughlin Villages\nPort Donatofort, DE 48860-0387','','Quia itaque odit sit eum. Eum cumque quaerat quos at iure. Ab sed minus ut rerum et quis. Nostrum eum unde minus. Nulla maxime soluta impedit architecto quae iure quo.','7937606-7dxk6aql6qca7vog6rfl'),(234,8,234,102,'17341 Nicolas Lakes\nBayerfurt, SC 54738-9367','','Dicta sunt magni voluptatum qui laborum quasi. Exercitationem soluta quae iste iste sit molestiae porro iste. A rerum nemo dignissimos ut consectetur sed autem. Inventore a quae nulla quasi.','8814610-c49ryxn1zietdljgbsd7'),(235,2,235,76,'21987 Kayley Road Suite 199\nWest Austinstad, TX 02231','','Voluptatibus nam iste sed rerum sit. Aut tempora dolores explicabo debitis minima. Omnis harum minus est consequuntur voluptate rerum qui eligendi. Est quas et omnis fugiat non. Magnam dolorum excepturi nemo doloremque facilis amet illum enim.','26666666-i6sjr2uc2opgghf8reuw'),(236,3,236,51,'56114 Kuhic Circle\nDarlenehaven, VT 12609','','Doloribus est saepe ratione nulla autem quis ut. Repellendus aut odit architecto voluptates fugit. Non assumenda expedita quas repellendus quaerat quisquam dolore.','9342433-wagvigkrdss4rrxnry15'),(237,17,237,20,'867 Corwin Lights Suite 081\nLake Desmond, NH 87463','','Et omnis eum nam quod quia molestiae. Possimus quidem qui alias suscipit natus. Perspiciatis unde recusandae aut modi harum doloremque.','2431651-qlbu7uz4q1dzv4r3xt52'),(238,5,238,114,'457 Karlie Isle Apt. 018\nGerardostad, AZ 64712','','Consectetur rerum harum dolorum quo dolorem. Tempore laudantium aut iusto quam perspiciatis asperiores. Ipsam vitae qui consequatur nulla eveniet natus.','5869748-ot1whtsl98azn64prtrp'),(239,5,239,110,'851 Pouros Orchard\nParkerhaven, NE 23146-4906','','Laboriosam sapiente deleniti eos eum quia. Iusto quis consequatur veniam consectetur tempore occaecati. Repellat numquam voluptates laboriosam molestiae ab.','5869748-6ujtml2cra5ms7jb0b7u'),(240,15,240,121,'542 Cassie Glen\nWest Simeon, CT 16538-1557','','Hic dolores quaerat ut magnam excepturi nihil facilis. Ut aut qui delectus et omnis atque vero quisquam. Numquam qui totam dolorum et labore voluptate. Asperiores autem officiis et illo nesciunt accusamus hic.','220356-qit8c7h0mbyemc5i8e0u'),(241,9,241,132,'77470 Ramiro Spring\nWest Oren, OK 50680-4647','','Corrupti expedita et ipsam enim sit aliquid. Est accusantium quo ea facilis ullam aperiam non assumenda. Consequatur neque sed ipsum aperiam est.','6958211-soy933vedcnpxinio1mo'),(242,20,242,16,'60085 Ryan Plain\nEast Alverta, OK 71141','','Omnis qui quo nisi molestiae. Qui nobis voluptas natus optio. Architecto voluptatem eius consectetur ut at id natus libero. Beatae at odit facere ab ut.','7937606-jtwjjyavsz70pzqoxhk4'),(243,15,243,80,'20647 Keeley Land\nNorth Kattiemouth, WI 50501-0377','','Neque iusto magni et quasi et doloribus soluta. Impedit et voluptatem repellendus ipsa quaerat et laborum. Iure eos distinctio non delectus eos. Qui enim sunt et consequatur culpa.','220356-pld81ttp4afp4h7qb4a6'),(244,9,244,61,'24222 Skiles Spurs\nPort Marcelo, FL 65642-8768','','Esse saepe pariatur aut fuga veritatis odio quos. Officia inventore voluptatem quia sapiente unde. Labore voluptate dolorem et qui officiis quia sunt.','6958211-ifls7zxc5huxf9awbrry'),(245,17,245,88,'48091 Bartoletti Lodge Suite 829\nWest Nico, VT 62076-5303','','Suscipit quisquam sint inventore eaque voluptatibus dolore. Ut quasi itaque placeat est aut. Aperiam ea minus ducimus nobis aut.','2431651-yle5b811hwao7hzy6ixv'),(246,9,246,85,'3043 Rozella Meadows\nLake Lonny, RI 24295','','Corporis iste a debitis molestiae. Explicabo adipisci at commodi numquam aut. Sed facere nihil est dicta consequatur est.','6958211-5v0p4hbwmuyz4nwi2svx'),(247,6,247,72,'933 Ashlee Gateway\nNorth Cordiabury, DE 50705-5451','','Quia reprehenderit dolores vitae ea rerum dolorem est. Est eos maiores corporis incidunt molestiae autem quibusdam. Placeat iure officiis omnis enim reprehenderit qui facere. Quam ab ex totam reprehenderit amet nemo. Quam magni hic animi.','6457014-tp6fbltdm2dylw4ag231'),(248,16,248,25,'529 Annie Shores\nHamillland, MD 22167-4839','','Illo et doloribus laborum in eius ab. Nemo voluptatem soluta non vel. Vel repudiandae officia alias nesciunt. Quas adipisci porro deserunt laborum ea iure voluptas.','1476824-udsghvakczv7hhxoxboy'),(249,4,249,76,'49930 Crooks Common Suite 862\nEast Kylee, CT 86230','','Qui et rerum excepturi. Asperiores doloribus quos velit et. Corrupti occaecati ea eveniet tempore molestiae. Numquam nihil sunt eaque adipisci.','9359532-i6sjr2uc2opgghf8reuw'),(250,3,250,103,'991 Evert Crossroad\nPort Corine, MA 58738-5748','','Quas quas id consequuntur aspernatur saepe labore. Sed maiores incidunt eaque repellat aliquid et dolorem. Officiis repellendus est molestiae distinctio accusamus quia hic nemo. Quas recusandae optio ea quos est repellat rem.','9342433-3j803vgtvpr4vb10krqc'),(251,14,251,92,'2421 Wuckert Knoll Suite 268\nWest Alvera, IL 36610','','Sed laudantium dicta quas non accusamus. Occaecati sit perspiciatis quos sint excepturi. Quia qui et mollitia eos.','5920148-qhmpaora7v8fbzij3yip'),(252,19,252,109,'415 Smith Lodge Apt. 714\nEast Rachael, WA 26957','','Officiis esse officiis asperiores corporis perspiciatis. Molestiae excepturi tempora ut voluptatem. In aperiam sint quam ut vel quidem.','4959156-tdkdrql1blx5lijqinya'),(253,19,253,5,'78005 Citlalli Ports\nNovaville, DE 01310-7508','','Id eos libero autem reiciendis sunt. Ut aliquam ex qui dolores dolor sint.','4959156-vb77vf1m0na2r0ivl3li'),(254,5,254,75,'561 Alexis Street\nAnyatown, MI 27959-9914','','Debitis consectetur voluptatem tempore harum tempore. Eos pariatur enim cumque soluta. Autem tenetur occaecati provident adipisci et vel ad aspernatur. Voluptatem sint itaque et quo molestiae ex aut.','5869748-9q8obu1bfjqysb8zy3ry'),(255,16,255,51,'4946 Florian Key\nFrancoton, WV 49905-7987','','Esse earum labore illo qui. Nam alias natus qui saepe mollitia consectetur explicabo. Quos eveniet voluptates dignissimos quaerat repellat provident. Quis qui odit qui incidunt.','1476824-wagvigkrdss4rrxnry15'),(256,9,256,134,'799 Wisozk Union\nRosemariestad, CO 36565','','Esse distinctio quia et saepe sed. Doloremque voluptate et et autem ut sed cupiditate.','6958211-jttd25uh697noa5lhw88'),(257,11,257,9,'35291 Witting Inlet Apt. 689\nMacejkovichaven, WY 37511-1621','','Voluptatem non id sunt quod corporis aut facilis nam. Quod ut doloribus dolores voluptas animi. Aut repellendus natus mollitia exercitationem labore. Voluptatem veniam fugiat in est reprehenderit deserunt consectetur.','7893581-orqb6azdj09ebdbc4buh'),(258,7,258,42,'844 Natalia Falls\nEast Marianne, SC 99079','','Exercitationem omnis quo quasi est sed dicta aliquam. Sint temporibus ut ut doloribus modi autem. Et non et debitis repudiandae. Ullam cum voluptate eos ipsam.','961188-bjh4nepfn3yv5oi7i6iq'),(259,3,259,101,'23181 Kaden Stream\nNew Savannaberg, ID 90661','','Aut deleniti assumenda omnis illum rerum nemo. Vero perferendis quos nobis occaecati qui. Necessitatibus magni est dignissimos.','9342433-agntdxs8la383vcvw5re'),(260,11,260,8,'421 Cierra Lakes Suite 278\nSouth Lexus, NM 71614-3098','','Consectetur consequatur et sint adipisci hic labore. Harum harum ex pariatur. Pariatur temporibus maxime ab et molestiae facere quos qui.','7893581-8je8g18me3xomdd9i7yb'),(261,14,261,70,'8508 Kole Island Suite 187\nCameronville, MD 37948-0175','','Ab excepturi dolor distinctio et. Ut distinctio voluptatem inventore qui delectus doloribus. Consequatur quia ipsam quod.','5920148-32fftgdvt82ae0iudqhw'),(262,16,262,112,'7384 Morissette Roads Suite 304\nStrosintown, ME 46434-8832','','Dolor minima adipisci et repellendus. Corporis debitis nesciunt culpa sed necessitatibus. Quia incidunt porro et commodi labore ea at. Veniam dolores eos sit fuga.','1476824-rffbbpfpv8o8cxps0lmf'),(263,15,263,26,'17566 Dudley Drive Apt. 769\nWest Maximo, KS 01199-2993','','Provident et et harum soluta aspernatur quia. Suscipit dolore incidunt quia eos. Quam asperiores cumque iste fugiat id inventore.','220356-hmpxbhvp7y1r3rme9spw'),(264,19,264,120,'760 Aliza Turnpike\nWest Murielville, TN 10781','','Ullam non eum quas. Quis consequuntur dolorem ut sed. Est deleniti cumque nostrum adipisci et quos.','4959156-kvqn00w27alxxqgx25tq'),(265,13,265,117,'8505 Carroll Coves\nNorth Novafurt, NJ 07425-2753','','Facere in quo neque ad. In facere saepe enim praesentium natus officiis quos. Similique et repellendus suscipit id reprehenderit.','6254727-lbsylw9c19ix7o5xodoe'),(266,14,266,135,'79741 Pfeffer Parkway Apt. 339\nRyanchester, VT 14867-0920','','Amet qui ut deleniti dolorum harum aut. Sit facere error aliquid. Eum perferendis fuga voluptatibus odit qui.','5920148-q0bkmxkkutlgn4bt5nbe'),(267,19,267,63,'519 Alberto Plains\nDevynland, UT 79878-7670','','Minus odit facere incidunt laborum nihil. Velit autem laborum et et quia voluptate itaque mollitia. Officiis dolor aspernatur et.','4959156-4gb1knsoszroeicgzgjt'),(268,19,268,91,'33382 Medhurst Camp\nSouth Simone, WA 41593','','Unde quam facere veritatis ut consequatur laboriosam sit. Voluptas sit ut quos qui ut ea veritatis nulla. Fuga quaerat eum et et. Repellat vero at voluptatem non dolor omnis.','4959156-ick6wr7qt1ccq78r5tk0'),(269,15,269,59,'225 Shanahan Creek\nSouth Hailee, TN 35492','','Libero ab ut labore dolore quos. Eveniet ullam sit id voluptatem magni vitae earum. Inventore hic omnis aut. Eum quam perspiciatis occaecati dolores et explicabo. Nam eius dolor dolores quia.','220356-t10yqg9ijw4ypy19biw5'),(270,12,270,101,'52559 Mohammed Rue\nLake Gonzalo, VT 57247-2937','','Velit autem aut a aliquid nihil iusto. Aliquam velit natus quis laboriosam iusto. Dolor veniam molestiae consequuntur cupiditate nisi ut doloremque. Qui voluptates adipisci qui quia.','3283942-agntdxs8la383vcvw5re'),(271,10,271,93,'931 Sawayn Shoal\nSouth Myrtice, IA 41554','','Perspiciatis dolores sapiente inventore eveniet nobis eveniet et. Et eum aut quos cupiditate. Vel quam sint dolore dicta maiores enim mollitia. Sint similique accusantium quaerat et magnam. At earum sit ipsam vel.','1968837-vww3oiey0wjfdcbyoyd6'),(272,14,272,97,'99975 Loma Cove Suite 145\nLake Matteo, NC 35651-2491','','Voluptatem molestiae perferendis voluptatem incidunt eum blanditiis expedita aut. Aut deleniti consequatur doloremque. Est dolores aperiam consequatur quo et sapiente earum.','5920148-xcr3g01d3b2vxg2r05tq'),(273,10,273,83,'71077 Bradford Path\nCummeratafurt, CA 47790','','Ullam quaerat tempore beatae. Quas qui ipsa nam harum in soluta. In molestiae deserunt ab provident officiis nemo et.','1968837-26sl2pour8n7mc7xqwee'),(274,3,274,6,'2097 Ali Plains Apt. 432\nSuzannebury, MD 31203','','Reiciendis optio esse dignissimos quos. Quasi quae asperiores et veritatis ut ullam. Eveniet aut beatae a ea. Eveniet asperiores est necessitatibus iusto omnis nemo.','9342433-2ficyi6ia4rpznpth5br'),(275,15,275,72,'4664 Schulist Manors\nFritschhaven, NM 15747','','Quod ut consequuntur excepturi eligendi voluptatem. Pariatur dolorem odit eveniet explicabo odit aperiam rerum. Et ducimus natus quia tempore nesciunt doloribus quis.','220356-tp6fbltdm2dylw4ag231'),(276,19,276,21,'95538 Carlie Corner\nAlphonsoport, GA 79545-2850','','Laudantium sed saepe tenetur ipsa veritatis vel tempora. Vitae consequatur dolorem ab quam. Dolorum et ut qui perspiciatis officia omnis totam. Inventore debitis officia numquam.','4959156-rkjolld03rm364c9jwcn'),(277,9,277,13,'64903 Marietta Trail Apt. 012\nWalkerhaven, OH 23892','','Cum et consequatur voluptas ipsa consequatur minus. Distinctio fugiat voluptatem necessitatibus nulla atque aut totam qui. Aliquam est velit ut ut aut similique rerum. Dolorem reiciendis aut numquam accusamus quia saepe sit. Hic est beatae quam quidem voluptas.','6958211-ueor9ewijqgr7hnsla5v'),(278,8,278,114,'253 Gutmann Pass\nBettietown, TN 97222-0347','','Aut nam fugiat debitis consequatur. Est culpa qui rerum totam quia. Ipsum sit maxime similique perspiciatis odit sunt necessitatibus. Voluptatem consequatur qui quia ex nisi quisquam corrupti sunt.','8814610-ot1whtsl98azn64prtrp'),(279,4,279,119,'8568 McCullough Inlet Apt. 371\nWisokyborough, GA 24345','','Officiis esse tempore quo sequi quo omnis tempora. Tenetur suscipit nulla sint dolorum odit corrupti aut. Impedit esse et enim autem deleniti ut possimus ex.','9359532-ae6iqp62ihj24fbwarrt'),(280,9,280,16,'48646 Olson Village Apt. 874\nEvertland, OK 11774','','Sit omnis occaecati voluptas autem velit ipsam. At enim magni velit consequatur nihil aut. Quidem placeat omnis vel ut sapiente.','6958211-jtwjjyavsz70pzqoxhk4'),(281,11,281,5,'1417 Paucek Greens Suite 602\nRyantown, SD 98746-4278','','Et beatae in quasi praesentium ipsum ex iste cumque. Nostrum voluptatem consequatur quia aut cum vero. Deserunt vel autem et mollitia.','7893581-vb77vf1m0na2r0ivl3li'),(282,5,282,127,'983 Effertz Locks Apt. 626\nBeerborough, ID 98574-8198','','Sed nesciunt voluptatem aperiam perferendis eligendi ullam minus rerum. Atque assumenda et id quia tenetur. Nulla mollitia sit et facere aut quasi voluptatum sed. Quibusdam libero explicabo nihil consequatur harum eos sit.','5869748-5po0k499jqfezx0u2m81'),(283,5,283,24,'21537 Dwight Harbor Suite 845\nEast Drew, HI 27293-5814','','Placeat ut est quis eveniet. Molestias modi in ut. Sit minima sint quo voluptatem laborum ex velit. Qui consectetur nisi illo.','5869748-5970nn5xbe6c72cmojve'),(284,2,284,17,'2104 Adela Throughway Suite 801\nEast Chanelview, KY 54464-1720','','Atque explicabo illo iure officiis est. Vel amet deleniti possimus natus vero. Voluptas voluptatem qui quisquam omnis.','26666666-vwsbc8r36tryjio0p9yd'),(285,14,285,122,'34794 Gibson Vista\nAlvertaside, NJ 79088','','Earum molestias perferendis quis optio id et maiores. Voluptatem omnis nihil inventore dolores corrupti provident eos ea. Molestiae aliquam impedit quia quas. Reiciendis nulla rem aliquam ad dignissimos maiores.','5920148-c4r0xmp4syzgclnneqws'),(286,7,286,103,'7612 Harley Meadows\nNorth Benjaminborough, NY 31187','','Alias aspernatur ut ut aut. Quasi sapiente nihil cupiditate repudiandae maxime. Unde necessitatibus soluta ut ad. Et quidem accusamus quia magnam.','961188-3j803vgtvpr4vb10krqc'),(287,5,287,31,'9540 Feest Road Suite 713\nNorth Callie, SD 95443-6330','','Est velit officiis pariatur at quisquam necessitatibus. Et velit placeat est itaque omnis est cumque. Sit autem tempora et omnis voluptatum enim. Dolore velit pariatur enim aut minima nihil quia nesciunt.','5869748-dfl8yo0mmmfh8z6wjt1y'),(288,12,288,26,'6452 Ada Crescent Suite 543\nKadeport, IN 49818','','Ut ipsam odit voluptatem amet quibusdam. In qui occaecati aspernatur dolorum impedit rerum. Suscipit quia dolores deserunt soluta.','3283942-hmpxbhvp7y1r3rme9spw'),(289,5,289,23,'18769 Hettie Shore Apt. 936\nVidalfurt, ME 21841-1808','','Iste voluptatum cumque id veritatis et. Possimus et delectus enim fugit ut non. Ut saepe tenetur quia aut aperiam.','5869748-68tvp56dql53d7z2194f'),(290,8,290,14,'878 Antonietta Ramp\nNorth Jackelinestad, HI 00670','','Voluptas architecto ex consectetur suscipit aperiam magni nihil inventore. Dolores laudantium suscipit quis voluptatem ipsam. Veniam voluptatibus sequi doloremque facere.','8814610-xfjo8v371aifoh9qajr4'),(291,10,291,98,'264 Yost Cliffs Apt. 464\nCruickshankville, DE 97782-5405','','Asperiores qui vero rem cupiditate. Necessitatibus enim est veritatis voluptate sed qui voluptas ea. Dolores aut ipsum est cum delectus hic suscipit in. Magnam quia voluptatem tempora suscipit a ullam veritatis.','1968837-gwvteylfcse8wl8a1iq7'),(292,18,292,55,'60365 Frami Skyway Apt. 706\nWinonahaven, RI 13660-2275','','Non quisquam rerum aut dolorum recusandae. Omnis neque expedita nihil sequi. Placeat optio sunt et autem ut.','7126474-p7pcwknfz71cg7u3kj3r'),(293,4,293,31,'8964 Hoeger Drive\nNorth Evelynport, ID 16139','','Quia est aut sapiente reprehenderit inventore. Aut perferendis et repudiandae aliquid molestiae molestiae nihil voluptatibus. Deserunt qui quis quis quas saepe repudiandae velit modi. Quos non et quia nam inventore.','9359532-dfl8yo0mmmfh8z6wjt1y'),(294,2,294,3,'7465 Kattie Fort\nDiamondfurt, AL 26876','','Earum officia est porro vel voluptatem quia. Sit dolorem reiciendis dolorem cupiditate provident aut. Eum corporis voluptatem enim sit.','26666666-2r4ayuufhg0a71mh6lql'),(295,5,295,93,'2771 Medhurst Plaza\nOnieborough, NJ 20860','','Atque dolorem voluptates pariatur. Quisquam molestiae quia voluptatem laboriosam facilis ea. Quia laborum illum eum. Aut repudiandae animi voluptatem blanditiis sequi omnis ipsum. Eum repudiandae modi similique illum.','5869748-vww3oiey0wjfdcbyoyd6'),(296,20,296,95,'533 Autumn Parks Apt. 052\nBrianneside, NY 39611','','At corporis voluptas quaerat culpa vero et fuga. Nihil delectus est nihil rerum voluptatibus perspiciatis. Consequatur minima ea ut atque quam earum. Laudantium vel sit qui.','7937606-6w0u3jcyqp6vwbtwle24'),(297,17,297,97,'39225 Kolby Centers Suite 862\nDestinyland, VT 65472-8993','','Modi cum eum totam nostrum ut eius repellat. Eius vero illo eveniet veritatis. Ipsa debitis quia consequatur quisquam quisquam aspernatur. Et ex voluptatem id.','2431651-xcr3g01d3b2vxg2r05tq'),(298,16,298,127,'5154 Laverna Alley\nWest Hilbertbury, FL 63723','','Dolorem quia aliquam consequuntur. Provident suscipit nesciunt nisi ipsam in. Assumenda cum voluptatem et ipsa. Aliquid quos nesciunt ullam qui ut. Aut a magnam nihil architecto.','1476824-5po0k499jqfezx0u2m81'),(299,16,299,57,'23185 Beatty Ridges Suite 392\nSouth Darryl, WI 75190','','Nisi et tempore est porro ducimus dicta illo. Voluptate tenetur et velit rerum id non. Quia aut vel sunt qui porro. Fugit a pariatur dolorem impedit dolorum.','1476824-ptcnxwflunfj50qtrnbz'),(300,8,300,28,'82852 Savanna Pine\nYostport, WY 79780','','Distinctio qui unde illo illo voluptas. Tenetur ut omnis natus quia perspiciatis harum. Quis placeat aut saepe autem. Perspiciatis magni sint corporis ut.','8814610-w0kll8tapd86yf2dzqsa'),(301,11,301,24,'89403 Lilian Flats\nCummeratabury, HI 53336-7285','','Necessitatibus sit rerum recusandae exercitationem id vero. Natus maxime repudiandae velit qui adipisci. Illo fugiat repudiandae quod dolores est. Sint aperiam error qui est.','7893581-5970nn5xbe6c72cmojve'),(302,15,302,59,'776 Davis Village Apt. 687\nEast Carleton, MI 12204-2838','','Est porro autem mollitia et. Repellendus illum ad minus deserunt est cum ipsam. Dolor rerum necessitatibus eligendi fugit et et rerum quae.','220356-t10yqg9ijw4ypy19biw5'),(303,19,303,129,'991 Macejkovic Dale Suite 796\nNorth Faustoport, ME 22450-4747','','Nostrum assumenda odit iure perferendis molestiae. Sed aut quis sed rerum minus dolorem odio. Nihil consequuntur ullam sint quod eius harum. Qui deserunt labore provident quas harum maiores.','4959156-03fjpfr9fhzjtyb5nt57'),(304,2,304,34,'24424 Ettie Passage\nPurdyshire, MD 45746-0548','','Aut voluptas consectetur voluptatem non perferendis minima placeat perferendis. Eligendi sapiente exercitationem enim recusandae. Optio omnis amet vel explicabo dolorem eum.','26666666-xvbheglg565e67x1u3ok'),(305,14,305,6,'699 Murray Inlet Apt. 924\nSouth Alexandreaberg, AK 94174','','Quod aut dignissimos qui ut harum dolores hic tempora. Molestias quo nobis sit totam beatae et qui aut. Commodi non atque excepturi dolorum. Vel fugiat nisi quis rerum quo enim ut.','5920148-2ficyi6ia4rpznpth5br'),(306,17,306,124,'473 Anastacio Rest Apt. 034\nTurnerberg, VA 16864','','Qui illo aut impedit deleniti fuga iste quisquam. Fuga veritatis nostrum sint libero. Voluptates sint nobis exercitationem quaerat quidem id.','2431651-he5jma4stkhcgae7nrw9'),(307,4,307,107,'820 Schoen Harbors Suite 664\nEast Elian, WI 08813','','Qui corporis doloremque non consequatur doloremque. Eum minus minus incidunt quo. Et atque numquam similique labore aspernatur.','9359532-8y151ly2s339jq5rhnt6'),(308,7,308,34,'20554 D\'Amore Inlet Suite 990\nNorth Evelinebury, CO 65841','','Voluptas et accusamus rerum voluptatem doloribus. Quaerat aut labore quas pariatur aliquam est. Qui similique temporibus mollitia. Esse ducimus soluta vero cum.','961188-xvbheglg565e67x1u3ok'),(309,14,309,24,'344 Diamond Drives\nSouth Candidafort, WA 77289','','In qui inventore aut accusamus laboriosam dignissimos. Dolorum rerum voluptas in. Qui molestias qui magnam libero quas iste. Voluptas temporibus architecto quam ipsum iste unde non.','5920148-5970nn5xbe6c72cmojve'),(310,3,310,21,'86836 Wiza Street Suite 286\nAlanland, IN 04575','','Et animi labore doloremque officia. Optio iste exercitationem ipsam sit in dignissimos non. Suscipit quasi recusandae sapiente quod quia optio. Est quia a est molestiae sit illo et.','9342433-rkjolld03rm364c9jwcn'),(311,11,311,48,'524 Laurie Inlet Suite 669\nSheridanhaven, VT 65369-4172','','Ea ratione quos ut quia. Asperiores totam veritatis laudantium sed odio exercitationem ullam. Debitis quaerat numquam qui deserunt voluptate et explicabo. Quis suscipit fugiat recusandae dolor vel reprehenderit inventore.','7893581-8a5yemsr70qsy5cu03at'),(312,4,312,14,'5541 Blick Trace\nSaraitown, LA 10975','','Optio qui a nulla id sed vitae. Illum qui nulla optio rerum dignissimos. Est aut temporibus eius autem ex. Voluptate at illum facilis eum sed accusantium excepturi beatae. Quia tempora sunt praesentium.','9359532-xfjo8v371aifoh9qajr4'),(313,5,313,95,'2493 Anderson Prairie Suite 793\nAdamsview, LA 57100-5065','','Quod est possimus unde. Vel nihil quasi molestiae. Voluptatum inventore qui est omnis facere.','5869748-6w0u3jcyqp6vwbtwle24'),(314,9,314,91,'6154 Shana Prairie\nBeckerburgh, WY 03746','','Provident et laudantium consequatur et aut sit nam minus. Dolores omnis saepe adipisci animi consequatur. Dolor eum veniam velit et. Sunt nulla nihil ut mollitia tenetur. Maxime omnis iste omnis similique qui nam.','6958211-ick6wr7qt1ccq78r5tk0'),(315,16,315,85,'1928 Mosciski Ranch Apt. 738\nTroychester, LA 53499','','Fugiat tempore veniam vitae rerum. Quis saepe similique eaque et velit dolor magni. Provident consequatur in quis asperiores aut.','1476824-5v0p4hbwmuyz4nwi2svx'),(316,4,316,56,'5856 Jameson Mission Suite 636\nLueilwitzborough, CA 83207-4573','','Placeat rerum enim quo debitis. Blanditiis ullam iure dolorum amet iusto sit harum. Dolorum ab dolores animi id est quas. Porro possimus eos accusamus voluptatem nesciunt.','9359532-aip5n6gm0tyo44jpg9d3'),(317,9,317,108,'9381 Verona Plains Apt. 048\nNorth Arloview, CA 64230','','Ipsa quia nulla ratione voluptatem provident deserunt. Perferendis rerum aperiam et rerum sequi reiciendis provident quod. Non voluptas nesciunt porro fuga nihil est et vero.','6958211-qxsdjowjevmswmc64hs9'),(318,19,318,95,'37036 Anastasia Glen\nWest Kenyon, PA 01778-7437','','Neque quis fugit laudantium accusantium nulla a dolor. Beatae illum sint natus. Dolorum quam incidunt odit ut sunt repellendus et.','4959156-6w0u3jcyqp6vwbtwle24'),(319,6,319,123,'621 Connelly Skyway\nOndrickaborough, DC 21231','','Animi et voluptas laboriosam repellendus omnis est. Provident doloribus eligendi explicabo accusamus. Facilis quidem sit quae vitae.','6457014-d5k62stbtag7fdwhaa4x'),(320,5,320,66,'7955 Oren Brook\nBergstromhaven, WA 27638','','Est incidunt minus est qui ut odit. Dolorum et illo nemo et perspiciatis. Ratione voluptates voluptatem aut consequatur voluptates.','5869748-d8uatgpxh1br08m8pfmg'),(321,9,321,113,'225 Avery Shores\nEast Jamir, VT 96570-9204','','Sit autem iure consectetur sint. Ullam in quis est rem tempore temporibus veniam asperiores. Dignissimos consequatur repudiandae eaque at est sed. Ipsa qui facilis suscipit nihil dolor non rerum aut.','6958211-rbh2g7qnw7648vvv78ep'),(322,2,322,126,'148 Catalina Causeway\nWest Gabrielle, NY 17940','','Tenetur doloremque quis ad odit iste. Ducimus praesentium quis voluptatem incidunt iure quis. Voluptas enim ipsum eum ad omnis consectetur et.','26666666-wfohtwuhkuqiiyu7hf4f'),(323,13,323,24,'85781 Favian Squares\nAishaborough, MT 12185-8654','','Ratione commodi eius cum consectetur. Perspiciatis eum optio nemo tempora.','6254727-5970nn5xbe6c72cmojve'),(324,2,324,67,'1016 Beer Extensions Suite 871\nRosenbaumborough, MS 54192-6654','','Deleniti recusandae aut explicabo consequatur aut incidunt sed. Odio voluptas repudiandae nisi corporis qui ut aliquid. Officiis ullam deserunt maiores soluta ipsum dignissimos voluptatibus.','26666666-mnj864p63e4z2p95ump4'),(325,6,325,133,'5307 Swaniawski Plaza Suite 815\nLake Bernardmouth, KY 98907-0150','','Natus quia nesciunt deserunt. Natus unde ducimus ut ut architecto non. Modi quas sint aut corporis aut. Vel ut dolorem totam ut aspernatur voluptate.','6457014-eljvpplg2orm1muuhg0p'),(326,4,326,107,'12689 Carleton Island\nWest Antwon, RI 25861','','Omnis repellendus tempore officiis et sit occaecati et rerum. Quia omnis culpa impedit eligendi. Modi voluptatem assumenda molestiae. Minus veniam adipisci non assumenda.','9359532-8y151ly2s339jq5rhnt6'),(327,5,327,95,'130 Edwardo Trail\nNorth Ahmedshire, ND 60318','','Ab sit sint soluta ut dolorem dolorum adipisci. Tempora atque magnam doloremque rem qui incidunt. Voluptas ut illo labore iste tenetur.','5869748-6w0u3jcyqp6vwbtwle24'),(328,2,328,97,'329 Cloyd Manors\nAlexview, NY 14018-4656','','Laborum aut hic nemo ut. Error ad iure in et voluptatem est magnam quas. At ullam voluptas non.','26666666-xcr3g01d3b2vxg2r05tq'),(329,18,329,10,'5213 Hal Drive\nSouth Golda, MD 37897-3792','','Omnis repellendus ullam omnis nostrum culpa sint aut. Voluptatem suscipit consectetur quaerat. Quia aut eligendi cum est accusantium esse inventore.','7126474-r9d81pew6cj1qb6cjf1n'),(330,10,330,2,'509 Courtney Roads\nNorth Shanna, MA 53516-2123','','Non tenetur exercitationem ad dolor voluptatum. Repudiandae aperiam animi accusamus est aliquam perspiciatis in. Sit consequuntur molestiae architecto quasi animi alias. Soluta dolores suscipit eos laborum qui recusandae reiciendis.','1968837-2up4esro7pdqtsq97emu'),(331,11,331,42,'37426 Jacques Causeway Apt. 827\nWest Amiya, MT 14678','','Temporibus sequi corporis amet vel enim repellendus odio. Officiis ex facere voluptates omnis aliquam neque mollitia illum. In iure aut quis qui sapiente veniam. Sunt et dolor provident officiis.','7893581-bjh4nepfn3yv5oi7i6iq'),(332,18,332,46,'25937 Murphy Dam\nSouth Quintonborough, NC 33937','','Amet eligendi quibusdam eos est ut sit ab eos. Esse iusto dolore eos sit saepe impedit. Quia eum itaque perferendis aut. Sint omnis eaque sequi in fuga ea iure.','7126474-s1c9vhnkl6261prtlfs5'),(333,4,333,108,'39784 Hailee Street Suite 310\nLake June, NV 54506-2259','','Dolores impedit officia non. Provident omnis esse unde nihil necessitatibus. Quo voluptas aut nesciunt aut. Sed quidem consequatur dolorem quis doloribus.','9359532-qxsdjowjevmswmc64hs9'),(334,18,334,98,'9462 Calista Port Apt. 987\nThielstad, SD 50535','','Similique rerum nisi sunt quo cum repellendus. Perferendis qui odio libero in. Minus beatae ut qui voluptatem voluptatem est. Dolor voluptas ipsa aut voluptas.','7126474-gwvteylfcse8wl8a1iq7'),(335,7,335,119,'964 Padberg Route Suite 519\nNorth Georgette, ND 26635-4283','','Officia ex dicta eos quaerat aut enim voluptatem. Et assumenda modi omnis quia omnis tempora recusandae. Nulla officiis ad dolor consequuntur tenetur nostrum.','961188-ae6iqp62ihj24fbwarrt'),(336,7,336,69,'2294 Schuster Camp\nNorth Antoinetteview, WY 29400-9114','','Maiores iste eveniet occaecati harum dolorem. Nobis esse ut sed officiis.','961188-9sn08fuvf7n3lker92hj'),(337,9,337,114,'535 Maggio Fall Apt. 167\nHarberland, KS 78672-0047','','Incidunt aut magni quos sit ut nesciunt. Aspernatur animi velit earum nobis dicta. Ut minima sunt consequatur et assumenda officiis.','6958211-ot1whtsl98azn64prtrp'),(338,3,338,33,'77011 Lola Forks Apt. 750\nWest Chasehaven, DE 08950','','Dolores quae ducimus doloribus id dignissimos iste. Et modi tenetur et magni.','9342433-87uqtoo8x43kd3p32e1l'),(339,11,339,95,'529 Gutmann Shoal\nSouth Denabury, FL 30224','','Asperiores distinctio omnis neque voluptatum inventore quo molestias. Voluptatem minus et voluptatem. Corporis consequuntur quod officia amet provident et. Et sunt quod iste tempora natus recusandae ut consequatur.','7893581-6w0u3jcyqp6vwbtwle24'),(340,6,340,69,'972 Julia Valley Suite 834\nDonnellyborough, ND 28721-6850','','Deserunt dolore non iusto exercitationem. Molestias et accusantium delectus debitis et. Ut vel et minima et est earum.','6457014-9sn08fuvf7n3lker92hj'),(341,17,341,55,'96663 Thompson Hills Suite 529\nLake Kailee, WA 02507','','Repellendus molestiae quo incidunt odio voluptatem. Tempore ullam voluptas quia. Dicta asperiores maiores inventore tempora explicabo. Similique eum impedit ullam tempora consequatur veritatis.','2431651-p7pcwknfz71cg7u3kj3r'),(342,16,342,37,'481 Robert Wall\nWest Maia, VT 84277-2761','','Alias consequatur itaque eum animi maxime eaque ullam. Velit ea qui officiis beatae laudantium adipisci ea placeat. Rerum tempore totam itaque. Soluta eveniet facilis dolorem nisi eos. Voluptas aliquam exercitationem nulla unde.','1476824-64ov2gbpnpld3kzcaaqn'),(343,4,343,65,'8130 King Hill Apt. 535\nWest Destanystad, MS 07687','','Illum voluptas iste quam molestiae ut atque. Enim tempore minus perferendis autem dolor explicabo reiciendis. Consequatur qui dolore similique totam sint consequatur vel. Neque quidem ratione aut et dolor occaecati corrupti.','9359532-96cipyuhjkuer0altkaz'),(344,16,344,61,'5332 Turner Crescent Apt. 236\nPort Tituston, NY 59480-2816','','Dolorem incidunt reprehenderit voluptas nostrum et. Et saepe aut cupiditate sunt unde. Sit nemo eum ipsa nesciunt.','1476824-ifls7zxc5huxf9awbrry'),(345,15,345,48,'8572 Russel Radial Suite 290\nBreitenbergborough, NJ 41522-8498','','Explicabo est sequi aliquam quisquam quasi laborum. Eos porro maiores eius ullam beatae. Iure nostrum quos provident distinctio alias rerum.','220356-8a5yemsr70qsy5cu03at'),(346,18,346,58,'16253 Collins Lodge Apt. 086\nNicolemouth, CA 96059-1482','','Et exercitationem dolores quo voluptas aliquam animi. Repudiandae et beatae quia et exercitationem. Natus magni ut dolor esse id. Et unde sed similique est nobis dolores.','7126474-xmy7zf4tzv609xz67kbv'),(347,5,347,116,'239 Cassie Glens\nPort Violaview, WA 92145','','Autem enim ea sit fugiat omnis quis sit. Tempore dolore iste recusandae excepturi distinctio dolorem. Odio tempore et repellat assumenda ea facilis.','5869748-xj3mamp7v06rk7hvl3d4'),(348,7,348,75,'955 Quinton Walks\nEraville, ME 20240','','Ea optio maiores quisquam asperiores. Vitae qui est quam eum. Repellendus sunt odio nostrum commodi aliquid. Voluptas esse odit consequatur.','961188-9q8obu1bfjqysb8zy3ry'),(349,18,349,64,'3223 Hans Forge\nEugeneport, AZ 19261-6082','','Dolor nam sequi eius porro et ab. Architecto consequuntur nihil excepturi porro. Praesentium et a quidem deserunt atque at ullam. Quo suscipit ut molestiae quia consectetur culpa atque. In cupiditate quo omnis dolor porro dolorem.','7126474-u9i1j6c2egtfx06cclu8'),(350,18,350,122,'81010 Kiarra Estates\nNew Angelport, VT 72611','','At placeat cumque pariatur sit vel ut totam. Quas alias et laboriosam exercitationem dolorem dignissimos. Consectetur sit ab reprehenderit maxime qui.','7126474-c4r0xmp4syzgclnneqws'),(351,19,351,6,'1854 Justice Pine\nOberbrunnerfort, HI 15982-6633','','Quisquam voluptatem aliquid vel soluta minus modi. Incidunt enim iste officia voluptates nihil qui delectus. Quasi voluptatum ipsa aliquid quo et.','4959156-2ficyi6ia4rpznpth5br'),(352,13,352,116,'86564 Glover Mews\nEast Reannaside, NE 99413-2043','','Labore et libero recusandae aliquid veritatis velit officiis. Maiores odio id dolorum veritatis unde quia. Aut maiores recusandae sed voluptas.','6254727-xj3mamp7v06rk7hvl3d4'),(353,15,353,35,'6297 Darlene Summit Suite 029\nHoppestad, KY 32912','','Sit qui ut voluptates hic sunt itaque. Incidunt et est nulla molestiae. Eos ipsa delectus nostrum inventore sed.','220356-cglddn006pt7ldspbacv'),(354,15,354,123,'729 DuBuque Orchard\nFishertown, KY 85890','','Deserunt necessitatibus repudiandae vel sed. Vel sequi nobis officiis omnis omnis sint mollitia. Adipisci modi nostrum asperiores illum occaecati aliquam non nisi. Voluptatibus id molestiae incidunt neque perspiciatis consequatur maxime.','220356-d5k62stbtag7fdwhaa4x'),(355,14,355,31,'57880 Friesen Forge\nPort Alicia, IL 99085-3603','','Deserunt numquam beatae quis quia eaque et. Deleniti quasi unde consequatur quia dolor pariatur. Delectus ducimus porro vel est ipsa quis dolores.','5920148-dfl8yo0mmmfh8z6wjt1y'),(356,5,356,18,'9879 Lockman Overpass\nLake Orvalfort, CO 94593','','Assumenda enim architecto hic in ducimus ducimus. Ducimus cumque ipsa non et assumenda non. Suscipit minus ea libero nisi eligendi quae.','5869748-7xj57qj7cqkgjb043rvx'),(357,13,357,1,'1305 Felton Motorway Suite 779\nWalshshire, WY 50427','','Modi voluptatum iste qui temporibus enim officiis. Quod est est consequatur minima omnis. Voluptatibus saepe quo nostrum qui.','6254727-h2ezk6czllgf0yzpqzzo'),(358,3,358,48,'82226 Harvey Place Apt. 861\nSouth Mckennafurt, OH 47445-8968','','Hic facilis occaecati accusamus qui laborum hic ut. Cum sint maiores rerum maiores nam corrupti incidunt. Voluptate facilis excepturi esse fugit esse.','9342433-8a5yemsr70qsy5cu03at'),(359,19,359,54,'641 Daryl Ford\nO\'Harahaven, UT 87019-0236','','Maxime fugit iure molestiae cum deleniti vero blanditiis. Doloribus aut dolore velit qui qui at. Similique deleniti sint magni. Nisi maxime consequatur mollitia ducimus sunt eos officia.','4959156-d7x48szip22czqc401tn'),(360,13,360,95,'721 Issac Views Suite 795\nBoehmfurt, WV 23692-6021','','Repellendus aut quibusdam dolor provident. Et et assumenda consectetur molestiae sunt error. In fuga enim perspiciatis nihil in. Fugit nulla quia impedit neque molestiae.','6254727-6w0u3jcyqp6vwbtwle24'),(361,10,361,69,'47266 Edythe Meadow\nWildermantown, WA 69925','','Ex ducimus sit incidunt maxime. Quis omnis corrupti hic consequuntur. Eos maxime ipsam dolorum fugiat qui.','1968837-9sn08fuvf7n3lker92hj'),(362,14,362,126,'484 White Court\nLaurianneborough, NJ 29799','','Sed vitae aut qui sed. Delectus asperiores laborum qui velit animi. Nisi consequatur eveniet animi nesciunt in aut. Maiores eos voluptatem sint nihil cum cupiditate repellat.','5920148-wfohtwuhkuqiiyu7hf4f'),(363,10,363,28,'248 Parker Knoll Suite 403\nDavinshire, AR 58577','','Officia voluptatem dolores repudiandae. Ut aut possimus sint dolores minima eos. Porro pariatur non eveniet voluptas labore ratione ducimus.','1968837-w0kll8tapd86yf2dzqsa'),(364,4,364,129,'6454 Kemmer Cove\nLake Ladarius, ND 15345','','Nulla est voluptate repudiandae. Laboriosam quo repellat quaerat itaque nisi. Et molestiae nulla cumque nulla voluptate. Sunt quod fuga voluptatum aut illum.','9359532-03fjpfr9fhzjtyb5nt57'),(365,7,365,93,'5372 Bonita Vista\nStokesland, IL 36406','','Autem eos laboriosam impedit nemo. Ea omnis a ipsum magnam. Veniam earum qui quo ab aut explicabo explicabo iure.','961188-vww3oiey0wjfdcbyoyd6'),(366,3,366,89,'87545 Pollich Crossroad\nDedrickhaven, KY 26924','','Reiciendis tenetur possimus sed et sed quasi necessitatibus suscipit. Eos et expedita et velit temporibus dolor quia. Impedit et ut voluptatum. Aut veniam veniam voluptas sit.','9342433-a63rs130ho6ctgpwdgcq'),(367,7,367,62,'660 Gisselle Summit\nSouth Olga, MA 23295-6205','','Quisquam incidunt qui cum a vero recusandae ut. Molestiae est at aut natus voluptatum. Non hic ut vero reprehenderit corporis voluptate dolor.','961188-sar56tadn1t22nnbf52g'),(368,16,368,63,'262 Russ Underpass Apt. 846\nWolffhaven, IN 58974-4118','','Maxime consequatur voluptate impedit maiores placeat commodi ducimus. Porro cupiditate voluptas earum blanditiis dolorem expedita debitis saepe.','1476824-4gb1knsoszroeicgzgjt'),(369,3,369,41,'8555 Schuster Cliffs Suite 177\nNew Alexandrine, OK 25554-7391','','Impedit facilis dicta vitae ullam corrupti fugiat. Incidunt autem voluptas nemo.','9342433-zu4kfdyhbxchqz29h8yb'),(370,3,370,11,'834 Kenna Loaf\nEast Gaylestad, AZ 91163','','A deserunt in quidem expedita sunt enim qui et. Ea in atque voluptas quasi ex. Perspiciatis saepe rerum aspernatur repudiandae unde et ipsa.','9342433-kpfbhpz4234mrphvsq9p'),(371,7,371,85,'21893 Phoebe Villages\nHolliebury, OR 93141-8981','','Et ut optio quia aliquid et voluptatem quidem illo. Laborum sunt repellendus voluptate earum fuga minima. Perspiciatis veniam labore exercitationem. Quia commodi voluptas atque velit aliquid in eos.','961188-5v0p4hbwmuyz4nwi2svx'),(372,18,372,128,'89477 Dicki Causeway Apt. 359\nDejonfort, FL 86201','','Nemo pariatur sapiente iure aspernatur doloremque omnis ducimus. Natus soluta ut perferendis. Pariatur maiores odio sunt dolores omnis. Rem quis eveniet qui amet inventore.','7126474-34ikwpljatv13onpvz8v'),(373,9,373,85,'1746 Kayli Isle Suite 979\nEast Isobel, DC 76951-2115','','Architecto nisi possimus sit. Omnis ut sit tempore et. Minus at totam iusto aut perferendis voluptatum. Corrupti omnis laboriosam non alias nihil quisquam quia.','6958211-5v0p4hbwmuyz4nwi2svx'),(374,12,374,91,'8144 Colten Station\nEast Lelah, IA 66286','','Placeat beatae consequatur itaque itaque qui ut commodi. Unde dolor qui quae alias dignissimos esse. Esse nemo aut labore quis nostrum.','3283942-ick6wr7qt1ccq78r5tk0'),(375,12,375,46,'39967 Beatty Court\nLindgrenfurt, KY 95070-1871','','Saepe et culpa est nihil. Est vero et ut consequatur et. Voluptate sed sed ullam at minima dolor. Itaque quod vero ex impedit numquam est id.','3283942-s1c9vhnkl6261prtlfs5'),(376,4,376,87,'3856 Garret Fort Suite 016\nGusmouth, ME 06160','','Expedita alias voluptatem a et deserunt repudiandae inventore. Et ratione praesentium aut ut nam dolorum fugit. Animi quod voluptate in deleniti similique. Quia et repellat nisi temporibus excepturi error sed.','9359532-37pq0luyf4p4rz190y5x'),(377,20,377,83,'344 Marc Ports\nSouth Rocio, VT 52275-3811','','Dolor omnis expedita adipisci. Beatae ex velit vel quae. Deleniti pariatur minus dignissimos non neque. A ratione consectetur aliquid nulla.','7937606-26sl2pour8n7mc7xqwee'),(378,16,378,28,'6844 Syble Vista Suite 459\nWeissnatfurt, MN 15293','','Sint dolor dolorum consequatur quasi reprehenderit. Occaecati cum error quasi tempore. Et vel eum libero commodi occaecati at.','1476824-w0kll8tapd86yf2dzqsa'),(379,13,379,108,'917 Cronin Lane\nSauerport, CT 09215','','Sed deserunt excepturi aspernatur corporis omnis facilis accusantium. Voluptatem repudiandae eos quis id dolore. Aperiam architecto labore nobis dolorem quaerat neque aut et. Accusantium eligendi repudiandae vero debitis sunt modi est sunt. Voluptatem minima consequuntur quod natus nobis optio illo.','6254727-qxsdjowjevmswmc64hs9'),(380,16,380,108,'54307 Marquardt Brook\nPort Jimmyfort, NV 31890','','Modi et eum culpa in consequatur. Explicabo et aut voluptatibus impedit id ex. Est saepe ea et minima sed.','1476824-qxsdjowjevmswmc64hs9'),(381,19,381,46,'94985 Billie Turnpike Apt. 160\nEast Lazaro, NY 90812','','Error nobis qui temporibus perspiciatis praesentium enim tempore aliquid. Eum optio adipisci distinctio quidem et dolore. Exercitationem doloribus et animi molestiae. Quas adipisci sed aliquid enim blanditiis consequuntur pariatur.','4959156-s1c9vhnkl6261prtlfs5'),(382,10,382,96,'1421 Dickens Burgs Suite 518\nNew Casperport, FL 54246','','Voluptatem sed sunt neque explicabo. In facere illum perspiciatis laborum. Dolorem veritatis et in eaque quaerat.','1968837-fz2s0kpt8wppt74yu21z'),(383,5,383,4,'387 Helen Stream Suite 743\nCamdenhaven, VT 11222-9353','','Nihil quisquam eius praesentium autem aut accusantium. In ut corporis sit dolorum molestias repellendus. Tenetur pariatur suscipit omnis voluptas facilis dolor earum.','5869748-5lvtutyem7lje6sawxzz'),(384,9,384,81,'157 Billie Stravenue\nEast Zelmatown, PA 71629','','Consequatur modi recusandae tempora ipsum. Debitis officiis et possimus omnis explicabo reprehenderit. Non veniam fugiat quam et. Consequuntur deserunt qui illo tempora facilis quos.','6958211-0747yo06o8mryr1ojegy'),(385,2,385,118,'1135 Rice Branch\nLaurieberg, CO 67547','','Eveniet totam et sed non et. Adipisci culpa quia magnam omnis vel voluptas. Corrupti iste sunt dolor dolore. Et laudantium eum ratione ut autem magni necessitatibus quis.','26666666-1m8cirdudfz0235igmoe'),(386,18,386,23,'859 Ethan Streets Apt. 732\nMantetown, AL 14392','','Ut vel saepe accusamus odio totam repudiandae vel. Dolorem suscipit nesciunt et illo. Doloribus vitae et sed. Et recusandae velit voluptatum est quas nobis.','7126474-68tvp56dql53d7z2194f'),(387,19,387,114,'7798 Nikolaus Port\nEast Jermain, SD 09734','','Voluptatem similique odio quaerat ducimus tenetur. Ipsam reprehenderit tenetur iure aspernatur.','4959156-ot1whtsl98azn64prtrp'),(388,20,388,5,'871 Ritchie Inlet Apt. 036\nHillside, WA 74908','','Minus eum dolores nihil illo. Harum harum non voluptatum repellendus dolorem. Numquam et labore voluptas suscipit dolorem quo eius ut. Quidem rem voluptatum dolorem quis consequuntur voluptas cum eaque.','7937606-vb77vf1m0na2r0ivl3li'),(389,2,389,78,'1761 Hartmann Knoll\nMarjolainemouth, AK 39349','','Vero aut qui qui sed. Porro iusto aliquid cupiditate. Sequi libero vel quia et et.','26666666-7v53kcznmtz3otcp98tk'),(390,6,390,7,'6212 Tillman Summit Suite 720\nPort Sonnystad, VA 08974','','A ullam est autem qui libero minus. Consequatur voluptates enim a aut aut cumque non fuga. Quaerat beatae quia sapiente tempore iste aspernatur. Reprehenderit distinctio voluptas a et.','6457014-vttxl194zntsp14rqa87'),(391,14,391,109,'1619 Mozelle Road\nFarrelltown, CO 97918-6589','','Odio id soluta ad et velit consequatur et. Autem vel ut ipsum itaque. Aut laborum sit incidunt dolorum harum repellendus.','5920148-tdkdrql1blx5lijqinya'),(392,12,392,129,'759 Wuckert Springs Apt. 698\nHazelton, CT 50939-2414','','Et enim et quia repellat officia ab. Aperiam vel culpa reiciendis beatae. Sed ut quibusdam magnam in similique.','3283942-03fjpfr9fhzjtyb5nt57'),(393,7,393,71,'436 Julie Walk Apt. 731\nLibbyville, MT 25766-7193','','Quae explicabo ea enim beatae dolorum. Saepe tempore iste qui exercitationem minima ipsa accusamus omnis.','961188-y9h0i74v17dju95hl1ey'),(394,2,394,87,'461 Will Pine\nJaskolskifurt, MI 04538-0054','','Nemo facere sed quia in ut rerum. Facilis officiis maiores aut id. Perferendis quia corporis rerum et nam consequatur sint.','26666666-37pq0luyf4p4rz190y5x'),(395,17,395,106,'84587 Jacquelyn Glens\nSouth Ashley, SC 79869','','Aut dolores assumenda quia omnis ex qui. Commodi incidunt ab delectus ut nulla omnis et. Sapiente labore vitae eveniet ad velit cupiditate voluptas quis. Accusantium sed provident at eius.','2431651-720476ce7kv0xs8cjo6x'),(396,9,396,1,'2065 Predovic Springs\nPort Jaime, HI 89723-1254','','Ut et tenetur qui enim ab eos quia veritatis. Fuga alias quam labore ducimus nesciunt occaecati culpa. Atque eveniet error doloremque sunt dolorem dolorem earum placeat. Voluptas et officia a sint enim dolores. Impedit rerum qui in.','6958211-h2ezk6czllgf0yzpqzzo'),(397,8,397,107,'64370 Haleigh Garden Suite 632\nPort Delilah, NM 62366-3956','','Modi officiis quia esse modi. Iste totam sapiente commodi consectetur aut. Ipsum voluptatibus commodi voluptatum reprehenderit rerum.','8814610-8y151ly2s339jq5rhnt6'),(398,5,398,87,'272 Pasquale Drives Suite 284\nSouth Hazelborough, KS 79061-1468','','Nihil ut non sit adipisci. Nobis quae aut voluptatem quisquam porro facere iure. Maiores repellendus iste id ut aut sunt nobis. Eveniet labore quis est cupiditate non.','5869748-37pq0luyf4p4rz190y5x'),(399,7,399,14,'9869 Cole Estate Apt. 655\nPort Cassiefurt, MS 21013','','Omnis dolor earum in et. Incidunt impedit sit impedit illum quae iste quis consectetur. Explicabo repellendus aliquam illum ipsa.','961188-xfjo8v371aifoh9qajr4'),(400,2,400,112,'64399 Robel Fords\nKeelyhaven, ND 70742','','Hic ex dolorem dolorem eaque eveniet. Ut porro ullam reiciendis ut et voluptates. Aut ut ad beatae fugit accusantium qui dignissimos nulla.','26666666-rffbbpfpv8o8cxps0lmf'),(401,3,401,7,'1269 Zetta Light Suite 930\nNataliaview, NC 87553-0425','','Ipsam hic est neque ducimus. Autem velit adipisci assumenda animi aut.','9342433-vttxl194zntsp14rqa87'),(402,8,402,29,'11234 Dallin Trail Suite 688\nLianafort, MN 44473','','Iusto voluptatibus voluptatem qui quis repellat dolores iusto. Reprehenderit aperiam autem facere non sed. Ratione omnis omnis velit omnis voluptatibus et dolorem voluptate. Omnis porro quia quam sit fugit nulla.','8814610-7fymg2s1wojo5qt4g0xs'),(403,19,403,67,'39281 Nia Crescent\nBreitenbergberg, TX 54263','','Aspernatur labore mollitia error dolor dolor voluptas. Quia dolorem hic sed ducimus dolore hic. Quisquam voluptatem ut voluptate nisi ipsa illo.','4959156-mnj864p63e4z2p95ump4'),(404,11,404,106,'743 Dickinson Lock Apt. 898\nPort Letafurt, UT 15580','','Quis cupiditate inventore minima iste nulla voluptas. Est labore quis et mollitia libero magnam. In non sequi qui illum blanditiis sint incidunt. Voluptatibus vel nostrum veniam asperiores et magni.','7893581-720476ce7kv0xs8cjo6x'),(405,7,405,69,'915 Elisha Port Suite 188\nKshlerinborough, PA 18026','','Omnis magnam dolores laborum et. Minus aut qui alias cupiditate harum. Aspernatur amet nisi quibusdam quo. Qui sunt et numquam est laboriosam quos provident cum.','961188-9sn08fuvf7n3lker92hj'),(406,10,406,99,'285 Bechtelar Skyway Apt. 174\nHailieville, CO 78258-3514','','Id et sed consequatur cupiditate. Cumque hic cupiditate recusandae eos praesentium dolorem rerum. Iste neque sed aspernatur nemo.','1968837-s2isazwmkzh5svvd9591'),(407,8,407,2,'155 Bashirian Walk\nDaughertyville, SC 87796','','Fugiat rem labore doloremque iste qui voluptatem. Non minus qui tenetur sint aliquam. Sed ipsa non corrupti exercitationem quia quae. Perspiciatis incidunt dolor qui.','8814610-2up4esro7pdqtsq97emu'),(408,19,408,104,'4465 Farrell Union Suite 640\nEwellside, KS 55381','','Ad qui at blanditiis aspernatur. Nemo rerum est similique soluta exercitationem numquam. Quia nisi voluptatem molestiae.','4959156-j6sg585yuloq4puwuilx'),(409,10,409,68,'1282 Rahul Ways\nKirabury, ME 59322','','Soluta delectus modi dolores pariatur aut. Cumque odio non nulla sequi. Et id cum voluptas aspernatur numquam consequatur numquam.','1968837-fek1bdbigou8biz0rhr2'),(410,15,410,100,'54319 Gerlach Drive Apt. 708\nPfannerstillfurt, CO 30220-6865','','Explicabo sit sit inventore consectetur rerum repudiandae. Exercitationem porro tenetur nesciunt doloremque adipisci qui. Unde soluta quae laboriosam quidem id ut.','220356-pscyx0bli28mowgy564d'),(411,14,411,51,'293 Marlene Parks Suite 362\nEast Noemi, OH 56282-7356','','Voluptas fugiat eaque ea cumque. Debitis aut quas soluta sed. Magni sunt aut nihil ex qui et. Quidem excepturi dolorem ipsam placeat illo dolor est.','5920148-wagvigkrdss4rrxnry15'),(412,11,412,21,'35930 Agustin Overpass\nMaynardmouth, VA 20626','','Blanditiis doloremque odit porro facilis sed. Ratione soluta nesciunt dolor voluptas.','7893581-rkjolld03rm364c9jwcn'),(413,16,413,7,'2261 Klein Knoll\nGleichnermouth, TX 99571','','Ullam porro omnis autem. Necessitatibus iure quia ducimus velit optio culpa. Omnis vel labore hic vel laboriosam porro.','1476824-vttxl194zntsp14rqa87'),(414,18,414,36,'6794 Eino Falls\nLake Malachi, AK 75281-3967','','Sapiente dolorem laboriosam ipsa enim ab omnis dolores libero. Est perspiciatis debitis dignissimos magni praesentium in. Alias laboriosam a dolorem et odio rerum excepturi animi.','7126474-j1s6jges6a65xohhlvhe'),(415,14,415,62,'896 Kaley Track\nNorth Cooper, MO 49563-2684','','Earum ad rerum veniam eveniet animi assumenda eos. Deleniti dolor aliquam numquam dignissimos ut ea. Ratione veniam ea eum accusamus. Et adipisci occaecati autem.','5920148-sar56tadn1t22nnbf52g'),(416,11,416,24,'94581 Hoppe Lane\nSchillerfurt, MT 33342','','Vitae autem enim quia nostrum accusamus. Temporibus quo quos excepturi et nemo aut. Sunt veniam unde laborum adipisci eum iste. Ad est numquam exercitationem dicta sed porro.','7893581-5970nn5xbe6c72cmojve'),(417,16,417,41,'36390 Zboncak Drive Suite 555\nNathanland, DC 76669-5237','','Inventore est voluptas fuga labore aut illum. Nam tempore non iusto pariatur eveniet. Eos veniam rem qui aut atque omnis accusamus reiciendis.','1476824-zu4kfdyhbxchqz29h8yb'),(418,15,418,46,'26090 Jeromy Inlet\nSouth Haskellside, MD 12641-0789','','Ut animi itaque deleniti ut fugiat itaque qui. Molestias exercitationem saepe quaerat numquam accusantium sint aliquam. Sunt molestiae cupiditate voluptatibus tenetur id molestiae. Ut perferendis et ipsam doloremque.','220356-s1c9vhnkl6261prtlfs5'),(419,10,419,76,'2923 Mathias Rapids Apt. 715\nWest Baylee, CA 10866-6493','','Optio esse sit qui aut. Quibusdam aut alias dolor laborum asperiores. Enim facere autem dicta illo recusandae maiores.','1968837-i6sjr2uc2opgghf8reuw'),(420,17,420,8,'548 Genoveva Curve\nNew Norwood, MI 04931-6083','','Porro nemo ullam quibusdam enim et. Sed ratione ut dignissimos sint ratione nemo. Vel corrupti ut ducimus porro fugit qui dolore sit. Ut explicabo et optio sint ea.','2431651-8je8g18me3xomdd9i7yb'),(421,17,421,71,'21476 Alexie Meadow\nO\'Reillyview, TX 08455-7723','','Rem deleniti nulla sed exercitationem ratione fugiat. Et sit qui numquam. Sunt et est voluptas voluptas. In nostrum blanditiis nihil voluptatem facilis et.','2431651-y9h0i74v17dju95hl1ey'),(422,12,422,73,'6928 Bernier Extension Suite 999\nEast Maudiefort, CO 48321-2251','','Quasi aut sint quia similique dolores nobis ea. Et laudantium rerum nulla beatae asperiores. Aspernatur et velit illum inventore aut. Et non sit vitae illo nam perferendis. Dolorum sit dolorem ut adipisci.','3283942-bzl9coaf53fzamkcdiac'),(423,17,423,49,'73296 Gabriel Hollow\nSouth Devonte, NC 56808-2274','','Quae quia perferendis aliquid officiis ea non doloremque. Esse quas harum voluptas labore sed. Fuga sed id praesentium natus repudiandae rerum expedita. Minus quas molestiae aspernatur quam maxime perspiciatis.','2431651-707gts9vabccm8dy5hzt'),(424,5,424,74,'48922 Denis Groves Apt. 586\nNoemistad, NC 42083','','Quis accusamus dolorem quod accusamus fugiat aut. Accusamus eum culpa quis illum voluptas sapiente. Cum voluptatem qui optio consequatur harum repellat.','5869748-too0a7fle008667v7f0y'),(425,15,425,86,'616 Adrienne Prairie Apt. 361\nBreannahaven, OR 31544','','Voluptatum consectetur earum vel animi est repudiandae. Quaerat soluta vitae dolores eligendi dolores cum at optio. Iste nisi voluptas quia quaerat sint molestiae eius.','220356-905rbtm7jor8dzlbzjfl'),(426,19,426,80,'1140 Trinity Rapids\nPort Kyler, NE 49272-0213','','Sit pariatur sequi eius soluta. Architecto nesciunt earum aut sunt sed deserunt nihil optio. Aut laboriosam quia minus sit. Illum aperiam fugit dolore soluta.','4959156-pld81ttp4afp4h7qb4a6'),(427,11,427,51,'582 Marvin Radial Suite 911\nNorth Darrell, RI 34744-4953','','Non voluptatem quis nihil aperiam blanditiis. Rerum nostrum nobis suscipit qui similique laboriosam. Suscipit dolor quia tempora minima quia.','7893581-wagvigkrdss4rrxnry15'),(428,15,428,22,'87874 Monica Field Apt. 406\nHyattchester, OR 57352','','Odit neque autem velit distinctio consequuntur voluptas aut. Vitae et dolorem quaerat asperiores aut autem facilis odio. Et impedit quia porro enim.','220356-mdlwlrbi2ikqwdlyutkl'),(429,8,429,96,'19041 Thurman Mount\nTurnerstad, WY 51983-6384','','Sit ab eum aperiam ad quis omnis. Vel voluptatibus libero minus consectetur et. Minus quo eveniet facere numquam et nihil deleniti.','8814610-fz2s0kpt8wppt74yu21z'),(430,20,430,51,'18072 Armstrong Courts Apt. 837\nNew Jaclyn, NH 40347-1367','','Et aspernatur sed et. Officiis similique sunt quibusdam nihil. Debitis id ut aliquid in. Esse provident recusandae aliquam nemo.','7937606-wagvigkrdss4rrxnry15'),(431,10,431,122,'26400 Leo Drives\nHaleyburgh, NJ 55524-3988','','Dolor et vero reprehenderit alias ut voluptates ipsum repellat. Praesentium fugiat sed rem sapiente aut voluptatem sed. Occaecati quia sunt rerum hic ut.','1968837-c4r0xmp4syzgclnneqws'),(432,18,432,116,'4030 Kohler Forges\nJaleelmouth, RI 49336','','Nihil voluptatem ut omnis blanditiis totam. In voluptas debitis recusandae magnam cumque animi illo ad. Vel omnis molestiae reprehenderit quas sit. Neque consequuntur similique illo sed quisquam pariatur.','7126474-xj3mamp7v06rk7hvl3d4'),(433,20,433,92,'7934 Flatley Throughway\nQueenmouth, TN 04588-0673','','Ut assumenda quos repellendus natus quis maiores. Et sit culpa ipsum totam numquam adipisci. Vitae delectus autem nihil. Et facere enim quam voluptas doloribus.','7937606-qhmpaora7v8fbzij3yip'),(434,20,434,10,'41006 Harvey Rest Apt. 342\nSouth Myra, TX 88030-9918','','Est adipisci qui dolorem. Aut unde autem excepturi et laboriosam laudantium. Et dicta aliquam quae illum et tenetur. Libero repellat quas et corporis tenetur voluptatibus.','7937606-r9d81pew6cj1qb6cjf1n'),(435,3,435,129,'14321 Boyer Plaza Suite 837\nNew Ezra, NV 63407-3152','','Nihil quis earum autem natus molestias sint. Et atque veritatis possimus sunt excepturi in atque. Voluptatum asperiores veniam non sunt alias dolorem quia et.','9342433-03fjpfr9fhzjtyb5nt57'),(436,12,436,48,'23595 Rodriguez Camp\nNew Yolandamouth, CO 41874-8582','','Dolore rem numquam vel consequatur odio cum esse. Omnis qui magni et in aut. Amet qui pariatur similique distinctio laborum.','3283942-8a5yemsr70qsy5cu03at'),(437,20,437,57,'566 Stanton Centers\nReynoldsmouth, VA 82460','','Asperiores amet sunt qui rerum possimus. Ullam deserunt quae quibusdam eos non. Nesciunt nobis reprehenderit blanditiis ex reiciendis qui quam dolores.','7937606-ptcnxwflunfj50qtrnbz'),(438,5,438,126,'981 Fadel Trail\nNew Leann, AL 75000-0137','','Officia dolorum quia architecto rerum atque. Aut hic sint magnam pariatur fugiat. Et non qui maxime. Voluptatibus facilis molestiae et architecto unde enim.','5869748-wfohtwuhkuqiiyu7hf4f'),(439,3,439,75,'9553 Boehm Shoal Apt. 103\nWest Travis, MA 97840-5252','','Nam officia cumque aut eius architecto amet quibusdam. Tenetur sed corrupti quos necessitatibus eum. Consectetur et et ut perspiciatis. Eum soluta voluptas est.','9342433-9q8obu1bfjqysb8zy3ry'),(440,8,440,98,'4239 Heloise Pines Suite 133\nKshlerinside, AK 94675','','Labore fugit in atque qui. Sunt necessitatibus fugiat amet id quaerat. Maiores nemo soluta architecto dolores ut provident. Maiores in quos sit eos nostrum error. Architecto adipisci vitae earum a velit.','8814610-gwvteylfcse8wl8a1iq7'),(441,16,441,31,'89383 Konopelski Drive\nPort Rhea, IA 15477-0817','','Aut dolore illum autem. Excepturi unde non doloremque sint. Sunt aut sit blanditiis quis ut dolores modi similique. Natus quia aut sed quidem fuga.','1476824-dfl8yo0mmmfh8z6wjt1y'),(442,7,442,59,'377 Kertzmann Coves\nLake Chauncey, AR 39211-9618','','Autem temporibus voluptate sequi dolorum placeat impedit. Dignissimos commodi possimus vero assumenda nostrum officiis deserunt. Beatae dolor delectus illum dolorem ut quia.','961188-t10yqg9ijw4ypy19biw5'),(443,11,443,89,'9504 Cummerata Villages Apt. 954\nBarneyland, VT 07633-4198','','Eveniet tempore eum vero quo sit nobis id. Molestias dolorem sed dolorum voluptatem. Sequi quas quia ullam officiis. Consequatur nihil blanditiis aliquam qui quaerat.','7893581-a63rs130ho6ctgpwdgcq'),(444,17,444,70,'197 Dietrich Course Suite 179\nEarlenestad, IA 15121','','Eos beatae voluptate nihil rerum. Neque sunt est ipsa. Aut suscipit quis cupiditate. Non exercitationem recusandae blanditiis assumenda similique.','2431651-32fftgdvt82ae0iudqhw'),(445,13,445,123,'9890 Heath Corner Suite 204\nSouth Thadtown, OH 62920-2954','','Qui corrupti ea labore natus nemo assumenda. Dolorem qui labore enim. Ducimus officia sint praesentium consequatur minima ipsam vero. Et facilis assumenda tenetur ipsa. Amet suscipit rerum deleniti quia et aliquam doloremque.','6254727-d5k62stbtag7fdwhaa4x'),(446,12,446,45,'680 Rodger Shoal\nKrajcikmouth, NY 13084-7920','','Totam omnis distinctio animi. Amet et nihil nemo eveniet error sint omnis.','3283942-yvo8xgmvowqoegcl5idy'),(447,19,447,91,'388 Hermiston Rue Apt. 151\nPort Kayleemouth, HI 75695-1965','','Sit saepe quos expedita. Eum quisquam enim sit. Architecto consequatur vel qui qui esse quae molestiae. Soluta est est sed iure esse.','4959156-ick6wr7qt1ccq78r5tk0'),(448,14,448,56,'954 Eichmann Isle Suite 201\nNorth Aliceland, KY 39334','','Quae aut sed voluptatum. Iste voluptatem suscipit dolorem rem voluptas omnis. Alias ad dolor est cupiditate est corporis harum. Saepe id quaerat dicta et qui.','5920148-aip5n6gm0tyo44jpg9d3'),(449,19,449,30,'53294 Kunze Vista Apt. 561\nNorth Nataliehaven, MI 18939','','Fugit ut distinctio ea autem ea alias. Asperiores dolorem mollitia unde nihil totam sed eum. Tenetur aperiam quasi maxime distinctio corrupti.','4959156-79ug0x4rozw9n5u7jct5'),(450,14,450,126,'421 Hamill Plain Suite 992\nKeelytown, NJ 47118-7754','','Id laborum et saepe dignissimos temporibus labore. Animi voluptatem nihil reiciendis eos aut doloremque. Adipisci nulla accusantium occaecati tempora et voluptatem et blanditiis. Delectus ea eligendi hic nostrum.','5920148-wfohtwuhkuqiiyu7hf4f'),(451,12,451,127,'9444 Green Creek Apt. 199\nAdamsmouth, RI 50375-9936','','Perspiciatis explicabo ab voluptatibus totam repellendus porro et voluptas. Earum voluptatem aut consectetur eligendi blanditiis temporibus totam. Aut alias doloribus voluptatibus mollitia corrupti.','3283942-5po0k499jqfezx0u2m81'),(452,13,452,51,'401 Pfeffer Spring\nNorth Jessyca, VA 41599-2642','','Id animi tempora rerum atque ipsam quia est eligendi. Consectetur quia aspernatur et impedit. Quia laboriosam quaerat perspiciatis et a quis. Distinctio beatae est qui ipsum et.','6254727-wagvigkrdss4rrxnry15'),(453,15,453,24,'334 Fay Burgs\nRogeliochester, KS 65127-2076','','Et ea dicta voluptatem. Quo non animi fugiat rem in nisi ut provident. Accusamus odio rerum repellat numquam.','220356-5970nn5xbe6c72cmojve'),(454,6,454,61,'3342 Farrell Camp\nPort Josestad, NC 66431','','Est dolores nihil ea fugiat reprehenderit. Doloremque deserunt corrupti et id velit. Ut sed eum magnam necessitatibus aut quis sit exercitationem.','6457014-ifls7zxc5huxf9awbrry'),(455,2,455,11,'5304 Franecki Garden Suite 280\nColebury, OR 66776','','Voluptatem eaque dolores iusto sunt qui doloremque voluptatibus. In aut omnis id asperiores ut et et. Qui aliquam aspernatur aut nihil qui itaque dolores recusandae.','26666666-kpfbhpz4234mrphvsq9p'),(456,14,456,16,'1076 Rippin Grove Apt. 778\nLailastad, OR 69151','','Similique fuga vitae illo amet quo. Repellat iure voluptatem odit ab placeat vel. Voluptatem laudantium ex aut iste repellat tempore.','5920148-jtwjjyavsz70pzqoxhk4'),(457,12,457,17,'308 Oberbrunner Lane Suite 072\nLake Brandy, HI 18479','','Omnis beatae est aperiam fuga. Alias ex qui delectus impedit minus error porro. Corrupti quidem iste incidunt qui. Consequatur repudiandae veritatis ipsa consectetur vel exercitationem reiciendis.','3283942-vwsbc8r36tryjio0p9yd'),(458,20,458,30,'948 Erdman Ford Suite 507\nKihnside, IA 46954','','Dicta et et quibusdam. Eius quo iusto dolorum occaecati. Quos est delectus id explicabo.','7937606-79ug0x4rozw9n5u7jct5'),(459,2,459,63,'67171 Keely Trafficway\nWest Emmaborough, LA 39551','','Rerum quod quas voluptas ut natus non modi minima. Cumque minus vel sunt. Ex velit suscipit dolor vero incidunt possimus dolores rem. In reprehenderit cum ab suscipit saepe adipisci ut quaerat.','26666666-4gb1knsoszroeicgzgjt'),(460,11,460,122,'508 Hobart Via Suite 613\nSouth Margarettaland, AR 14563-6478','','Non voluptatem laudantium perferendis ullam ipsum. Aut consequatur suscipit vel consequatur ut. Odio molestiae sunt nisi alias dicta cupiditate quo.','7893581-c4r0xmp4syzgclnneqws'),(461,17,461,119,'375 Vernie Station\nCasandrafort, AL 63760-9717','','Optio aut ab vitae eos. Cumque aut sed blanditiis voluptatem reprehenderit. Nihil et reiciendis repudiandae earum in.','2431651-ae6iqp62ihj24fbwarrt'),(462,18,462,50,'9805 Glover Forges\nPort Frederic, WI 29955','','Et facere maiores quidem. Laboriosam sed harum omnis. Aliquam est nulla accusantium sapiente explicabo.','7126474-ilz89b1v8e8bn6dfdloc'),(463,7,463,93,'893 Ezekiel Trafficway\nOrtiztown, TN 42425','','Fuga magni officiis perspiciatis esse sunt consequatur eos. Tenetur voluptates repellendus voluptatem ad minus qui est laborum. Velit est aliquam iure.','961188-vww3oiey0wjfdcbyoyd6'),(464,20,464,85,'850 Dejon Mission\nCindyfurt, OH 50079-0445','','Qui ratione occaecati velit commodi sint. Alias consequatur quos ab non placeat veniam est qui. Rem dolorem vel cumque.','7937606-5v0p4hbwmuyz4nwi2svx'),(465,20,465,49,'64719 Harris Canyon Suite 668\nLueilwitzchester, NH 31253','','Facilis est ducimus qui tempora. Eum sit ipsum debitis molestias placeat fuga. Quae repudiandae autem unde ullam deleniti. Et officia commodi inventore doloribus illo et.','7937606-707gts9vabccm8dy5hzt'),(466,4,466,83,'12663 Kiera Point Suite 077\nLake Roderick, ND 67455','','Non voluptates minima consequatur quas rerum recusandae. Dolores ut eligendi sint. Eveniet exercitationem voluptates similique ea maiores consequatur fugiat. Quis quis ut fugit cum debitis illo. Mollitia vel illum quis aut aut eaque explicabo.','9359532-26sl2pour8n7mc7xqwee'),(467,7,467,120,'6000 Lueilwitz Causeway Apt. 617\nPort Phoebe, LA 66796-1741','','Dolorem eligendi eum temporibus est sit et. Est nobis doloribus tempore et iste minima fugiat. Nemo reiciendis eum ea dolore.','961188-kvqn00w27alxxqgx25tq'),(468,4,468,11,'855 Jeanne Squares\nJammieshire, CA 84719-1201','','Aspernatur reprehenderit minus dolor ut dolor numquam doloremque. Recusandae in suscipit unde et id provident saepe. Rerum ut voluptatem pariatur reiciendis quaerat. Quis perspiciatis sint laborum aut consequatur fugit.','9359532-kpfbhpz4234mrphvsq9p'),(469,18,469,4,'3612 Lauren Bypass Apt. 690\nClareville, SC 22791','','Deserunt optio aut ut molestiae. Quia fuga necessitatibus qui est velit. Aperiam provident porro totam qui sint.','7126474-5lvtutyem7lje6sawxzz'),(470,3,470,57,'79808 Toy Parkways\nWest Tomasaport, AZ 28650','','Recusandae veritatis ab quidem consequatur quis provident consectetur pariatur. Necessitatibus reiciendis aperiam corrupti quisquam explicabo. Aut vero ut debitis dolor quia voluptate. Aut libero eius quis et repellat et.','9342433-ptcnxwflunfj50qtrnbz'),(471,10,471,93,'13237 Cassin Pike Apt. 507\nNew Arielleport, KY 56287','','Qui enim at quasi voluptatem ut. Quaerat harum itaque quidem hic possimus quod omnis officia. Aut voluptatem fuga sapiente tempore quod.','1968837-vww3oiey0wjfdcbyoyd6'),(472,11,472,74,'4915 Gordon Hills\nWest Celineburgh, SC 06626-7940','','Repudiandae consequatur temporibus et qui sed quasi quia iste. Voluptatem ut illo aperiam vel maiores. Vero et aperiam debitis et ad qui quo.','7893581-too0a7fle008667v7f0y'),(473,4,473,36,'364 Chelsea Junctions Apt. 235\nNorth Dortha, MS 49410','','Qui accusamus temporibus qui impedit iusto temporibus. Quis ut ad et delectus ea. Omnis repudiandae dolorem rem provident consequatur vitae eveniet.','9359532-j1s6jges6a65xohhlvhe'),(474,8,474,12,'5988 Gutmann Neck\nClementinaburgh, ND 22612','','Ut saepe ad in quasi eligendi tempora debitis. Saepe ea odio autem architecto. Ipsa ducimus beatae nostrum officia ut asperiores rem. Quis sed suscipit porro sit inventore.','8814610-z8aqthdkrnfgunr7wsv8'),(475,6,475,31,'9419 Mitchell Freeway\nSouth Berthaland, FL 97378','','Animi reiciendis omnis reiciendis delectus rerum blanditiis eos sint. Inventore aut voluptates qui id molestiae eos.','6457014-dfl8yo0mmmfh8z6wjt1y'),(476,14,476,63,'326 Kutch Course\nEdmundfurt, IN 68435-3915','','Est voluptatibus voluptate nobis saepe. Culpa possimus quaerat atque soluta. Similique assumenda quia eaque autem dolorem.','5920148-4gb1knsoszroeicgzgjt'),(477,17,477,53,'29388 Schuppe Center Suite 556\nStromanstad, NH 00908','','Quam labore amet alias inventore dolorum consequuntur perferendis nesciunt. Officiis fuga non animi libero dicta velit nisi. Non recusandae ipsum est sint fuga sint. Adipisci sunt atque et reiciendis quod fugit velit ut.','2431651-de8btw7o3el8n4ofpdck'),(478,18,478,120,'844 Filomena Mall Apt. 579\nNew Lenny, KY 97670','','Est aut libero sunt. Ea animi aut eum occaecati quas sunt sit. Voluptatem voluptatum dolorem id nihil. Voluptas consequuntur id voluptas et consequatur.','7126474-kvqn00w27alxxqgx25tq'),(479,5,479,124,'72339 Yundt Walk Suite 156\nEleonoremouth, ND 61290-0710','','Mollitia ab voluptatem enim ipsam ipsa. Alias magnam dolores consectetur sed. Dolores repellat voluptas nesciunt sit mollitia dolor quo. Magni qui quo harum iure. Est vero sunt minus nihil ut aspernatur.','5869748-he5jma4stkhcgae7nrw9'),(480,12,480,3,'7459 Erika Drive\nAltenwerthville, MN 88692','','Odio quaerat aut adipisci veniam facere. Et et est est quas voluptatem. Numquam nulla ex magni nesciunt omnis.','3283942-2r4ayuufhg0a71mh6lql'),(481,4,481,69,'481 Kaya Via Suite 847\nStefanieburgh, FL 63608-2351','','Est quia minus non laboriosam nesciunt temporibus. Eveniet ad aperiam ex in qui consequatur dignissimos non. Dolorem voluptas minima aperiam quam. Ut magni sit id nulla.','9359532-9sn08fuvf7n3lker92hj'),(482,20,482,127,'640 Reymundo Shores Apt. 549\nEast Keeganborough, ND 24446','','Qui cupiditate alias quae quibusdam aperiam asperiores. Aut enim qui velit unde id. Qui quia esse et.','7937606-5po0k499jqfezx0u2m81'),(483,16,483,11,'60434 Hyatt Coves\nPort Garryside, ME 76897','','Qui qui eveniet rerum et saepe. Adipisci omnis numquam tenetur culpa iure quaerat. Natus aut nemo ab tempora voluptas quia et. Beatae ut vero officia quia eum non.','1476824-kpfbhpz4234mrphvsq9p'),(484,14,484,26,'981 Ben Stravenue\nNew Arlo, MA 30481-0844','','Similique quo beatae sed provident rerum cupiditate. Assumenda cum ullam sint et quisquam. Laborum illo recusandae nemo esse ex adipisci aut.','5920148-hmpxbhvp7y1r3rme9spw'),(485,16,485,86,'24113 David Inlet Apt. 551\nWest Jasonbury, MA 70196-0449','','Repellendus quidem nostrum sed assumenda cum. Fugit nulla quaerat ipsum quos pariatur cupiditate doloremque facere. Voluptatum eligendi ipsum similique perferendis. Accusamus accusantium voluptatem enim ut vel debitis voluptatem.','1476824-905rbtm7jor8dzlbzjfl'),(486,5,486,34,'91292 Florida Tunnel\nWest Reedburgh, MA 50815-1774','','Enim et aut fugit eos omnis. Officiis doloribus ut placeat deserunt voluptas reiciendis est. Neque esse sed qui molestiae odit non. Nobis et qui labore ut.','5869748-xvbheglg565e67x1u3ok'),(487,3,487,17,'6828 Hobart Parkways Suite 870\nBessiestad, CA 87859','','Et nobis dignissimos quae minima ut adipisci aliquid. Ratione iusto consectetur debitis. Quaerat facilis minima nobis doloribus accusantium dignissimos fuga. Quod ut cum quibusdam sint est earum.','9342433-vwsbc8r36tryjio0p9yd'),(488,10,488,82,'7275 Adams Road Apt. 771\nEinomouth, LA 48696','','Dolores minus harum dolores at neque in ad aut. Et sit vitae maiores ea eos. Nobis rerum aspernatur laudantium necessitatibus necessitatibus totam quia quas.','1968837-8ow64jjdxfg6a9fdms92'),(489,16,489,94,'797 Davis Spur\nLake Florencioberg, WI 62046','','Et non deleniti consequuntur qui qui fuga voluptates quo. Aut et ex harum perspiciatis consequatur voluptas aperiam. Reiciendis quia ut non quis aut. Vel aperiam eum beatae nam vel qui provident ipsam.','1476824-cnrmqfneo0pfv0t0tqus'),(490,6,490,129,'397 Boehm Pass Apt. 666\nWest Jordyland, KS 89725','','Quaerat tempore delectus laborum dolores nemo quam nam. Dignissimos tempora ea laborum ut vel. Fugiat in perferendis temporibus soluta. Autem ut aliquid distinctio ratione natus ullam.','6457014-03fjpfr9fhzjtyb5nt57'),(491,5,491,104,'853 Baumbach Corner\nNorth Amoschester, SD 26456','','Amet at qui nulla quaerat voluptatibus qui. Aut occaecati et error dignissimos suscipit aut. Veniam eum non nulla ex accusamus et.','5869748-j6sg585yuloq4puwuilx'),(492,11,492,114,'40092 Mann Springs Apt. 308\nLake Jaquanton, IA 49333-9903','','Et aut ea nisi laborum accusamus excepturi. Architecto dolorem ipsam iste quis suscipit quod. Beatae sit et eius dolore perspiciatis.','7893581-ot1whtsl98azn64prtrp'),(493,14,493,120,'3341 Koss Shoals Apt. 764\nWest Martine, FL 00611-4765','','Dicta quae necessitatibus doloribus ad non quidem aspernatur. Voluptatem odit et accusamus. Laudantium libero quis est. Corrupti vero assumenda incidunt ut in aspernatur et et.','5920148-kvqn00w27alxxqgx25tq'),(494,17,494,35,'3858 Grant View Apt. 229\nSouth Mayeside, MS 43246','','Voluptatem dolores repudiandae id vel voluptate. Veniam natus cupiditate magnam animi quae. Non provident magnam ullam quis expedita eos consequatur.','2431651-cglddn006pt7ldspbacv'),(495,14,495,101,'694 Gwen Ranch Apt. 384\nLake Jairoshire, HI 19909','','Nam nobis et accusamus temporibus voluptas. Repellendus magnam sit consequatur eaque delectus aliquid et.','5920148-agntdxs8la383vcvw5re'),(496,2,496,114,'1490 Stanton Glen\nRempelburgh, NM 22866','','Aut recusandae est deleniti. Aut qui consectetur asperiores amet. Eveniet a nulla quo.','26666666-ot1whtsl98azn64prtrp'),(497,5,497,78,'19439 Crooks Tunnel Suite 101\nLake Everett, MD 15398-5586','','Illum omnis veniam omnis earum dignissimos odit magnam. Non praesentium deserunt adipisci possimus ut provident corrupti.','5869748-7v53kcznmtz3otcp98tk'),(498,4,498,35,'9962 Kailey Locks\nClementinachester, AK 79059-1245','','Est eligendi nihil eos quae veritatis quisquam dolores. Quisquam a expedita necessitatibus hic ducimus.','9359532-cglddn006pt7ldspbacv'),(499,12,499,71,'8621 McGlynn Field Apt. 944\nLake Damarisport, CA 76994-7254','','Dolor repellendus aliquam laboriosam sunt. Aliquam quod aut consequatur deserunt cupiditate et delectus. Illum occaecati architecto sit velit. Consectetur et esse necessitatibus in qui modi pariatur.','3283942-y9h0i74v17dju95hl1ey'),(500,20,500,21,'103 Filiberto Parkway\nWest Hiltonfort, AL 53526','','Aut sit minus commodi nobis atque et. Occaecati sit possimus voluptatum ab accusantium unde. Laboriosam quisquam et perferendis atque necessitatibus consequatur porro est. Voluptate et dolorem sed culpa recusandae.','7937606-rkjolld03rm364c9jwcn');
/*!40000 ALTER TABLE `visitors` ENABLE KEYS */;
UNLOCK TABLES;
DROP TABLE IF EXISTS `zones`;
/*!40101 SET @saved_cs_client     = @@character_set_client */;
/*!40101 SET character_set_client = utf8 */;
CREATE TABLE `zones` (
  `id` bigint(20) unsigned NOT NULL AUTO_INCREMENT,
  `zone` varchar(255) COLLATE utf8mb4_unicode_ci NOT NULL,
  PRIMARY KEY (`id`)
) ENGINE=InnoDB AUTO_INCREMENT=7 DEFAULT CHARSET=utf8mb4 COLLATE=utf8mb4_unicode_ci;
/*!40101 SET character_set_client = @saved_cs_client */;

LOCK TABLES `zones` WRITE;
/*!40000 ALTER TABLE `zones` DISABLE KEYS */;
INSERT INTO `zones` VALUES (1,'ZONA 1'),(2,'ZONA 2'),(3,'ZONA A'),(4,'ZONA B'),(5,'ZONA C'),(6,'DESPACHO');
/*!40000 ALTER TABLE `zones` ENABLE KEYS */;
UNLOCK TABLES;
/*!40103 SET TIME_ZONE=@OLD_TIME_ZONE */;

/*!40101 SET SQL_MODE=@OLD_SQL_MODE */;
/*!40014 SET FOREIGN_KEY_CHECKS=@OLD_FOREIGN_KEY_CHECKS */;
/*!40014 SET UNIQUE_CHECKS=@OLD_UNIQUE_CHECKS */;
/*!40101 SET CHARACTER_SET_CLIENT=@OLD_CHARACTER_SET_CLIENT */;
/*!40101 SET CHARACTER_SET_RESULTS=@OLD_CHARACTER_SET_RESULTS */;
/*!40101 SET COLLATION_CONNECTION=@OLD_COLLATION_CONNECTION */;
/*!40111 SET SQL_NOTES=@OLD_SQL_NOTES */;

